// Generated shader bundle (yup_SceneBackgroundShader.ysl) - do not edit by hand.
// Regenerate with the command at the top of yup_SceneRenderer.cpp.
  0x52, 0x49, 0x46, 0x46, 0x88, 0x9e, 0x00, 0x00, 0x59, 0x53, 0x4c, 0x42,
  0x56, 0x45, 0x52, 0x53, 0x04, 0x00, 0x00, 0x00, 0x02, 0x00, 0x00, 0x00,
  0x4c, 0x49, 0x53, 0x54, 0x70, 0x9e, 0x00, 0x00, 0x53, 0x48, 0x41, 0x44,
  0x53, 0x48, 0x44, 0x52, 0x08, 0x35, 0x00, 0x00, 0x00, 0x00, 0x00, 0x00,
  0x00, 0x00, 0x00, 0x00, 0x53, 0x50, 0x56, 0x42, 0x00, 0x00, 0x00, 0x00,
  0x4c, 0x49, 0x53, 0x54, 0xf0, 0x34, 0x00, 0x00, 0x56, 0x41, 0x52, 0x53,
  0x56, 0x41, 0x52, 0x54, 0xb7, 0x09, 0x00, 0x00, 0x00, 0x00, 0x00, 0x00,
  0x04, 0x00, 0x00, 0x00, 0x6d, 0x61, 0x69, 0x6e, 0x11, 0x01, 0x00, 0x00,
  0x23, 0x76, 0x65, 0x72, 0x73, 0x69, 0x6f, 0x6e, 0x20, 0x34, 0x35, 0x30,
  0x0a, 0x0a, 0x6c, 0x61, 0x79, 0x6f, 0x75, 0x74, 0x28, 0x6c, 0x6f, 0x63,
  0x61, 0x74, 0x69, 0x6f, 0x6e, 0x20, 0x3d, 0x20, 0x30, 0x29, 0x20, 0x6f,
  0x75, 0x74, 0x20, 0x76, 0x65, 0x63, 0x32, 0x20, 0x76, 0x5f, 0x63, 0x6c,
  0x69, 0x70, 0x3b, 0x0a, 0x0a, 0x76, 0x6f, 0x69, 0x64, 0x20, 0x6d, 0x61,
  0x69, 0x6e, 0x28, 0x29, 0x0a, 0x7b, 0x0a, 0x20, 0x20, 0x20, 0x20, 0x76,
  0x65, 0x63, 0x32, 0x20, 0x70, 0x6f, 0x73, 0x69, 0x74, 0x69, 0x6f, 0x6e,
  0x20, 0x3d, 0x20, 0x76, 0x65, 0x63, 0x32, 0x28, 0x66, 0x6c, 0x6f, 0x61,
  0x74, 0x28, 0x28, 0x67, 0x6c, 0x5f, 0x56, 0x65, 0x72, 0x74, 0x65, 0x78,
  0x49, 0x44, 0x20, 0x26, 0x20, 0x31, 0x29, 0x20, 0x3c, 0x3c, 0x20, 0x32,
  0x29, 0x20, 0x2d, 0x20, 0x31, 0x2e, 0x30, 0x2c, 0x20, 0x66, 0x6c, 0x6f,
  0x61, 0x74, 0x28, 0x28, 0x67, 0x6c, 0x5f, 0x56, 0x65, 0x72, 0x74, 0x65,
  0x78, 0x49, 0x44, 0x20, 0x26, 0x20, 0x32, 0x29, 0x20, 0x3c, 0x3c, 0x20,
  0x31, 0x29, 0x20, 0x2d, 0x20, 0x31, 0x2e, 0x30, 0x29, 0x3b, 0x0a, 0x20,
  0x20, 0x20, 0x20, 0x76, 0x5f, 0x63, 0x6c, 0x69, 0x70, 0x20, 0x3d, 0x20,
  0x70, 0x6f, 0x73, 0x69, 0x74, 0x69, 0x6f, 0x6e, 0x3b, 0x0a, 0x20, 0x20,
  0x20, 0x20, 0x67, 0x6c, 0x5f, 0x50, 0x6f, 0x73, 0x69, 0x74, 0x69, 0x6f,
  0x6e, 0x20, 0x3d, 0x20, 0x76, 0x65, 0x63, 0x34, 0x28, 0x70, 0x6f, 0x73,
  0x69, 0x74, 0x69, 0x6f, 0x6e, 0x2c, 0x20, 0x30, 0x2e, 0x35, 0x2c, 0x20,
  0x31, 0x2e, 0x30, 0x29, 0x3b, 0x0a, 0x20, 0x20, 0x20, 0x20, 0x67, 0x6c,
  0x5f, 0x50, 0x6f, 0x73, 0x69, 0x74, 0x69, 0x6f, 0x6e, 0x2e, 0x79, 0x20,
  0x3d, 0x20, 0x2d, 0x67, 0x6c, 0x5f, 0x50, 0x6f, 0x73, 0x69, 0x74, 0x69,
  0x6f, 0x6e, 0x2e, 0x79, 0x3b, 0x0a, 0x7d, 0x0a, 0x0a, 0x49, 0x53, 0x52,
  0x43, 0x92, 0x04, 0x00, 0x00, 0x2f, 0x2a, 0x0a, 0x20, 0x20, 0x3d, 0x3d,
  0x3d, 0x3d, 0x3d, 0x3d, 0x3d, 0x3d, 0x3d, 0x3d, 0x3d, 0x3d, 0x3d, 0x3d,
  0x3d, 0x3d, 0x3d, 0x3d, 0x3d, 0x3d, 0x3d, 0x3d, 0x3d, 0x3d, 0x3d, 0x3d,
  0x3d, 0x3d, 0x3d, 0x3d, 0x3d, 0x3d, 0x3d, 0x3d, 0x3d, 0x3d, 0x3d, 0x3d,
  0x3d, 0x3d, 0x3d, 0x3d, 0x3d, 0x3d, 0x3d, 0x3d, 0x3d, 0x3d, 0x3d, 0x3d,
  0x3d, 0x3d, 0x3d, 0x3d, 0x3d, 0x3d, 0x3d, 0x3d, 0x3d, 0x3d, 0x3d, 0x3d,
  0x3d, 0x3d, 0x3d, 0x3d, 0x3d, 0x3d, 0x3d, 0x3d, 0x3d, 0x3d, 0x3d, 0x3d,
  0x3d, 0x3d, 0x3d, 0x3d, 0x0a, 0x0a, 0x20, 0x20, 0x20, 0x54, 0x68, 0x69,
  0x73, 0x20, 0x66, 0x69, 0x6c, 0x65, 0x20, 0x69, 0x73, 0x20, 0x70, 0x61,
  0x72, 0x74, 0x20, 0x6f, 0x66, 0x20, 0x74, 0x68, 0x65, 0x20, 0x59, 0x55,
  0x50, 0x20, 0x6c, 0x69, 0x62, 0x72, 0x61, 0x72, 0x79, 0x2e, 0x0a, 0x20,
  0x20, 0x20, 0x43, 0x6f, 0x70, 0x79, 0x72, 0x69, 0x67, 0x68, 0x74, 0x20,
  0x28, 0x63, 0x29, 0x20, 0x32, 0x30, 0x32, 0x36, 0x20, 0x2d, 0x20, 0x6b,
  0x75, 0x6e, 0x69, 0x74, 0x6f, 0x6b, 0x69, 0x40, 0x67, 0x6d, 0x61, 0x69,
  0x6c, 0x2e, 0x63, 0x6f, 0x6d, 0x0a, 0x0a, 0x20, 0x20, 0x20, 0x59, 0x55,
  0x50, 0x20, 0x69, 0x73, 0x20, 0x61, 0x6e, 0x20, 0x6f, 0x70, 0x65, 0x6e,
  0x20, 0x73, 0x6f, 0x75, 0x72, 0x63, 0x65, 0x20, 0x6c, 0x69, 0x62, 0x72,
  0x61, 0x72, 0x79, 0x20, 0x73, 0x75, 0x62, 0x6a, 0x65, 0x63, 0x74, 0x20,
  0x74, 0x6f, 0x20, 0x6f, 0x70, 0x65, 0x6e, 0x2d, 0x73, 0x6f, 0x75, 0x72,
  0x63, 0x65, 0x20, 0x6c, 0x69, 0x63, 0x65, 0x6e, 0x73, 0x69, 0x6e, 0x67,
  0x2e, 0x0a, 0x0a, 0x20, 0x20, 0x20, 0x54, 0x68, 0x65, 0x20, 0x63, 0x6f,
  0x64, 0x65, 0x20, 0x69, 0x6e, 0x63, 0x6c, 0x75, 0x64, 0x65, 0x64, 0x20,
  0x69, 0x6e, 0x20, 0x74, 0x68, 0x69, 0x73, 0x20, 0x66, 0x69, 0x6c, 0x65,
  0x20, 0x69, 0x73, 0x20, 0x70, 0x72, 0x6f, 0x76, 0x69, 0x64, 0x65, 0x64,
  0x20, 0x75, 0x6e, 0x64, 0x65, 0x72, 0x20, 0x74, 0x68, 0x65, 0x20, 0x74,
  0x65, 0x72, 0x6d, 0x73, 0x20, 0x6f, 0x66, 0x20, 0x74, 0x68, 0x65, 0x20,
  0x49, 0x53, 0x43, 0x20, 0x6c, 0x69, 0x63, 0x65, 0x6e, 0x73, 0x65, 0x0a,
  0x20, 0x20, 0x20, 0x68, 0x74, 0x74, 0x70, 0x3a, 0x2f, 0x2f, 0x77, 0x77,
  0x77, 0x2e, 0x69, 0x73, 0x63, 0x2e, 0x6f, 0x72, 0x67, 0x2f, 0x64, 0x6f,
  0x77, 0x6e, 0x6c, 0x6f, 0x61, 0x64, 0x73, 0x2f, 0x73, 0x6f, 0x66, 0x74,
  0x77, 0x61, 0x72, 0x65, 0x2d, 0x73, 0x75, 0x70, 0x70, 0x6f, 0x72, 0x74,
  0x2d, 0x70, 0x6f, 0x6c, 0x69, 0x63, 0x79, 0x2f, 0x69, 0x73, 0x63, 0x2d,
  0x6c, 0x69, 0x63, 0x65, 0x6e, 0x73, 0x65, 0x2e, 0x20, 0x50, 0x65, 0x72,
  0x6d, 0x69, 0x73, 0x73, 0x69, 0x6f, 0x6e, 0x0a, 0x20, 0x20, 0x20, 0x74,
  0x6f, 0x20, 0x75, 0x73, 0x65, 0x2c, 0x20, 0x63, 0x6f, 0x70, 0x79, 0x2c,
  0x20, 0x6d, 0x6f, 0x64, 0x69, 0x66, 0x79, 0x2c, 0x20, 0x61, 0x6e, 0x64,
  0x2f, 0x6f, 0x72, 0x20, 0x64, 0x69, 0x73, 0x74, 0x72, 0x69, 0x62, 0x75,
  0x74, 0x65, 0x20, 0x74, 0x68, 0x69, 0x73, 0x20, 0x73, 0x6f, 0x66, 0x74,
  0x77, 0x61, 0x72, 0x65, 0x20, 0x66, 0x6f, 0x72, 0x20, 0x61, 0x6e, 0x79,
  0x20, 0x70, 0x75, 0x72, 0x70, 0x6f, 0x73, 0x65, 0x20, 0x77, 0x69, 0x74,
  0x68, 0x20, 0x6f, 0x72, 0x0a, 0x20, 0x20, 0x20, 0x77, 0x69, 0x74, 0x68,
  0x6f, 0x75, 0x74, 0x20, 0x66, 0x65, 0x65, 0x20, 0x69, 0x73, 0x20, 0x68,
  0x65, 0x72, 0x65, 0x62, 0x79, 0x20, 0x67, 0x72, 0x61, 0x6e, 0x74, 0x65,
  0x64, 0x20, 0x70, 0x72, 0x6f, 0x76, 0x69, 0x64, 0x65, 0x64, 0x20, 0x74,
  0x68, 0x61, 0x74, 0x20, 0x74, 0x68, 0x65, 0x20, 0x61, 0x62, 0x6f, 0x76,
  0x65, 0x20, 0x63, 0x6f, 0x70, 0x79, 0x72, 0x69, 0x67, 0x68, 0x74, 0x20,
  0x6e, 0x6f, 0x74, 0x69, 0x63, 0x65, 0x20, 0x61, 0x6e, 0x64, 0x0a, 0x20,
  0x20, 0x20, 0x74, 0x68, 0x69, 0x73, 0x20, 0x70, 0x65, 0x72, 0x6d, 0x69,
  0x73, 0x73, 0x69, 0x6f, 0x6e, 0x20, 0x6e, 0x6f, 0x74, 0x69, 0x63, 0x65,
  0x20, 0x61, 0x70, 0x70, 0x65, 0x61, 0x72, 0x20, 0x69, 0x6e, 0x20, 0x61,
  0x6c, 0x6c, 0x20, 0x63, 0x6f, 0x70, 0x69, 0x65, 0x73, 0x2e, 0x0a, 0x0a,
  0x20, 0x20, 0x20, 0x59, 0x55, 0x50, 0x20, 0x49, 0x53, 0x20, 0x50, 0x52,
  0x4f, 0x56, 0x49, 0x44, 0x45, 0x44, 0x20, 0x22, 0x41, 0x53, 0x20, 0x49,
  0x53, 0x22, 0x20, 0x57, 0x49, 0x54, 0x48, 0x4f, 0x55, 0x54, 0x20, 0x41,
  0x4e, 0x59, 0x20, 0x57, 0x41, 0x52, 0x52, 0x41, 0x4e, 0x54, 0x59, 0x2c,
  0x20, 0x41, 0x4e, 0x44, 0x20, 0x41, 0x4c, 0x4c, 0x20, 0x57, 0x41, 0x52,
  0x52, 0x41, 0x4e, 0x54, 0x49, 0x45, 0x53, 0x2c, 0x20, 0x57, 0x48, 0x45,
  0x54, 0x48, 0x45, 0x52, 0x0a, 0x20, 0x20, 0x20, 0x45, 0x58, 0x50, 0x52,
  0x45, 0x53, 0x53, 0x45, 0x44, 0x20, 0x4f, 0x52, 0x20, 0x49, 0x4d, 0x50,
  0x4c, 0x49, 0x45, 0x44, 0x2c, 0x20, 0x49, 0x4e, 0x43, 0x4c, 0x55, 0x44,
  0x49, 0x4e, 0x47, 0x20, 0x4d, 0x45, 0x52, 0x43, 0x48, 0x41, 0x4e, 0x54,
  0x41, 0x42, 0x49, 0x4c, 0x49, 0x54, 0x59, 0x20, 0x41, 0x4e, 0x44, 0x20,
  0x46, 0x49, 0x54, 0x4e, 0x45, 0x53, 0x53, 0x20, 0x46, 0x4f, 0x52, 0x20,
  0x50, 0x55, 0x52, 0x50, 0x4f, 0x53, 0x45, 0x2c, 0x20, 0x41, 0x52, 0x45,
  0x0a, 0x20, 0x20, 0x20, 0x44, 0x49, 0x53, 0x43, 0x4c, 0x41, 0x49, 0x4d,
  0x45, 0x44, 0x2e, 0x0a, 0x0a, 0x20, 0x20, 0x3d, 0x3d, 0x3d, 0x3d, 0x3d,
  0x3d, 0x3d, 0x3d, 0x3d, 0x3d, 0x3d, 0x3d, 0x3d, 0x3d, 0x3d, 0x3d, 0x3d,
  0x3d, 0x3d, 0x3d, 0x3d, 0x3d, 0x3d, 0x3d, 0x3d, 0x3d, 0x3d, 0x3d, 0x3d,
  0x3d, 0x3d, 0x3d, 0x3d, 0x3d, 0x3d, 0x3d, 0x3d, 0x3d, 0x3d, 0x3d, 0x3d,
  0x3d, 0x3d, 0x3d, 0x3d, 0x3d, 0x3d, 0x3d, 0x3d, 0x3d, 0x3d, 0x3d, 0x3d,
  0x3d, 0x3d, 0x3d, 0x3d, 0x3d, 0x3d, 0x3d, 0x3d, 0x3d, 0x3d, 0x3d, 0x3d,
  0x3d, 0x3d, 0x3d, 0x3d, 0x3d, 0x3d, 0x3d, 0x3d, 0x3d, 0x3d, 0x3d, 0x3d,
  0x3d, 0x0a, 0x2a, 0x2f, 0x0a, 0x0a, 0x23, 0x76, 0x65, 0x72, 0x73, 0x69,
  0x6f, 0x6e, 0x20, 0x34, 0x35, 0x30, 0x0a, 0x0a, 0x2f, 0x2f, 0x20, 0x41,
  0x20, 0x74, 0x72, 0x69, 0x61, 0x6e, 0x67, 0x6c, 0x65, 0x20, 0x63, 0x6f,
  0x76, 0x65, 0x72, 0x69, 0x6e, 0x67, 0x20, 0x74, 0x68, 0x65, 0x20, 0x76,
  0x69, 0x65, 0x77, 0x70, 0x6f, 0x72, 0x74, 0x2c, 0x20, 0x64, 0x72, 0x61,
  0x77, 0x6e, 0x20, 0x62, 0x65, 0x68, 0x69, 0x6e, 0x64, 0x20, 0x74, 0x68,
  0x65, 0x20, 0x73, 0x63, 0x65, 0x6e, 0x65, 0x2e, 0x0a, 0x0a, 0x6c, 0x61,
  0x79, 0x6f, 0x75, 0x74, 0x28, 0x6c, 0x6f, 0x63, 0x61, 0x74, 0x69, 0x6f,
  0x6e, 0x20, 0x3d, 0x20, 0x30, 0x29, 0x20, 0x6f, 0x75, 0x74, 0x20, 0x76,
  0x65, 0x63, 0x32, 0x20, 0x76, 0x5f, 0x63, 0x6c, 0x69, 0x70, 0x3b, 0x0a,
  0x0a, 0x76, 0x6f, 0x69, 0x64, 0x20, 0x6d, 0x61, 0x69, 0x6e, 0x28, 0x29,
  0x0a, 0x7b, 0x0a, 0x20, 0x20, 0x20, 0x20, 0x76, 0x65, 0x63, 0x32, 0x20,
  0x70, 0x6f, 0x73, 0x69, 0x74, 0x69, 0x6f, 0x6e, 0x20, 0x3d, 0x20, 0x76,
  0x65, 0x63, 0x32, 0x28, 0x66, 0x6c, 0x6f, 0x61, 0x74, 0x28, 0x28, 0x67,
  0x6c, 0x5f, 0x56, 0x65, 0x72, 0x74, 0x65, 0x78, 0x49, 0x6e, 0x64, 0x65,
  0x78, 0x20, 0x26, 0x20, 0x31, 0x29, 0x20, 0x3c, 0x3c, 0x20, 0x32, 0x29,
  0x20, 0x2d, 0x20, 0x31, 0x2e, 0x30, 0x2c, 0x20, 0x66, 0x6c, 0x6f, 0x61,
  0x74, 0x28, 0x28, 0x67, 0x6c, 0x5f, 0x56, 0x65, 0x72, 0x74, 0x65, 0x78,
  0x49, 0x6e, 0x64, 0x65, 0x78, 0x20, 0x26, 0x20, 0x32, 0x29, 0x20, 0x3c,
  0x3c, 0x20, 0x31, 0x29, 0x20, 0x2d, 0x20, 0x31, 0x2e, 0x30, 0x29, 0x3b,
  0x0a, 0x0a, 0x20, 0x20, 0x20, 0x20, 0x76, 0x5f, 0x63, 0x6c, 0x69, 0x70,
  0x20, 0x3d, 0x20, 0x70, 0x6f, 0x73, 0x69, 0x74, 0x69, 0x6f, 0x6e, 0x3b,
  0x0a, 0x20, 0x20, 0x20, 0x20, 0x67, 0x6c, 0x5f, 0x50, 0x6f, 0x73, 0x69,
  0x74, 0x69, 0x6f, 0x6e, 0x20, 0x3d, 0x20, 0x76, 0x65, 0x63, 0x34, 0x28,
  0x70, 0x6f, 0x73, 0x69, 0x74, 0x69, 0x6f, 0x6e, 0x2c, 0x20, 0x30, 0x2e,
  0x35, 0x2c, 0x20, 0x31, 0x2e, 0x30, 0x29, 0x3b, 0x0a, 0x7d, 0x0a, 0x52,
  0x45, 0x46, 0x4c, 0xf4, 0x03, 0x00, 0x00, 0x01, 0x00, 0x00, 0x00, 0x00,
  0x00, 0x00, 0x00, 0x04, 0x00, 0x00, 0x00, 0x6d, 0x61, 0x69, 0x6e, 0x00,
  0x00, 0x00, 0x00, 0x00, 0x00, 0x00, 0x00, 0x00, 0x00, 0x00, 0x00, 0x00,
  0x00, 0x00, 0x00, 0x00, 0x00, 0x00, 0x00, 0x00, 0x00, 0x00, 0x00, 0x00,
  0x00, 0x00, 0x00, 0x01, 0x00, 0x00, 0x00, 0x00, 0x00, 0x00, 0x00, 0x06,
  0x00, 0x00, 0x00, 0x76, 0x5f, 0x63, 0x6c, 0x69, 0x70, 0x04, 0x00, 0x00,
  0x00, 0x00, 0x00, 0x00, 0x00, 0x00, 0x00, 0x00, 0x00, 0x00, 0x00, 0x00,
  0x00, 0x01, 0x00, 0x00, 0x00, 0x0c, 0x00, 0x00, 0x00, 0x02, 0x00, 0x00,
  0x00, 0x01, 0x00, 0x00, 0x00, 0x20, 0x00, 0x00, 0x00, 0x00, 0x00, 0x00,
  0x00, 0x00, 0x00, 0x00, 0x00, 0x00, 0x00, 0x00, 0x00, 0x00, 0x00, 0x00,
  0x00, 0x00, 0x00, 0x00, 0x00, 0x00, 0x00, 0x00, 0x00, 0x00, 0x00, 0x00,
  0x00, 0x00, 0x00, 0x00, 0x1c, 0x00, 0x00, 0x00, 0xff, 0xff, 0xff, 0xff,
  0xff, 0xff, 0xff, 0xff, 0x00, 0x00, 0x00, 0x00, 0x00, 0x00, 0x00, 0x00,
  0x00, 0x00, 0x00, 0x00, 0x00, 0x00, 0x00, 0x00, 0x00, 0x00, 0x00, 0x00,
  0x00, 0x00, 0x00, 0x00, 0x00, 0x00, 0x00, 0x00, 0x00, 0x00, 0x00, 0x00,
  0x00, 0x00, 0x00, 0x00, 0x00, 0x00, 0x00, 0x00, 0x00, 0x00, 0x00, 0x00,
  0x00, 0x00, 0x00, 0x00, 0x00, 0x00, 0x00, 0x00, 0x00, 0x00, 0x00, 0x00,
  0x00, 0x00, 0x00, 0x00, 0x00, 0x00, 0x00, 0x00, 0x00, 0x00, 0x00, 0x00,
  0x00, 0x00, 0x00, 0x00, 0x00, 0x00, 0x00, 0x00, 0x00, 0x00, 0x00, 0x00,
  0x00, 0x00, 0x00, 0x00, 0x00, 0x00, 0x00, 0x00, 0x01, 0x00, 0x00, 0x00,
  0x00, 0x00, 0x00, 0x00, 0x08, 0x00, 0x00, 0x00, 0x07, 0x00, 0x00, 0x00,
  0x01, 0x00, 0x00, 0x00, 0x01, 0x00, 0x00, 0x00, 0x29, 0x00, 0x00, 0x00,
  0x5f, 0x52, 0x45, 0x53, 0x45, 0x52, 0x56, 0x45, 0x44, 0x5f, 0x49, 0x44,
  0x45, 0x4e, 0x54, 0x49, 0x46, 0x49, 0x45, 0x52, 0x5f, 0x46, 0x49, 0x58,
  0x55, 0x50, 0x5f, 0x67, 0x6c, 0x5f, 0x56, 0x65, 0x72, 0x74, 0x65, 0x78,
  0x49, 0x6e, 0x64, 0x65, 0x78, 0x03, 0x00, 0x00, 0x00, 0x00, 0x00, 0x00,
  0x00, 0x00, 0x00, 0x00, 0x00, 0x00, 0x00, 0x00, 0x00, 0x01, 0x00, 0x00,
  0x00, 0x07, 0x00, 0x00, 0x00, 0x01, 0x00, 0x00, 0x00, 0x01, 0x00, 0x00,
  0x00, 0x20, 0x00, 0x00, 0x00, 0x00, 0x00, 0x00, 0x00, 0x00, 0x00, 0x00,
  0x00, 0x00, 0x00, 0x00, 0x00, 0x00, 0x00, 0x00, 0x00, 0x00, 0x00, 0x00,
  0x00, 0x00, 0x00, 0x00, 0x00, 0x00, 0x00, 0x00, 0x00, 0x00, 0x00, 0x00,
  0x0c, 0x00, 0x00, 0x00, 0xff, 0xff, 0xff, 0xff, 0xff, 0xff, 0xff, 0xff,
  0x04, 0x00, 0x00, 0x00, 0x00, 0x00, 0x00, 0x00, 0x01, 0x00, 0x00, 0x00,
  0x0c, 0x00, 0x00, 0x00, 0x04, 0x00, 0x00, 0x00, 0x01, 0x00, 0x00, 0x00,
  0x27, 0x00, 0x00, 0x00, 0x5f, 0x52, 0x45, 0x53, 0x45, 0x52, 0x56, 0x45,
  0x44, 0x5f, 0x49, 0x44, 0x45, 0x4e, 0x54, 0x49, 0x46, 0x49, 0x45, 0x52,
  0x5f, 0x46, 0x49, 0x58, 0x55, 0x50, 0x5f, 0x67, 0x6c, 0x5f, 0x50, 0x65,
  0x72, 0x56, 0x65, 0x72, 0x74, 0x65, 0x78, 0x04, 0x00, 0x00, 0x00, 0x00,
  0x00, 0x00, 0x00, 0x00, 0x00, 0x00, 0x00, 0x00, 0x00, 0x00, 0x00, 0x01,
  0x00, 0x00, 0x00, 0x0f, 0x00, 0x00, 0x00, 0x01, 0x00, 0x00, 0x00, 0x01,
  0x00, 0x00, 0x00, 0x00, 0x00, 0x00, 0x00, 0x00, 0x00, 0x00, 0x00, 0x00,
  0x00, 0x00, 0x00, 0x00, 0x00, 0x00, 0x00, 0x00, 0x00, 0x00, 0x00, 0x00,
  0x00, 0x00, 0x00, 0x00, 0x00, 0x00, 0x00, 0x00, 0x00, 0x00, 0x00, 0x00,
  0x00, 0x00, 0x24, 0x00, 0x00, 0x00, 0xff, 0xff, 0xff, 0xff, 0xff, 0xff,
  0xff, 0xff, 0x02, 0x00, 0x00, 0x00, 0x0c, 0x00, 0x00, 0x00, 0x01, 0x00,
  0x00, 0x00, 0x01, 0x00, 0x00, 0x00, 0x27, 0x00, 0x00, 0x00, 0x5f, 0x52,
  0x45, 0x53, 0x45, 0x52, 0x56, 0x45, 0x44, 0x5f, 0x49, 0x44, 0x45, 0x4e,
  0x54, 0x49, 0x46, 0x49, 0x45, 0x52, 0x5f, 0x46, 0x49, 0x58, 0x55, 0x50,
  0x5f, 0x67, 0x6c, 0x5f, 0x50, 0x65, 0x72, 0x56, 0x65, 0x72, 0x74, 0x65,
  0x78, 0x04, 0x00, 0x00, 0x00, 0x00, 0x00, 0x00, 0x00, 0x00, 0x00, 0x00,
  0x00, 0x00, 0x00, 0x00, 0x00, 0x01, 0x00, 0x00, 0x00, 0x0f, 0x00, 0x00,
  0x00, 0x01, 0x00, 0x00, 0x00, 0x01, 0x00, 0x00, 0x00, 0x00, 0x00, 0x00,
  0x00, 0x00, 0x00, 0x00, 0x00, 0x00, 0x00, 0x00, 0x00, 0x00, 0x00, 0x00,
  0x00, 0x00, 0x00, 0x00, 0x00, 0x00, 0x00, 0x00, 0x00, 0x00, 0x00, 0x00,
  0x00, 0x00, 0x00, 0x00, 0x00, 0x00, 0x00, 0x00, 0x24, 0x00, 0x00, 0x00,
  0xff, 0xff, 0xff, 0xff, 0xff, 0xff, 0xff, 0xff, 0x03, 0x00, 0x00, 0x00,
  0x0c, 0x00, 0x00, 0x00, 0x01, 0x00, 0x00, 0x00, 0x01, 0x00, 0x00, 0x00,
  0x27, 0x00, 0x00, 0x00, 0x5f, 0x52, 0x45, 0x53, 0x45, 0x52, 0x56, 0x45,
  0x44, 0x5f, 0x49, 0x44, 0x45, 0x4e, 0x54, 0x49, 0x46, 0x49, 0x45, 0x52,
  0x5f, 0x46, 0x49, 0x58, 0x55, 0x50, 0x5f, 0x67, 0x6c, 0x5f, 0x50, 0x65,
  0x72, 0x56, 0x65, 0x72, 0x74, 0x65, 0x78, 0x04, 0x00, 0x00, 0x00, 0x00,
  0x00, 0x00, 0x00, 0x00, 0x00, 0x00, 0x00, 0x00, 0x00, 0x00, 0x00, 0x01,
  0x00, 0x00, 0x00, 0x0f, 0x00, 0x00, 0x00, 0x01, 0x00, 0x00, 0x00, 0x01,
  0x00, 0x00, 0x00, 0x00, 0x00, 0x00, 0x00, 0x00, 0x00, 0x00, 0x00, 0x00,
  0x00, 0x00, 0x00, 0x00, 0x00, 0x00, 0x00, 0x00, 0x00, 0x00, 0x00, 0x00,
  0x00, 0x00, 0x00, 0x00, 0x00, 0x00, 0x00, 0x00, 0x00, 0x00, 0x00, 0x00,
  0x00, 0x00, 0x24, 0x00, 0x00, 0x00, 0xff, 0xff, 0xff, 0xff, 0xff, 0xff,
  0xff, 0xff, 0x04, 0x00, 0x00, 0x00, 0x0c, 0x00, 0x00, 0x00, 0x01, 0x00,
  0x00, 0x00, 0x01, 0x00, 0x00, 0x00, 0x27, 0x00, 0x00, 0x00, 0x5f, 0x52,
  0x45, 0x53, 0x45, 0x52, 0x56, 0x45, 0x44, 0x5f, 0x49, 0x44, 0x45, 0x4e,
  0x54, 0x49, 0x46, 0x49, 0x45, 0x52, 0x5f, 0x46, 0x49, 0x58, 0x55, 0x50,
  0x5f, 0x67, 0x6c, 0x5f, 0x50, 0x65, 0x72, 0x56, 0x65, 0x72, 0x74, 0x65,
  0x78, 0x04, 0x00, 0x00, 0x00, 0x00, 0x00, 0x00, 0x00, 0x00, 0x00, 0x00,
  0x00, 0x00, 0x00, 0x00, 0x00, 0x01, 0x00, 0x00, 0x00, 0x0f, 0x00, 0x00,
  0x00, 0x01, 0x00, 0x00, 0x00, 0x01, 0x00, 0x00, 0x00, 0x00, 0x00, 0x00,
  0x00, 0x00, 0x00, 0x00, 0x00, 0x00, 0x00, 0x00, 0x00, 0x00, 0x00, 0x00,
  0x00, 0x00, 0x00, 0x00, 0x00, 0x00, 0x00, 0x00, 0x00, 0x00, 0x00, 0x00,
  0x00, 0x00, 0x00, 0x00, 0x00, 0x00, 0x00, 0x00, 0x24, 0x00, 0x00, 0x00,
  0xff, 0xff, 0xff, 0xff, 0xff, 0xff, 0xff, 0xff, 0x00, 0x00, 0x00, 0x00,
  0x00, 0x00, 0x00, 0x00, 0x01, 0x00, 0x00, 0x00, 0x01, 0x00, 0x00, 0x00,
  0x01, 0x00, 0x00, 0x00, 0x00, 0x00, 0x00, 0x00, 0x00, 0x00, 0x00, 0x00,
  0x00, 0x00, 0x00, 0x00, 0x00, 0x00, 0x01, 0x00, 0x00, 0x00, 0x00, 0x00,
  0x00, 0x00, 0x0d, 0x00, 0x00, 0x00, 0x43, 0x61, 0x70, 0x61, 0x62, 0x69,
  0x6c, 0x69, 0x74, 0x79, 0x28, 0x31, 0x29, 0x00, 0x00, 0x00, 0x00, 0x00,
  0x00, 0x00, 0x00, 0x00, 0x00, 0x00, 0x00, 0x00, 0x00, 0x00, 0x00, 0x00,
  0x56, 0x41, 0x52, 0x54, 0xa5, 0x09, 0x00, 0x00, 0x01, 0x00, 0x00, 0x00,
  0x04, 0x00, 0x00, 0x00, 0x6d, 0x61, 0x69, 0x6e, 0xff, 0x00, 0x00, 0x00,
  0x23, 0x76, 0x65, 0x72, 0x73, 0x69, 0x6f, 0x6e, 0x20, 0x33, 0x30, 0x30,
  0x20, 0x65, 0x73, 0x0a, 0x0a, 0x6f, 0x75, 0x74, 0x20, 0x76, 0x65, 0x63,
  0x32, 0x20, 0x76, 0x5f, 0x63, 0x6c, 0x69, 0x70, 0x3b, 0x0a, 0x0a, 0x76,
  0x6f, 0x69, 0x64, 0x20, 0x6d, 0x61, 0x69, 0x6e, 0x28, 0x29, 0x0a, 0x7b,
  0x0a, 0x20, 0x20, 0x20, 0x20, 0x76, 0x65, 0x63, 0x32, 0x20, 0x70, 0x6f,
  0x73, 0x69, 0x74, 0x69, 0x6f, 0x6e, 0x20, 0x3d, 0x20, 0x76, 0x65, 0x63,
  0x32, 0x28, 0x66, 0x6c, 0x6f, 0x61, 0x74, 0x28, 0x28, 0x67, 0x6c, 0x5f,
  0x56, 0x65, 0x72, 0x74, 0x65, 0x78, 0x49, 0x44, 0x20, 0x26, 0x20, 0x31,
  0x29, 0x20, 0x3c, 0x3c, 0x20, 0x32, 0x29, 0x20, 0x2d, 0x20, 0x31, 0x2e,
  0x30, 0x2c, 0x20, 0x66, 0x6c, 0x6f, 0x61, 0x74, 0x28, 0x28, 0x67, 0x6c,
  0x5f, 0x56, 0x65, 0x72, 0x74, 0x65, 0x78, 0x49, 0x44, 0x20, 0x26, 0x20,
  0x32, 0x29, 0x20, 0x3c, 0x3c, 0x20, 0x31, 0x29, 0x20, 0x2d, 0x20, 0x31,
  0x2e, 0x30, 0x29, 0x3b, 0x0a, 0x20, 0x20, 0x20, 0x20, 0x76, 0x5f, 0x63,
  0x6c, 0x69, 0x70, 0x20, 0x3d, 0x20, 0x70, 0x6f, 0x73, 0x69, 0x74, 0x69,
  0x6f, 0x6e, 0x3b, 0x0a, 0x20, 0x20, 0x20, 0x20, 0x67, 0x6c, 0x5f, 0x50,
  0x6f, 0x73, 0x69, 0x74, 0x69, 0x6f, 0x6e, 0x20, 0x3d, 0x20, 0x76, 0x65,
  0x63, 0x34, 0x28, 0x70, 0x6f, 0x73, 0x69, 0x74, 0x69, 0x6f, 0x6e, 0x2c,
  0x20, 0x30, 0x2e, 0x35, 0x2c, 0x20, 0x31, 0x2e, 0x30, 0x29, 0x3b, 0x0a,
  0x20, 0x20, 0x20, 0x20, 0x67, 0x6c, 0x5f, 0x50, 0x6f, 0x73, 0x69, 0x74,
  0x69, 0x6f, 0x6e, 0x2e, 0x79, 0x20, 0x3d, 0x20, 0x2d, 0x67, 0x6c, 0x5f,
  0x50, 0x6f, 0x73, 0x69, 0x74, 0x69, 0x6f, 0x6e, 0x2e, 0x79, 0x3b, 0x0a,
  0x7d, 0x0a, 0x0a, 0x49, 0x53, 0x52, 0x43, 0x92, 0x04, 0x00, 0x00, 0x2f,
  0x2a, 0x0a, 0x20, 0x20, 0x3d, 0x3d, 0x3d, 0x3d, 0x3d, 0x3d, 0x3d, 0x3d,
  0x3d, 0x3d, 0x3d, 0x3d, 0x3d, 0x3d, 0x3d, 0x3d, 0x3d, 0x3d, 0x3d, 0x3d,
  0x3d, 0x3d, 0x3d, 0x3d, 0x3d, 0x3d, 0x3d, 0x3d, 0x3d, 0x3d, 0x3d, 0x3d,
  0x3d, 0x3d, 0x3d, 0x3d, 0x3d, 0x3d, 0x3d, 0x3d, 0x3d, 0x3d, 0x3d, 0x3d,
  0x3d, 0x3d, 0x3d, 0x3d, 0x3d, 0x3d, 0x3d, 0x3d, 0x3d, 0x3d, 0x3d, 0x3d,
  0x3d, 0x3d, 0x3d, 0x3d, 0x3d, 0x3d, 0x3d, 0x3d, 0x3d, 0x3d, 0x3d, 0x3d,
  0x3d, 0x3d, 0x3d, 0x3d, 0x3d, 0x3d, 0x3d, 0x3d, 0x3d, 0x3d, 0x0a, 0x0a,
  0x20, 0x20, 0x20, 0x54, 0x68, 0x69, 0x73, 0x20, 0x66, 0x69, 0x6c, 0x65,
  0x20, 0x69, 0x73, 0x20, 0x70, 0x61, 0x72, 0x74, 0x20, 0x6f, 0x66, 0x20,
  0x74, 0x68, 0x65, 0x20, 0x59, 0x55, 0x50, 0x20, 0x6c, 0x69, 0x62, 0x72,
  0x61, 0x72, 0x79, 0x2e, 0x0a, 0x20, 0x20, 0x20, 0x43, 0x6f, 0x70, 0x79,
  0x72, 0x69, 0x67, 0x68, 0x74, 0x20, 0x28, 0x63, 0x29, 0x20, 0x32, 0x30,
  0x32, 0x36, 0x20, 0x2d, 0x20, 0x6b, 0x75, 0x6e, 0x69, 0x74, 0x6f, 0x6b,
  0x69, 0x40, 0x67, 0x6d, 0x61, 0x69, 0x6c, 0x2e, 0x63, 0x6f, 0x6d, 0x0a,
  0x0a, 0x20, 0x20, 0x20, 0x59, 0x55, 0x50, 0x20, 0x69, 0x73, 0x20, 0x61,
  0x6e, 0x20, 0x6f, 0x70, 0x65, 0x6e, 0x20, 0x73, 0x6f, 0x75, 0x72, 0x63,
  0x65, 0x20, 0x6c, 0x69, 0x62, 0x72, 0x61, 0x72, 0x79, 0x20, 0x73, 0x75,
  0x62, 0x6a, 0x65, 0x63, 0x74, 0x20, 0x74, 0x6f, 0x20, 0x6f, 0x70, 0x65,
  0x6e, 0x2d, 0x73, 0x6f, 0x75, 0x72, 0x63, 0x65, 0x20, 0x6c, 0x69, 0x63,
  0x65, 0x6e, 0x73, 0x69, 0x6e, 0x67, 0x2e, 0x0a, 0x0a, 0x20, 0x20, 0x20,
  0x54, 0x68, 0x65, 0x20, 0x63, 0x6f, 0x64, 0x65, 0x20, 0x69, 0x6e, 0x63,
  0x6c, 0x75, 0x64, 0x65, 0x64, 0x20, 0x69, 0x6e, 0x20, 0x74, 0x68, 0x69,
  0x73, 0x20, 0x66, 0x69, 0x6c, 0x65, 0x20, 0x69, 0x73, 0x20, 0x70, 0x72,
  0x6f, 0x76, 0x69, 0x64, 0x65, 0x64, 0x20, 0x75, 0x6e, 0x64, 0x65, 0x72,
  0x20, 0x74, 0x68, 0x65, 0x20, 0x74, 0x65, 0x72, 0x6d, 0x73, 0x20, 0x6f,
  0x66, 0x20, 0x74, 0x68, 0x65, 0x20, 0x49, 0x53, 0x43, 0x20, 0x6c, 0x69,
  0x63, 0x65, 0x6e, 0x73, 0x65, 0x0a, 0x20, 0x20, 0x20, 0x68, 0x74, 0x74,
  0x70, 0x3a, 0x2f, 0x2f, 0x77, 0x77, 0x77, 0x2e, 0x69, 0x73, 0x63, 0x2e,
  0x6f, 0x72, 0x67, 0x2f, 0x64, 0x6f, 0x77, 0x6e, 0x6c, 0x6f, 0x61, 0x64,
  0x73, 0x2f, 0x73, 0x6f, 0x66, 0x74, 0x77, 0x61, 0x72, 0x65, 0x2d, 0x73,
  0x75, 0x70, 0x70, 0x6f, 0x72, 0x74, 0x2d, 0x70, 0x6f, 0x6c, 0x69, 0x63,
  0x79, 0x2f, 0x69, 0x73, 0x63, 0x2d, 0x6c, 0x69, 0x63, 0x65, 0x6e, 0x73,
  0x65, 0x2e, 0x20, 0x50, 0x65, 0x72, 0x6d, 0x69, 0x73, 0x73, 0x69, 0x6f,
  0x6e, 0x0a, 0x20, 0x20, 0x20, 0x74, 0x6f, 0x20, 0x75, 0x73, 0x65, 0x2c,
  0x20, 0x63, 0x6f, 0x70, 0x79, 0x2c, 0x20, 0x6d, 0x6f, 0x64, 0x69, 0x66,
  0x79, 0x2c, 0x20, 0x61, 0x6e, 0x64, 0x2f, 0x6f, 0x72, 0x20, 0x64, 0x69,
  0x73, 0x74, 0x72, 0x69, 0x62, 0x75, 0x74, 0x65, 0x20, 0x74, 0x68, 0x69,
  0x73, 0x20, 0x73, 0x6f, 0x66, 0x74, 0x77, 0x61, 0x72, 0x65, 0x20, 0x66,
  0x6f, 0x72, 0x20, 0x61, 0x6e, 0x79, 0x20, 0x70, 0x75, 0x72, 0x70, 0x6f,
  0x73, 0x65, 0x20, 0x77, 0x69, 0x74, 0x68, 0x20, 0x6f, 0x72, 0x0a, 0x20,
  0x20, 0x20, 0x77, 0x69, 0x74, 0x68, 0x6f, 0x75, 0x74, 0x20, 0x66, 0x65,
  0x65, 0x20, 0x69, 0x73, 0x20, 0x68, 0x65, 0x72, 0x65, 0x62, 0x79, 0x20,
  0x67, 0x72, 0x61, 0x6e, 0x74, 0x65, 0x64, 0x20, 0x70, 0x72, 0x6f, 0x76,
  0x69, 0x64, 0x65, 0x64, 0x20, 0x74, 0x68, 0x61, 0x74, 0x20, 0x74, 0x68,
  0x65, 0x20, 0x61, 0x62, 0x6f, 0x76, 0x65, 0x20, 0x63, 0x6f, 0x70, 0x79,
  0x72, 0x69, 0x67, 0x68, 0x74, 0x20, 0x6e, 0x6f, 0x74, 0x69, 0x63, 0x65,
  0x20, 0x61, 0x6e, 0x64, 0x0a, 0x20, 0x20, 0x20, 0x74, 0x68, 0x69, 0x73,
  0x20, 0x70, 0x65, 0x72, 0x6d, 0x69, 0x73, 0x73, 0x69, 0x6f, 0x6e, 0x20,
  0x6e, 0x6f, 0x74, 0x69, 0x63, 0x65, 0x20, 0x61, 0x70, 0x70, 0x65, 0x61,
  0x72, 0x20, 0x69, 0x6e, 0x20, 0x61, 0x6c, 0x6c, 0x20, 0x63, 0x6f, 0x70,
  0x69, 0x65, 0x73, 0x2e, 0x0a, 0x0a, 0x20, 0x20, 0x20, 0x59, 0x55, 0x50,
  0x20, 0x49, 0x53, 0x20, 0x50, 0x52, 0x4f, 0x56, 0x49, 0x44, 0x45, 0x44,
  0x20, 0x22, 0x41, 0x53, 0x20, 0x49, 0x53, 0x22, 0x20, 0x57, 0x49, 0x54,
  0x48, 0x4f, 0x55, 0x54, 0x20, 0x41, 0x4e, 0x59, 0x20, 0x57, 0x41, 0x52,
  0x52, 0x41, 0x4e, 0x54, 0x59, 0x2c, 0x20, 0x41, 0x4e, 0x44, 0x20, 0x41,
  0x4c, 0x4c, 0x20, 0x57, 0x41, 0x52, 0x52, 0x41, 0x4e, 0x54, 0x49, 0x45,
  0x53, 0x2c, 0x20, 0x57, 0x48, 0x45, 0x54, 0x48, 0x45, 0x52, 0x0a, 0x20,
  0x20, 0x20, 0x45, 0x58, 0x50, 0x52, 0x45, 0x53, 0x53, 0x45, 0x44, 0x20,
  0x4f, 0x52, 0x20, 0x49, 0x4d, 0x50, 0x4c, 0x49, 0x45, 0x44, 0x2c, 0x20,
  0x49, 0x4e, 0x43, 0x4c, 0x55, 0x44, 0x49, 0x4e, 0x47, 0x20, 0x4d, 0x45,
  0x52, 0x43, 0x48, 0x41, 0x4e, 0x54, 0x41, 0x42, 0x49, 0x4c, 0x49, 0x54,
  0x59, 0x20, 0x41, 0x4e, 0x44, 0x20, 0x46, 0x49, 0x54, 0x4e, 0x45, 0x53,
  0x53, 0x20, 0x46, 0x4f, 0x52, 0x20, 0x50, 0x55, 0x52, 0x50, 0x4f, 0x53,
  0x45, 0x2c, 0x20, 0x41, 0x52, 0x45, 0x0a, 0x20, 0x20, 0x20, 0x44, 0x49,
  0x53, 0x43, 0x4c, 0x41, 0x49, 0x4d, 0x45, 0x44, 0x2e, 0x0a, 0x0a, 0x20,
  0x20, 0x3d, 0x3d, 0x3d, 0x3d, 0x3d, 0x3d, 0x3d, 0x3d, 0x3d, 0x3d, 0x3d,
  0x3d, 0x3d, 0x3d, 0x3d, 0x3d, 0x3d, 0x3d, 0x3d, 0x3d, 0x3d, 0x3d, 0x3d,
  0x3d, 0x3d, 0x3d, 0x3d, 0x3d, 0x3d, 0x3d, 0x3d, 0x3d, 0x3d, 0x3d, 0x3d,
  0x3d, 0x3d, 0x3d, 0x3d, 0x3d, 0x3d, 0x3d, 0x3d, 0x3d, 0x3d, 0x3d, 0x3d,
  0x3d, 0x3d, 0x3d, 0x3d, 0x3d, 0x3d, 0x3d, 0x3d, 0x3d, 0x3d, 0x3d, 0x3d,
  0x3d, 0x3d, 0x3d, 0x3d, 0x3d, 0x3d, 0x3d, 0x3d, 0x3d, 0x3d, 0x3d, 0x3d,
  0x3d, 0x3d, 0x3d, 0x3d, 0x3d, 0x3d, 0x3d, 0x0a, 0x2a, 0x2f, 0x0a, 0x0a,
  0x23, 0x76, 0x65, 0x72, 0x73, 0x69, 0x6f, 0x6e, 0x20, 0x34, 0x35, 0x30,
  0x0a, 0x0a, 0x2f, 0x2f, 0x20, 0x41, 0x20, 0x74, 0x72, 0x69, 0x61, 0x6e,
  0x67, 0x6c, 0x65, 0x20, 0x63, 0x6f, 0x76, 0x65, 0x72, 0x69, 0x6e, 0x67,
  0x20, 0x74, 0x68, 0x65, 0x20, 0x76, 0x69, 0x65, 0x77, 0x70, 0x6f, 0x72,
  0x74, 0x2c, 0x20, 0x64, 0x72, 0x61, 0x77, 0x6e, 0x20, 0x62, 0x65, 0x68,
  0x69, 0x6e, 0x64, 0x20, 0x74, 0x68, 0x65, 0x20, 0x73, 0x63, 0x65, 0x6e,
  0x65, 0x2e, 0x0a, 0x0a, 0x6c, 0x61, 0x79, 0x6f, 0x75, 0x74, 0x28, 0x6c,
  0x6f, 0x63, 0x61, 0x74, 0x69, 0x6f, 0x6e, 0x20, 0x3d, 0x20, 0x30, 0x29,
  0x20, 0x6f, 0x75, 0x74, 0x20, 0x76, 0x65, 0x63, 0x32, 0x20, 0x76, 0x5f,
  0x63, 0x6c, 0x69, 0x70, 0x3b, 0x0a, 0x0a, 0x76, 0x6f, 0x69, 0x64, 0x20,
  0x6d, 0x61, 0x69, 0x6e, 0x28, 0x29, 0x0a, 0x7b, 0x0a, 0x20, 0x20, 0x20,
  0x20, 0x76, 0x65, 0x63, 0x32, 0x20, 0x70, 0x6f, 0x73, 0x69, 0x74, 0x69,
  0x6f, 0x6e, 0x20, 0x3d, 0x20, 0x76, 0x65, 0x63, 0x32, 0x28, 0x66, 0x6c,
  0x6f, 0x61, 0x74, 0x28, 0x28, 0x67, 0x6c, 0x5f, 0x56, 0x65, 0x72, 0x74,
  0x65, 0x78, 0x49, 0x6e, 0x64, 0x65, 0x78, 0x20, 0x26, 0x20, 0x31, 0x29,
  0x20, 0x3c, 0x3c, 0x20, 0x32, 0x29, 0x20, 0x2d, 0x20, 0x31, 0x2e, 0x30,
  0x2c, 0x20, 0x66, 0x6c, 0x6f, 0x61, 0x74, 0x28, 0x28, 0x67, 0x6c, 0x5f,
  0x56, 0x65, 0x72, 0x74, 0x65, 0x78, 0x49, 0x6e, 0x64, 0x65, 0x78, 0x20,
  0x26, 0x20, 0x32, 0x29, 0x20, 0x3c, 0x3c, 0x20, 0x31, 0x29, 0x20, 0x2d,
  0x20, 0x31, 0x2e, 0x30, 0x29, 0x3b, 0x0a, 0x0a, 0x20, 0x20, 0x20, 0x20,
  0x76, 0x5f, 0x63, 0x6c, 0x69, 0x70, 0x20, 0x3d, 0x20, 0x70, 0x6f, 0x73,
  0x69, 0x74, 0x69, 0x6f, 0x6e, 0x3b, 0x0a, 0x20, 0x20, 0x20, 0x20, 0x67,
  0x6c, 0x5f, 0x50, 0x6f, 0x73, 0x69, 0x74, 0x69, 0x6f, 0x6e, 0x20, 0x3d,
  0x20, 0x76, 0x65, 0x63, 0x34, 0x28, 0x70, 0x6f, 0x73, 0x69, 0x74, 0x69,
  0x6f, 0x6e, 0x2c, 0x20, 0x30, 0x2e, 0x35, 0x2c, 0x20, 0x31, 0x2e, 0x30,
  0x29, 0x3b, 0x0a, 0x7d, 0x0a, 0x52, 0x45, 0x46, 0x4c, 0xf4, 0x03, 0x00,
  0x00, 0x01, 0x00, 0x00, 0x00, 0x00, 0x00, 0x00, 0x00, 0x04, 0x00, 0x00,
  0x00, 0x6d, 0x61, 0x69, 0x6e, 0x00, 0x00, 0x00, 0x00, 0x00, 0x00, 0x00,
  0x00, 0x00, 0x00, 0x00, 0x00, 0x00, 0x00, 0x00, 0x00, 0x00, 0x00, 0x00,
  0x00, 0x00, 0x00, 0x00, 0x00, 0x00, 0x00, 0x00, 0x00, 0x01, 0x00, 0x00,
  0x00, 0x00, 0x00, 0x00, 0x00, 0x06, 0x00, 0x00, 0x00, 0x76, 0x5f, 0x63,
  0x6c, 0x69, 0x70, 0x04, 0x00, 0x00, 0x00, 0x00, 0x00, 0x00, 0x00, 0x00,
  0x00, 0x00, 0x00, 0x00, 0x00, 0x00, 0x00, 0x01, 0x00, 0x00, 0x00, 0x0c,
  0x00, 0x00, 0x00, 0x02, 0x00, 0x00, 0x00, 0x01, 0x00, 0x00, 0x00, 0x20,
  0x00, 0x00, 0x00, 0x00, 0x00, 0x00, 0x00, 0x00, 0x00, 0x00, 0x00, 0x00,
  0x00, 0x00, 0x00, 0x00, 0x00, 0x00, 0x00, 0x00, 0x00, 0x00, 0x00, 0x00,
  0x00, 0x00, 0x00, 0x00, 0x00, 0x00, 0x00, 0x00, 0x00, 0x00, 0x1c, 0x00,
  0x00, 0x00, 0xff, 0xff, 0xff, 0xff, 0xff, 0xff, 0xff, 0xff, 0x00, 0x00,
  0x00, 0x00, 0x00, 0x00, 0x00, 0x00, 0x00, 0x00, 0x00, 0x00, 0x00, 0x00,
  0x00, 0x00, 0x00, 0x00, 0x00, 0x00, 0x00, 0x00, 0x00, 0x00, 0x00, 0x00,
  0x00, 0x00, 0x00, 0x00, 0x00, 0x00, 0x00, 0x00, 0x00, 0x00, 0x00, 0x00,
  0x00, 0x00, 0x00, 0x00, 0x00, 0x00, 0x00, 0x00, 0x00, 0x00, 0x00, 0x00,
  0x00, 0x00, 0x00, 0x00, 0x00, 0x00, 0x00, 0x00, 0x00, 0x00, 0x00, 0x00,
  0x00, 0x00, 0x00, 0x00, 0x00, 0x00, 0x00, 0x00, 0x00, 0x00, 0x00, 0x00,
  0x00, 0x00, 0x00, 0x00, 0x00, 0x00, 0x00, 0x00, 0x00, 0x00, 0x00, 0x00,
  0x00, 0x00, 0x01, 0x00, 0x00, 0x00, 0x00, 0x00, 0x00, 0x00, 0x08, 0x00,
  0x00, 0x00, 0x07, 0x00, 0x00, 0x00, 0x01, 0x00, 0x00, 0x00, 0x01, 0x00,
  0x00, 0x00, 0x29, 0x00, 0x00, 0x00, 0x5f, 0x52, 0x45, 0x53, 0x45, 0x52,
  0x56, 0x45, 0x44, 0x5f, 0x49, 0x44, 0x45, 0x4e, 0x54, 0x49, 0x46, 0x49,
  0x45, 0x52, 0x5f, 0x46, 0x49, 0x58, 0x55, 0x50, 0x5f, 0x67, 0x6c, 0x5f,
  0x56, 0x65, 0x72, 0x74, 0x65, 0x78, 0x49, 0x6e, 0x64, 0x65, 0x78, 0x03,
  0x00, 0x00, 0x00, 0x00, 0x00, 0x00, 0x00, 0x00, 0x00, 0x00, 0x00, 0x00,
  0x00, 0x00, 0x00, 0x01, 0x00, 0x00, 0x00, 0x07, 0x00, 0x00, 0x00, 0x01,
  0x00, 0x00, 0x00, 0x01, 0x00, 0x00, 0x00, 0x20, 0x00, 0x00, 0x00, 0x00,
  0x00, 0x00, 0x00, 0x00, 0x00, 0x00, 0x00, 0x00, 0x00, 0x00, 0x00, 0x00,
  0x00, 0x00, 0x00, 0x00, 0x00, 0x00, 0x00, 0x00, 0x00, 0x00, 0x00, 0x00,
  0x00, 0x00, 0x00, 0x00, 0x00, 0x00, 0x0c, 0x00, 0x00, 0x00, 0xff, 0xff,
  0xff, 0xff, 0xff, 0xff, 0xff, 0xff, 0x04, 0x00, 0x00, 0x00, 0x00, 0x00,
  0x00, 0x00, 0x01, 0x00, 0x00, 0x00, 0x0c, 0x00, 0x00, 0x00, 0x04, 0x00,
  0x00, 0x00, 0x01, 0x00, 0x00, 0x00, 0x27, 0x00, 0x00, 0x00, 0x5f, 0x52,
  0x45, 0x53, 0x45, 0x52, 0x56, 0x45, 0x44, 0x5f, 0x49, 0x44, 0x45, 0x4e,
  0x54, 0x49, 0x46, 0x49, 0x45, 0x52, 0x5f, 0x46, 0x49, 0x58, 0x55, 0x50,
  0x5f, 0x67, 0x6c, 0x5f, 0x50, 0x65, 0x72, 0x56, 0x65, 0x72, 0x74, 0x65,
  0x78, 0x04, 0x00, 0x00, 0x00, 0x00, 0x00, 0x00, 0x00, 0x00, 0x00, 0x00,
  0x00, 0x00, 0x00, 0x00, 0x00, 0x01, 0x00, 0x00, 0x00, 0x0f, 0x00, 0x00,
  0x00, 0x01, 0x00, 0x00, 0x00, 0x01, 0x00, 0x00, 0x00, 0x00, 0x00, 0x00,
  0x00, 0x00, 0x00, 0x00, 0x00, 0x00, 0x00, 0x00, 0x00, 0x00, 0x00, 0x00,
  0x00, 0x00, 0x00, 0x00, 0x00, 0x00, 0x00, 0x00, 0x00, 0x00, 0x00, 0x00,
  0x00, 0x00, 0x00, 0x00, 0x00, 0x00, 0x00, 0x00, 0x24, 0x00, 0x00, 0x00,
  0xff, 0xff, 0xff, 0xff, 0xff, 0xff, 0xff, 0xff, 0x02, 0x00, 0x00, 0x00,
  0x0c, 0x00, 0x00, 0x00, 0x01, 0x00, 0x00, 0x00, 0x01, 0x00, 0x00, 0x00,
  0x27, 0x00, 0x00, 0x00, 0x5f, 0x52, 0x45, 0x53, 0x45, 0x52, 0x56, 0x45,
  0x44, 0x5f, 0x49, 0x44, 0x45, 0x4e, 0x54, 0x49, 0x46, 0x49, 0x45, 0x52,
  0x5f, 0x46, 0x49, 0x58, 0x55, 0x50, 0x5f, 0x67, 0x6c, 0x5f, 0x50, 0x65,
  0x72, 0x56, 0x65, 0x72, 0x74, 0x65, 0x78, 0x04, 0x00, 0x00, 0x00, 0x00,
  0x00, 0x00, 0x00, 0x00, 0x00, 0x00, 0x00, 0x00, 0x00, 0x00, 0x00, 0x01,
  0x00, 0x00, 0x00, 0x0f, 0x00, 0x00, 0x00, 0x01, 0x00, 0x00, 0x00, 0x01,
  0x00, 0x00, 0x00, 0x00, 0x00, 0x00, 0x00, 0x00, 0x00, 0x00, 0x00, 0x00,
  0x00, 0x00, 0x00, 0x00, 0x00, 0x00, 0x00, 0x00, 0x00, 0x00, 0x00, 0x00,
  0x00, 0x00, 0x00, 0x00, 0x00, 0x00, 0x00, 0x00, 0x00, 0x00, 0x00, 0x00,
  0x00, 0x00, 0x24, 0x00, 0x00, 0x00, 0xff, 0xff, 0xff, 0xff, 0xff, 0xff,
  0xff, 0xff, 0x03, 0x00, 0x00, 0x00, 0x0c, 0x00, 0x00, 0x00, 0x01, 0x00,
  0x00, 0x00, 0x01, 0x00, 0x00, 0x00, 0x27, 0x00, 0x00, 0x00, 0x5f, 0x52,
  0x45, 0x53, 0x45, 0x52, 0x56, 0x45, 0x44, 0x5f, 0x49, 0x44, 0x45, 0x4e,
  0x54, 0x49, 0x46, 0x49, 0x45, 0x52, 0x5f, 0x46, 0x49, 0x58, 0x55, 0x50,
  0x5f, 0x67, 0x6c, 0x5f, 0x50, 0x65, 0x72, 0x56, 0x65, 0x72, 0x74, 0x65,
  0x78, 0x04, 0x00, 0x00, 0x00, 0x00, 0x00, 0x00, 0x00, 0x00, 0x00, 0x00,
  0x00, 0x00, 0x00, 0x00, 0x00, 0x01, 0x00, 0x00, 0x00, 0x0f, 0x00, 0x00,
  0x00, 0x01, 0x00, 0x00, 0x00, 0x01, 0x00, 0x00, 0x00, 0x00, 0x00, 0x00,
  0x00, 0x00, 0x00, 0x00, 0x00, 0x00, 0x00, 0x00, 0x00, 0x00, 0x00, 0x00,
  0x00, 0x00, 0x00, 0x00, 0x00, 0x00, 0x00, 0x00, 0x00, 0x00, 0x00, 0x00,
  0x00, 0x00, 0x00, 0x00, 0x00, 0x00, 0x00, 0x00, 0x24, 0x00, 0x00, 0x00,
  0xff, 0xff, 0xff, 0xff, 0xff, 0xff, 0xff, 0xff, 0x04, 0x00, 0x00, 0x00,
  0x0c, 0x00, 0x00, 0x00, 0x01, 0x00, 0x00, 0x00, 0x01, 0x00, 0x00, 0x00,
  0x27, 0x00, 0x00, 0x00, 0x5f, 0x52, 0x45, 0x53, 0x45, 0x52, 0x56, 0x45,
  0x44, 0x5f, 0x49, 0x44, 0x45, 0x4e, 0x54, 0x49, 0x46, 0x49, 0x45, 0x52,
  0x5f, 0x46, 0x49, 0x58, 0x55, 0x50, 0x5f, 0x67, 0x6c, 0x5f, 0x50, 0x65,
  0x72, 0x56, 0x65, 0x72, 0x74, 0x65, 0x78, 0x04, 0x00, 0x00, 0x00, 0x00,
  0x00, 0x00, 0x00, 0x00, 0x00, 0x00, 0x00, 0x00, 0x00, 0x00, 0x00, 0x01,
  0x00, 0x00, 0x00, 0x0f, 0x00, 0x00, 0x00, 0x01, 0x00, 0x00, 0x00, 0x01,
  0x00, 0x00, 0x00, 0x00, 0x00, 0x00, 0x00, 0x00, 0x00, 0x00, 0x00, 0x00,
  0x00, 0x00, 0x00, 0x00, 0x00, 0x00, 0x00, 0x00, 0x00, 0x00, 0x00, 0x00,
  0x00, 0x00, 0x00, 0x00, 0x00, 0x00, 0x00, 0x00, 0x00, 0x00, 0x00, 0x00,
  0x00, 0x00, 0x24, 0x00, 0x00, 0x00, 0xff, 0xff, 0xff, 0xff, 0xff, 0xff,
  0xff, 0xff, 0x00, 0x00, 0x00, 0x00, 0x00, 0x00, 0x00, 0x00, 0x01, 0x00,
  0x00, 0x00, 0x01, 0x00, 0x00, 0x00, 0x01, 0x00, 0x00, 0x00, 0x00, 0x00,
  0x00, 0x00, 0x00, 0x00, 0x00, 0x00, 0x00, 0x00, 0x00, 0x00, 0x00, 0x00,
  0x01, 0x00, 0x00, 0x00, 0x00, 0x00, 0x00, 0x00, 0x0d, 0x00, 0x00, 0x00,
  0x43, 0x61, 0x70, 0x61, 0x62, 0x69, 0x6c, 0x69, 0x74, 0x79, 0x28, 0x31,
  0x29, 0x00, 0x00, 0x00, 0x00, 0x00, 0x00, 0x00, 0x00, 0x00, 0x00, 0x00,
  0x00, 0x00, 0x00, 0x00, 0x00, 0x00, 0x56, 0x41, 0x52, 0x54, 0x79, 0x0b,
  0x00, 0x00, 0x02, 0x00, 0x00, 0x00, 0x04, 0x00, 0x00, 0x00, 0x6d, 0x61,
  0x69, 0x6e, 0xd3, 0x02, 0x00, 0x00, 0x73, 0x74, 0x61, 0x74, 0x69, 0x63,
  0x20, 0x66, 0x6c, 0x6f, 0x61, 0x74, 0x34, 0x20, 0x67, 0x6c, 0x5f, 0x50,
  0x6f, 0x73, 0x69, 0x74, 0x69, 0x6f, 0x6e, 0x3b, 0x0a, 0x73, 0x74, 0x61,
  0x74, 0x69, 0x63, 0x20, 0x69, 0x6e, 0x74, 0x20, 0x67, 0x6c, 0x5f, 0x56,
  0x65, 0x72, 0x74, 0x65, 0x78, 0x49, 0x6e, 0x64, 0x65, 0x78, 0x3b, 0x0a,
  0x73, 0x74, 0x61, 0x74, 0x69, 0x63, 0x20, 0x66, 0x6c, 0x6f, 0x61, 0x74,
  0x32, 0x20, 0x76, 0x5f, 0x63, 0x6c, 0x69, 0x70, 0x3b, 0x0a, 0x0a, 0x73,
  0x74, 0x72, 0x75, 0x63, 0x74, 0x20, 0x53, 0x50, 0x49, 0x52, 0x56, 0x5f,
  0x43, 0x72, 0x6f, 0x73, 0x73, 0x5f, 0x49, 0x6e, 0x70, 0x75, 0x74, 0x0a,
  0x7b, 0x0a, 0x20, 0x20, 0x20, 0x20, 0x75, 0x69, 0x6e, 0x74, 0x20, 0x67,
  0x6c, 0x5f, 0x56, 0x65, 0x72, 0x74, 0x65, 0x78, 0x49, 0x6e, 0x64, 0x65,
  0x78, 0x20, 0x3a, 0x20, 0x53, 0x56, 0x5f, 0x56, 0x65, 0x72, 0x74, 0x65,
  0x78, 0x49, 0x44, 0x3b, 0x0a, 0x7d, 0x3b, 0x0a, 0x0a, 0x73, 0x74, 0x72,
  0x75, 0x63, 0x74, 0x20, 0x53, 0x50, 0x49, 0x52, 0x56, 0x5f, 0x43, 0x72,
  0x6f, 0x73, 0x73, 0x5f, 0x4f, 0x75, 0x74, 0x70, 0x75, 0x74, 0x0a, 0x7b,
  0x0a, 0x20, 0x20, 0x20, 0x20, 0x66, 0x6c, 0x6f, 0x61, 0x74, 0x32, 0x20,
  0x76, 0x5f, 0x63, 0x6c, 0x69, 0x70, 0x20, 0x3a, 0x20, 0x54, 0x45, 0x58,
  0x43, 0x4f, 0x4f, 0x52, 0x44, 0x30, 0x3b, 0x0a, 0x20, 0x20, 0x20, 0x20,
  0x66, 0x6c, 0x6f, 0x61, 0x74, 0x34, 0x20, 0x67, 0x6c, 0x5f, 0x50, 0x6f,
  0x73, 0x69, 0x74, 0x69, 0x6f, 0x6e, 0x20, 0x3a, 0x20, 0x53, 0x56, 0x5f,
  0x50, 0x6f, 0x73, 0x69, 0x74, 0x69, 0x6f, 0x6e, 0x3b, 0x0a, 0x7d, 0x3b,
  0x0a, 0x0a, 0x76, 0x6f, 0x69, 0x64, 0x20, 0x76, 0x65, 0x72, 0x74, 0x5f,
  0x6d, 0x61, 0x69, 0x6e, 0x28, 0x29, 0x0a, 0x7b, 0x0a, 0x20, 0x20, 0x20,
  0x20, 0x66, 0x6c, 0x6f, 0x61, 0x74, 0x32, 0x20, 0x70, 0x6f, 0x73, 0x69,
  0x74, 0x69, 0x6f, 0x6e, 0x20, 0x3d, 0x20, 0x66, 0x6c, 0x6f, 0x61, 0x74,
  0x32, 0x28, 0x66, 0x6c, 0x6f, 0x61, 0x74, 0x28, 0x28, 0x67, 0x6c, 0x5f,
  0x56, 0x65, 0x72, 0x74, 0x65, 0x78, 0x49, 0x6e, 0x64, 0x65, 0x78, 0x20,
  0x26, 0x20, 0x31, 0x29, 0x20, 0x3c, 0x3c, 0x20, 0x32, 0x29, 0x20, 0x2d,
  0x20, 0x31, 0x2e, 0x30, 0x66, 0x2c, 0x20, 0x66, 0x6c, 0x6f, 0x61, 0x74,
  0x28, 0x28, 0x67, 0x6c, 0x5f, 0x56, 0x65, 0x72, 0x74, 0x65, 0x78, 0x49,
  0x6e, 0x64, 0x65, 0x78, 0x20, 0x26, 0x20, 0x32, 0x29, 0x20, 0x3c, 0x3c,
  0x20, 0x31, 0x29, 0x20, 0x2d, 0x20, 0x31, 0x2e, 0x30, 0x66, 0x29, 0x3b,
  0x0a, 0x20, 0x20, 0x20, 0x20, 0x76, 0x5f, 0x63, 0x6c, 0x69, 0x70, 0x20,
  0x3d, 0x20, 0x70, 0x6f, 0x73, 0x69, 0x74, 0x69, 0x6f, 0x6e, 0x3b, 0x0a,
  0x20, 0x20, 0x20, 0x20, 0x67, 0x6c, 0x5f, 0x50, 0x6f, 0x73, 0x69, 0x74,
  0x69, 0x6f, 0x6e, 0x20, 0x3d, 0x20, 0x66, 0x6c, 0x6f, 0x61, 0x74, 0x34,
  0x28, 0x70, 0x6f, 0x73, 0x69, 0x74, 0x69, 0x6f, 0x6e, 0x2c, 0x20, 0x30,
  0x2e, 0x35, 0x66, 0x2c, 0x20, 0x31, 0x2e, 0x30, 0x66, 0x29, 0x3b, 0x0a,
  0x7d, 0x0a, 0x0a, 0x53, 0x50, 0x49, 0x52, 0x56, 0x5f, 0x43, 0x72, 0x6f,
  0x73, 0x73, 0x5f, 0x4f, 0x75, 0x74, 0x70, 0x75, 0x74, 0x20, 0x6d, 0x61,
  0x69, 0x6e, 0x28, 0x53, 0x50, 0x49, 0x52, 0x56, 0x5f, 0x43, 0x72, 0x6f,
  0x73, 0x73, 0x5f, 0x49, 0x6e, 0x70, 0x75, 0x74, 0x20, 0x73, 0x74, 0x61,
  0x67, 0x65, 0x5f, 0x69, 0x6e, 0x70, 0x75, 0x74, 0x29, 0x0a, 0x7b, 0x0a,
  0x20, 0x20, 0x20, 0x20, 0x67, 0x6c, 0x5f, 0x56, 0x65, 0x72, 0x74, 0x65,
  0x78, 0x49, 0x6e, 0x64, 0x65, 0x78, 0x20, 0x3d, 0x20, 0x69, 0x6e, 0x74,
  0x28, 0x73, 0x74, 0x61, 0x67, 0x65, 0x5f, 0x69, 0x6e, 0x70, 0x75, 0x74,
  0x2e, 0x67, 0x6c, 0x5f, 0x56, 0x65, 0x72, 0x74, 0x65, 0x78, 0x49, 0x6e,
  0x64, 0x65, 0x78, 0x29, 0x3b, 0x0a, 0x20, 0x20, 0x20, 0x20, 0x76, 0x65,
  0x72, 0x74, 0x5f, 0x6d, 0x61, 0x69, 0x6e, 0x28, 0x29, 0x3b, 0x0a, 0x20,
  0x20, 0x20, 0x20, 0x53, 0x50, 0x49, 0x52, 0x56, 0x5f, 0x43, 0x72, 0x6f,
  0x73, 0x73, 0x5f, 0x4f, 0x75, 0x74, 0x70, 0x75, 0x74, 0x20, 0x73, 0x74,
  0x61, 0x67, 0x65, 0x5f, 0x6f, 0x75, 0x74, 0x70, 0x75, 0x74, 0x3b, 0x0a,
  0x20, 0x20, 0x20, 0x20, 0x73, 0x74, 0x61, 0x67, 0x65, 0x5f, 0x6f, 0x75,
  0x74, 0x70, 0x75, 0x74, 0x2e, 0x67, 0x6c, 0x5f, 0x50, 0x6f, 0x73, 0x69,
  0x74, 0x69, 0x6f, 0x6e, 0x20, 0x3d, 0x20, 0x67, 0x6c, 0x5f, 0x50, 0x6f,
  0x73, 0x69, 0x74, 0x69, 0x6f, 0x6e, 0x3b, 0x0a, 0x20, 0x20, 0x20, 0x20,
  0x73, 0x74, 0x61, 0x67, 0x65, 0x5f, 0x6f, 0x75, 0x74, 0x70, 0x75, 0x74,
  0x2e, 0x76, 0x5f, 0x63, 0x6c, 0x69, 0x70, 0x20, 0x3d, 0x20, 0x76, 0x5f,
  0x63, 0x6c, 0x69, 0x70, 0x3b, 0x0a, 0x20, 0x20, 0x20, 0x20, 0x72, 0x65,
  0x74, 0x75, 0x72, 0x6e, 0x20, 0x73, 0x74, 0x61, 0x67, 0x65, 0x5f, 0x6f,
  0x75, 0x74, 0x70, 0x75, 0x74, 0x3b, 0x0a, 0x7d, 0x0a, 0x49, 0x53, 0x52,
  0x43, 0x92, 0x04, 0x00, 0x00, 0x2f, 0x2a, 0x0a, 0x20, 0x20, 0x3d, 0x3d,
  0x3d, 0x3d, 0x3d, 0x3d, 0x3d, 0x3d, 0x3d, 0x3d, 0x3d, 0x3d, 0x3d, 0x3d,
  0x3d, 0x3d, 0x3d, 0x3d, 0x3d, 0x3d, 0x3d, 0x3d, 0x3d, 0x3d, 0x3d, 0x3d,
  0x3d, 0x3d, 0x3d, 0x3d, 0x3d, 0x3d, 0x3d, 0x3d, 0x3d, 0x3d, 0x3d, 0x3d,
  0x3d, 0x3d, 0x3d, 0x3d, 0x3d, 0x3d, 0x3d, 0x3d, 0x3d, 0x3d, 0x3d, 0x3d,
  0x3d, 0x3d, 0x3d, 0x3d, 0x3d, 0x3d, 0x3d, 0x3d, 0x3d, 0x3d, 0x3d, 0x3d,
  0x3d, 0x3d, 0x3d, 0x3d, 0x3d, 0x3d, 0x3d, 0x3d, 0x3d, 0x3d, 0x3d, 0x3d,
  0x3d, 0x3d, 0x3d, 0x3d, 0x0a, 0x0a, 0x20, 0x20, 0x20, 0x54, 0x68, 0x69,
  0x73, 0x20, 0x66, 0x69, 0x6c, 0x65, 0x20, 0x69, 0x73, 0x20, 0x70, 0x61,
  0x72, 0x74, 0x20, 0x6f, 0x66, 0x20, 0x74, 0x68, 0x65, 0x20, 0x59, 0x55,
  0x50, 0x20, 0x6c, 0x69, 0x62, 0x72, 0x61, 0x72, 0x79, 0x2e, 0x0a, 0x20,
  0x20, 0x20, 0x43, 0x6f, 0x70, 0x79, 0x72, 0x69, 0x67, 0x68, 0x74, 0x20,
  0x28, 0x63, 0x29, 0x20, 0x32, 0x30, 0x32, 0x36, 0x20, 0x2d, 0x20, 0x6b,
  0x75, 0x6e, 0x69, 0x74, 0x6f, 0x6b, 0x69, 0x40, 0x67, 0x6d, 0x61, 0x69,
  0x6c, 0x2e, 0x63, 0x6f, 0x6d, 0x0a, 0x0a, 0x20, 0x20, 0x20, 0x59, 0x55,
  0x50, 0x20, 0x69, 0x73, 0x20, 0x61, 0x6e, 0x20, 0x6f, 0x70, 0x65, 0x6e,
  0x20, 0x73, 0x6f, 0x75, 0x72, 0x63, 0x65, 0x20, 0x6c, 0x69, 0x62, 0x72,
  0x61, 0x72, 0x79, 0x20, 0x73, 0x75, 0x62, 0x6a, 0x65, 0x63, 0x74, 0x20,
  0x74, 0x6f, 0x20, 0x6f, 0x70, 0x65, 0x6e, 0x2d, 0x73, 0x6f, 0x75, 0x72,
  0x63, 0x65, 0x20, 0x6c, 0x69, 0x63, 0x65, 0x6e, 0x73, 0x69, 0x6e, 0x67,
  0x2e, 0x0a, 0x0a, 0x20, 0x20, 0x20, 0x54, 0x68, 0x65, 0x20, 0x63, 0x6f,
  0x64, 0x65, 0x20, 0x69, 0x6e, 0x63, 0x6c, 0x75, 0x64, 0x65, 0x64, 0x20,
  0x69, 0x6e, 0x20, 0x74, 0x68, 0x69, 0x73, 0x20, 0x66, 0x69, 0x6c, 0x65,
  0x20, 0x69, 0x73, 0x20, 0x70, 0x72, 0x6f, 0x76, 0x69, 0x64, 0x65, 0x64,
  0x20, 0x75, 0x6e, 0x64, 0x65, 0x72, 0x20, 0x74, 0x68, 0x65, 0x20, 0x74,
  0x65, 0x72, 0x6d, 0x73, 0x20, 0x6f, 0x66, 0x20, 0x74, 0x68, 0x65, 0x20,
  0x49, 0x53, 0x43, 0x20, 0x6c, 0x69, 0x63, 0x65, 0x6e, 0x73, 0x65, 0x0a,
  0x20, 0x20, 0x20, 0x68, 0x74, 0x74, 0x70, 0x3a, 0x2f, 0x2f, 0x77, 0x77,
  0x77, 0x2e, 0x69, 0x73, 0x63, 0x2e, 0x6f, 0x72, 0x67, 0x2f, 0x64, 0x6f,
  0x77, 0x6e, 0x6c, 0x6f, 0x61, 0x64, 0x73, 0x2f, 0x73, 0x6f, 0x66, 0x74,
  0x77, 0x61, 0x72, 0x65, 0x2d, 0x73, 0x75, 0x70, 0x70, 0x6f, 0x72, 0x74,
  0x2d, 0x70, 0x6f, 0x6c, 0x69, 0x63, 0x79, 0x2f, 0x69, 0x73, 0x63, 0x2d,
  0x6c, 0x69, 0x63, 0x65, 0x6e, 0x73, 0x65, 0x2e, 0x20, 0x50, 0x65, 0x72,
  0x6d, 0x69, 0x73, 0x73, 0x69, 0x6f, 0x6e, 0x0a, 0x20, 0x20, 0x20, 0x74,
  0x6f, 0x20, 0x75, 0x73, 0x65, 0x2c, 0x20, 0x63, 0x6f, 0x70, 0x79, 0x2c,
  0x20, 0x6d, 0x6f, 0x64, 0x69, 0x66, 0x79, 0x2c, 0x20, 0x61, 0x6e, 0x64,
  0x2f, 0x6f, 0x72, 0x20, 0x64, 0x69, 0x73, 0x74, 0x72, 0x69, 0x62, 0x75,
  0x74, 0x65, 0x20, 0x74, 0x68, 0x69, 0x73, 0x20, 0x73, 0x6f, 0x66, 0x74,
  0x77, 0x61, 0x72, 0x65, 0x20, 0x66, 0x6f, 0x72, 0x20, 0x61, 0x6e, 0x79,
  0x20, 0x70, 0x75, 0x72, 0x70, 0x6f, 0x73, 0x65, 0x20, 0x77, 0x69, 0x74,
  0x68, 0x20, 0x6f, 0x72, 0x0a, 0x20, 0x20, 0x20, 0x77, 0x69, 0x74, 0x68,
  0x6f, 0x75, 0x74, 0x20, 0x66, 0x65, 0x65, 0x20, 0x69, 0x73, 0x20, 0x68,
  0x65, 0x72, 0x65, 0x62, 0x79, 0x20, 0x67, 0x72, 0x61, 0x6e, 0x74, 0x65,
  0x64, 0x20, 0x70, 0x72, 0x6f, 0x76, 0x69, 0x64, 0x65, 0x64, 0x20, 0x74,
  0x68, 0x61, 0x74, 0x20, 0x74, 0x68, 0x65, 0x20, 0x61, 0x62, 0x6f, 0x76,
  0x65, 0x20, 0x63, 0x6f, 0x70, 0x79, 0x72, 0x69, 0x67, 0x68, 0x74, 0x20,
  0x6e, 0x6f, 0x74, 0x69, 0x63, 0x65, 0x20, 0x61, 0x6e, 0x64, 0x0a, 0x20,
  0x20, 0x20, 0x74, 0x68, 0x69, 0x73, 0x20, 0x70, 0x65, 0x72, 0x6d, 0x69,
  0x73, 0x73, 0x69, 0x6f, 0x6e, 0x20, 0x6e, 0x6f, 0x74, 0x69, 0x63, 0x65,
  0x20, 0x61, 0x70, 0x70, 0x65, 0x61, 0x72, 0x20, 0x69, 0x6e, 0x20, 0x61,
  0x6c, 0x6c, 0x20, 0x63, 0x6f, 0x70, 0x69, 0x65, 0x73, 0x2e, 0x0a, 0x0a,
  0x20, 0x20, 0x20, 0x59, 0x55, 0x50, 0x20, 0x49, 0x53, 0x20, 0x50, 0x52,
  0x4f, 0x56, 0x49, 0x44, 0x45, 0x44, 0x20, 0x22, 0x41, 0x53, 0x20, 0x49,
  0x53, 0x22, 0x20, 0x57, 0x49, 0x54, 0x48, 0x4f, 0x55, 0x54, 0x20, 0x41,
  0x4e, 0x59, 0x20, 0x57, 0x41, 0x52, 0x52, 0x41, 0x4e, 0x54, 0x59, 0x2c,
  0x20, 0x41, 0x4e, 0x44, 0x20, 0x41, 0x4c, 0x4c, 0x20, 0x57, 0x41, 0x52,
  0x52, 0x41, 0x4e, 0x54, 0x49, 0x45, 0x53, 0x2c, 0x20, 0x57, 0x48, 0x45,
  0x54, 0x48, 0x45, 0x52, 0x0a, 0x20, 0x20, 0x20, 0x45, 0x58, 0x50, 0x52,
  0x45, 0x53, 0x53, 0x45, 0x44, 0x20, 0x4f, 0x52, 0x20, 0x49, 0x4d, 0x50,
  0x4c, 0x49, 0x45, 0x44, 0x2c, 0x20, 0x49, 0x4e, 0x43, 0x4c, 0x55, 0x44,
  0x49, 0x4e, 0x47, 0x20, 0x4d, 0x45, 0x52, 0x43, 0x48, 0x41, 0x4e, 0x54,
  0x41, 0x42, 0x49, 0x4c, 0x49, 0x54, 0x59, 0x20, 0x41, 0x4e, 0x44, 0x20,
  0x46, 0x49, 0x54, 0x4e, 0x45, 0x53, 0x53, 0x20, 0x46, 0x4f, 0x52, 0x20,
  0x50, 0x55, 0x52, 0x50, 0x4f, 0x53, 0x45, 0x2c, 0x20, 0x41, 0x52, 0x45,
  0x0a, 0x20, 0x20, 0x20, 0x44, 0x49, 0x53, 0x43, 0x4c, 0x41, 0x49, 0x4d,
  0x45, 0x44, 0x2e, 0x0a, 0x0a, 0x20, 0x20, 0x3d, 0x3d, 0x3d, 0x3d, 0x3d,
  0x3d, 0x3d, 0x3d, 0x3d, 0x3d, 0x3d, 0x3d, 0x3d, 0x3d, 0x3d, 0x3d, 0x3d,
  0x3d, 0x3d, 0x3d, 0x3d, 0x3d, 0x3d, 0x3d, 0x3d, 0x3d, 0x3d, 0x3d, 0x3d,
  0x3d, 0x3d, 0x3d, 0x3d, 0x3d, 0x3d, 0x3d, 0x3d, 0x3d, 0x3d, 0x3d, 0x3d,
  0x3d, 0x3d, 0x3d, 0x3d, 0x3d, 0x3d, 0x3d, 0x3d, 0x3d, 0x3d, 0x3d, 0x3d,
  0x3d, 0x3d, 0x3d, 0x3d, 0x3d, 0x3d, 0x3d, 0x3d, 0x3d, 0x3d, 0x3d, 0x3d,
  0x3d, 0x3d, 0x3d, 0x3d, 0x3d, 0x3d, 0x3d, 0x3d, 0x3d, 0x3d, 0x3d, 0x3d,
  0x3d, 0x0a, 0x2a, 0x2f, 0x0a, 0x0a, 0x23, 0x76, 0x65, 0x72, 0x73, 0x69,
  0x6f, 0x6e, 0x20, 0x34, 0x35, 0x30, 0x0a, 0x0a, 0x2f, 0x2f, 0x20, 0x41,
  0x20, 0x74, 0x72, 0x69, 0x61, 0x6e, 0x67, 0x6c, 0x65, 0x20, 0x63, 0x6f,
  0x76, 0x65, 0x72, 0x69, 0x6e, 0x67, 0x20, 0x74, 0x68, 0x65, 0x20, 0x76,
  0x69, 0x65, 0x77, 0x70, 0x6f, 0x72, 0x74, 0x2c, 0x20, 0x64, 0x72, 0x61,
  0x77, 0x6e, 0x20, 0x62, 0x65, 0x68, 0x69, 0x6e, 0x64, 0x20, 0x74, 0x68,
  0x65, 0x20, 0x73, 0x63, 0x65, 0x6e, 0x65, 0x2e, 0x0a, 0x0a, 0x6c, 0x61,
  0x79, 0x6f, 0x75, 0x74, 0x28, 0x6c, 0x6f, 0x63, 0x61, 0x74, 0x69, 0x6f,
  0x6e, 0x20, 0x3d, 0x20, 0x30, 0x29, 0x20, 0x6f, 0x75, 0x74, 0x20, 0x76,
  0x65, 0x63, 0x32, 0x20, 0x76, 0x5f, 0x63, 0x6c, 0x69, 0x70, 0x3b, 0x0a,
  0x0a, 0x76, 0x6f, 0x69, 0x64, 0x20, 0x6d, 0x61, 0x69, 0x6e, 0x28, 0x29,
  0x0a, 0x7b, 0x0a, 0x20, 0x20, 0x20, 0x20, 0x76, 0x65, 0x63, 0x32, 0x20,
  0x70, 0x6f, 0x73, 0x69, 0x74, 0x69, 0x6f, 0x6e, 0x20, 0x3d, 0x20, 0x76,
  0x65, 0x63, 0x32, 0x28, 0x66, 0x6c, 0x6f, 0x61, 0x74, 0x28, 0x28, 0x67,
  0x6c, 0x5f, 0x56, 0x65, 0x72, 0x74, 0x65, 0x78, 0x49, 0x6e, 0x64, 0x65,
  0x78, 0x20, 0x26, 0x20, 0x31, 0x29, 0x20, 0x3c, 0x3c, 0x20, 0x32, 0x29,
  0x20, 0x2d, 0x20, 0x31, 0x2e, 0x30, 0x2c, 0x20, 0x66, 0x6c, 0x6f, 0x61,
  0x74, 0x28, 0x28, 0x67, 0x6c, 0x5f, 0x56, 0x65, 0x72, 0x74, 0x65, 0x78,
  0x49, 0x6e, 0x64, 0x65, 0x78, 0x20, 0x26, 0x20, 0x32, 0x29, 0x20, 0x3c,
  0x3c, 0x20, 0x31, 0x29, 0x20, 0x2d, 0x20, 0x31, 0x2e, 0x30, 0x29, 0x3b,
  0x0a, 0x0a, 0x20, 0x20, 0x20, 0x20, 0x76, 0x5f, 0x63, 0x6c, 0x69, 0x70,
  0x20, 0x3d, 0x20, 0x70, 0x6f, 0x73, 0x69, 0x74, 0x69, 0x6f, 0x6e, 0x3b,
  0x0a, 0x20, 0x20, 0x20, 0x20, 0x67, 0x6c, 0x5f, 0x50, 0x6f, 0x73, 0x69,
  0x74, 0x69, 0x6f, 0x6e, 0x20, 0x3d, 0x20, 0x76, 0x65, 0x63, 0x34, 0x28,
  0x70, 0x6f, 0x73, 0x69, 0x74, 0x69, 0x6f, 0x6e, 0x2c, 0x20, 0x30, 0x2e,
  0x35, 0x2c, 0x20, 0x31, 0x2e, 0x30, 0x29, 0x3b, 0x0a, 0x7d, 0x0a, 0x52,
  0x45, 0x46, 0x4c, 0xf4, 0x03, 0x00, 0x00, 0x01, 0x00, 0x00, 0x00, 0x00,
  0x00, 0x00, 0x00, 0x04, 0x00, 0x00, 0x00, 0x6d, 0x61, 0x69, 0x6e, 0x00,
  0x00, 0x00, 0x00, 0x00, 0x00, 0x00, 0x00, 0x00, 0x00, 0x00, 0x00, 0x00,
  0x00, 0x00, 0x00, 0x00, 0x00, 0x00, 0x00, 0x00, 0x00, 0x00, 0x00, 0x00,
  0x00, 0x00, 0x00, 0x01, 0x00, 0x00, 0x00, 0x00, 0x00, 0x00, 0x00, 0x06,
  0x00, 0x00, 0x00, 0x76, 0x5f, 0x63, 0x6c, 0x69, 0x70, 0x04, 0x00, 0x00,
  0x00, 0x00, 0x00, 0x00, 0x00, 0x00, 0x00, 0x00, 0x00, 0x00, 0x00, 0x00,
  0x00, 0x01, 0x00, 0x00, 0x00, 0x0c, 0x00, 0x00, 0x00, 0x02, 0x00, 0x00,
  0x00, 0x01, 0x00, 0x00, 0x00, 0x20, 0x00, 0x00, 0x00, 0x00, 0x00, 0x00,
  0x00, 0x00, 0x00, 0x00, 0x00, 0x00, 0x00, 0x00, 0x00, 0x00, 0x00, 0x00,
  0x00, 0x00, 0x00, 0x00, 0x00, 0x00, 0x00, 0x00, 0x00, 0x00, 0x00, 0x00,
  0x00, 0x00, 0x00, 0x00, 0x1c, 0x00, 0x00, 0x00, 0xff, 0xff, 0xff, 0xff,
  0xff, 0xff, 0xff, 0xff, 0x00, 0x00, 0x00, 0x00, 0x00, 0x00, 0x00, 0x00,
  0x00, 0x00, 0x00, 0x00, 0x00, 0x00, 0x00, 0x00, 0x00, 0x00, 0x00, 0x00,
  0x00, 0x00, 0x00, 0x00, 0x00, 0x00, 0x00, 0x00, 0x00, 0x00, 0x00, 0x00,
  0x00, 0x00, 0x00, 0x00, 0x00, 0x00, 0x00, 0x00, 0x00, 0x00, 0x00, 0x00,
  0x00, 0x00, 0x00, 0x00, 0x00, 0x00, 0x00, 0x00, 0x00, 0x00, 0x00, 0x00,
  0x00, 0x00, 0x00, 0x00, 0x00, 0x00, 0x00, 0x00, 0x00, 0x00, 0x00, 0x00,
  0x00, 0x00, 0x00, 0x00, 0x00, 0x00, 0x00, 0x00, 0x00, 0x00, 0x00, 0x00,
  0x00, 0x00, 0x00, 0x00, 0x00, 0x00, 0x00, 0x00, 0x01, 0x00, 0x00, 0x00,
  0x00, 0x00, 0x00, 0x00, 0x08, 0x00, 0x00, 0x00, 0x07, 0x00, 0x00, 0x00,
  0x01, 0x00, 0x00, 0x00, 0x01, 0x00, 0x00, 0x00, 0x29, 0x00, 0x00, 0x00,
  0x5f, 0x52, 0x45, 0x53, 0x45, 0x52, 0x56, 0x45, 0x44, 0x5f, 0x49, 0x44,
  0x45, 0x4e, 0x54, 0x49, 0x46, 0x49, 0x45, 0x52, 0x5f, 0x46, 0x49, 0x58,
  0x55, 0x50, 0x5f, 0x67, 0x6c, 0x5f, 0x56, 0x65, 0x72, 0x74, 0x65, 0x78,
  0x49, 0x6e, 0x64, 0x65, 0x78, 0x03, 0x00, 0x00, 0x00, 0x00, 0x00, 0x00,
  0x00, 0x00, 0x00, 0x00, 0x00, 0x00, 0x00, 0x00, 0x00, 0x01, 0x00, 0x00,
  0x00, 0x07, 0x00, 0x00, 0x00, 0x01, 0x00, 0x00, 0x00, 0x01, 0x00, 0x00,
  0x00, 0x20, 0x00, 0x00, 0x00, 0x00, 0x00, 0x00, 0x00, 0x00, 0x00, 0x00,
  0x00, 0x00, 0x00, 0x00, 0x00, 0x00, 0x00, 0x00, 0x00, 0x00, 0x00, 0x00,
  0x00, 0x00, 0x00, 0x00, 0x00, 0x00, 0x00, 0x00, 0x00, 0x00, 0x00, 0x00,
  0x0c, 0x00, 0x00, 0x00, 0xff, 0xff, 0xff, 0xff, 0xff, 0xff, 0xff, 0xff,
  0x04, 0x00, 0x00, 0x00, 0x00, 0x00, 0x00, 0x00, 0x01, 0x00, 0x00, 0x00,
  0x0c, 0x00, 0x00, 0x00, 0x04, 0x00, 0x00, 0x00, 0x01, 0x00, 0x00, 0x00,
  0x27, 0x00, 0x00, 0x00, 0x5f, 0x52, 0x45, 0x53, 0x45, 0x52, 0x56, 0x45,
  0x44, 0x5f, 0x49, 0x44, 0x45, 0x4e, 0x54, 0x49, 0x46, 0x49, 0x45, 0x52,
  0x5f, 0x46, 0x49, 0x58, 0x55, 0x50, 0x5f, 0x67, 0x6c, 0x5f, 0x50, 0x65,
  0x72, 0x56, 0x65, 0x72, 0x74, 0x65, 0x78, 0x04, 0x00, 0x00, 0x00, 0x00,
  0x00, 0x00, 0x00, 0x00, 0x00, 0x00, 0x00, 0x00, 0x00, 0x00, 0x00, 0x01,
  0x00, 0x00, 0x00, 0x0f, 0x00, 0x00, 0x00, 0x01, 0x00, 0x00, 0x00, 0x01,
  0x00, 0x00, 0x00, 0x00, 0x00, 0x00, 0x00, 0x00, 0x00, 0x00, 0x00, 0x00,
  0x00, 0x00, 0x00, 0x00, 0x00, 0x00, 0x00, 0x00, 0x00, 0x00, 0x00, 0x00,
  0x00, 0x00, 0x00, 0x00, 0x00, 0x00, 0x00, 0x00, 0x00, 0x00, 0x00, 0x00,
  0x00, 0x00, 0x24, 0x00, 0x00, 0x00, 0xff, 0xff, 0xff, 0xff, 0xff, 0xff,
  0xff, 0xff, 0x02, 0x00, 0x00, 0x00, 0x0c, 0x00, 0x00, 0x00, 0x01, 0x00,
  0x00, 0x00, 0x01, 0x00, 0x00, 0x00, 0x27, 0x00, 0x00, 0x00, 0x5f, 0x52,
  0x45, 0x53, 0x45, 0x52, 0x56, 0x45, 0x44, 0x5f, 0x49, 0x44, 0x45, 0x4e,
  0x54, 0x49, 0x46, 0x49, 0x45, 0x52, 0x5f, 0x46, 0x49, 0x58, 0x55, 0x50,
  0x5f, 0x67, 0x6c, 0x5f, 0x50, 0x65, 0x72, 0x56, 0x65, 0x72, 0x74, 0x65,
  0x78, 0x04, 0x00, 0x00, 0x00, 0x00, 0x00, 0x00, 0x00, 0x00, 0x00, 0x00,
  0x00, 0x00, 0x00, 0x00, 0x00, 0x01, 0x00, 0x00, 0x00, 0x0f, 0x00, 0x00,
  0x00, 0x01, 0x00, 0x00, 0x00, 0x01, 0x00, 0x00, 0x00, 0x00, 0x00, 0x00,
  0x00, 0x00, 0x00, 0x00, 0x00, 0x00, 0x00, 0x00, 0x00, 0x00, 0x00, 0x00,
  0x00, 0x00, 0x00, 0x00, 0x00, 0x00, 0x00, 0x00, 0x00, 0x00, 0x00, 0x00,
  0x00, 0x00, 0x00, 0x00, 0x00, 0x00, 0x00, 0x00, 0x24, 0x00, 0x00, 0x00,
  0xff, 0xff, 0xff, 0xff, 0xff, 0xff, 0xff, 0xff, 0x03, 0x00, 0x00, 0x00,
  0x0c, 0x00, 0x00, 0x00, 0x01, 0x00, 0x00, 0x00, 0x01, 0x00, 0x00, 0x00,
  0x27, 0x00, 0x00, 0x00, 0x5f, 0x52, 0x45, 0x53, 0x45, 0x52, 0x56, 0x45,
  0x44, 0x5f, 0x49, 0x44, 0x45, 0x4e, 0x54, 0x49, 0x46, 0x49, 0x45, 0x52,
  0x5f, 0x46, 0x49, 0x58, 0x55, 0x50, 0x5f, 0x67, 0x6c, 0x5f, 0x50, 0x65,
  0x72, 0x56, 0x65, 0x72, 0x74, 0x65, 0x78, 0x04, 0x00, 0x00, 0x00, 0x00,
  0x00, 0x00, 0x00, 0x00, 0x00, 0x00, 0x00, 0x00, 0x00, 0x00, 0x00, 0x01,
  0x00, 0x00, 0x00, 0x0f, 0x00, 0x00, 0x00, 0x01, 0x00, 0x00, 0x00, 0x01,
  0x00, 0x00, 0x00, 0x00, 0x00, 0x00, 0x00, 0x00, 0x00, 0x00, 0x00, 0x00,
  0x00, 0x00, 0x00, 0x00, 0x00, 0x00, 0x00, 0x00, 0x00, 0x00, 0x00, 0x00,
  0x00, 0x00, 0x00, 0x00, 0x00, 0x00, 0x00, 0x00, 0x00, 0x00, 0x00, 0x00,
  0x00, 0x00, 0x24, 0x00, 0x00, 0x00, 0xff, 0xff, 0xff, 0xff, 0xff, 0xff,
  0xff, 0xff, 0x04, 0x00, 0x00, 0x00, 0x0c, 0x00, 0x00, 0x00, 0x01, 0x00,
  0x00, 0x00, 0x01, 0x00, 0x00, 0x00, 0x27, 0x00, 0x00, 0x00, 0x5f, 0x52,
  0x45, 0x53, 0x45, 0x52, 0x56, 0x45, 0x44, 0x5f, 0x49, 0x44, 0x45, 0x4e,
  0x54, 0x49, 0x46, 0x49, 0x45, 0x52, 0x5f, 0x46, 0x49, 0x58, 0x55, 0x50,
  0x5f, 0x67, 0x6c, 0x5f, 0x50, 0x65, 0x72, 0x56, 0x65, 0x72, 0x74, 0x65,
  0x78, 0x04, 0x00, 0x00, 0x00, 0x00, 0x00, 0x00, 0x00, 0x00, 0x00, 0x00,
  0x00, 0x00, 0x00, 0x00, 0x00, 0x01, 0x00, 0x00, 0x00, 0x0f, 0x00, 0x00,
  0x00, 0x01, 0x00, 0x00, 0x00, 0x01, 0x00, 0x00, 0x00, 0x00, 0x00, 0x00,
  0x00, 0x00, 0x00, 0x00, 0x00, 0x00, 0x00, 0x00, 0x00, 0x00, 0x00, 0x00,
  0x00, 0x00, 0x00, 0x00, 0x00, 0x00, 0x00, 0x00, 0x00, 0x00, 0x00, 0x00,
  0x00, 0x00, 0x00, 0x00, 0x00, 0x00, 0x00, 0x00, 0x24, 0x00, 0x00, 0x00,
  0xff, 0xff, 0xff, 0xff, 0xff, 0xff, 0xff, 0xff, 0x00, 0x00, 0x00, 0x00,
  0x00, 0x00, 0x00, 0x00, 0x01, 0x00, 0x00, 0x00, 0x01, 0x00, 0x00, 0x00,
  0x01, 0x00, 0x00, 0x00, 0x00, 0x00, 0x00, 0x00, 0x00, 0x00, 0x00, 0x00,
  0x00, 0x00, 0x00, 0x00, 0x00, 0x00, 0x01, 0x00, 0x00, 0x00, 0x00, 0x00,
  0x00, 0x00, 0x0d, 0x00, 0x00, 0x00, 0x43, 0x61, 0x70, 0x61, 0x62, 0x69,
  0x6c, 0x69, 0x74, 0x79, 0x28, 0x31, 0x29, 0x00, 0x00, 0x00, 0x00, 0x00,
  0x00, 0x00, 0x00, 0x00, 0x00, 0x00, 0x00, 0x00, 0x00, 0x00, 0x00, 0x00,
  0x56, 0x41, 0x52, 0x54, 0x79, 0x0a, 0x00, 0x00, 0x03, 0x00, 0x00, 0x00,
  0x04, 0x00, 0x00, 0x00, 0x6d, 0x61, 0x69, 0x6e, 0xd3, 0x01, 0x00, 0x00,
  0x23, 0x69, 0x6e, 0x63, 0x6c, 0x75, 0x64, 0x65, 0x20, 0x3c, 0x6d, 0x65,
  0x74, 0x61, 0x6c, 0x5f, 0x73, 0x74, 0x64, 0x6c, 0x69, 0x62, 0x3e, 0x0a,
  0x23, 0x69, 0x6e, 0x63, 0x6c, 0x75, 0x64, 0x65, 0x20, 0x3c, 0x73, 0x69,
  0x6d, 0x64, 0x2f, 0x73, 0x69, 0x6d, 0x64, 0x2e, 0x68, 0x3e, 0x0a, 0x0a,
  0x75, 0x73, 0x69, 0x6e, 0x67, 0x20, 0x6e, 0x61, 0x6d, 0x65, 0x73, 0x70,
  0x61, 0x63, 0x65, 0x20, 0x6d, 0x65, 0x74, 0x61, 0x6c, 0x3b, 0x0a, 0x0a,
  0x73, 0x74, 0x72, 0x75, 0x63, 0x74, 0x20, 0x6d, 0x61, 0x69, 0x6e, 0x30,
  0x5f, 0x6f, 0x75, 0x74, 0x0a, 0x7b, 0x0a, 0x20, 0x20, 0x20, 0x20, 0x66,
  0x6c, 0x6f, 0x61, 0x74, 0x32, 0x20, 0x76, 0x5f, 0x63, 0x6c, 0x69, 0x70,
  0x20, 0x5b, 0x5b, 0x75, 0x73, 0x65, 0x72, 0x28, 0x6c, 0x6f, 0x63, 0x6e,
  0x30, 0x29, 0x5d, 0x5d, 0x3b, 0x0a, 0x20, 0x20, 0x20, 0x20, 0x66, 0x6c,
  0x6f, 0x61, 0x74, 0x34, 0x20, 0x67, 0x6c, 0x5f, 0x50, 0x6f, 0x73, 0x69,
  0x74, 0x69, 0x6f, 0x6e, 0x20, 0x5b, 0x5b, 0x70, 0x6f, 0x73, 0x69, 0x74,
  0x69, 0x6f, 0x6e, 0x5d, 0x5d, 0x3b, 0x0a, 0x7d, 0x3b, 0x0a, 0x0a, 0x76,
  0x65, 0x72, 0x74, 0x65, 0x78, 0x20, 0x6d, 0x61, 0x69, 0x6e, 0x30, 0x5f,
  0x6f, 0x75, 0x74, 0x20, 0x6d, 0x61, 0x69, 0x6e, 0x30, 0x28, 0x75, 0x69,
  0x6e, 0x74, 0x20, 0x67, 0x6c, 0x5f, 0x56, 0x65, 0x72, 0x74, 0x65, 0x78,
  0x49, 0x6e, 0x64, 0x65, 0x78, 0x20, 0x5b, 0x5b, 0x76, 0x65, 0x72, 0x74,
  0x65, 0x78, 0x5f, 0x69, 0x64, 0x5d, 0x5d, 0x29, 0x0a, 0x7b, 0x0a, 0x20,
  0x20, 0x20, 0x20, 0x6d, 0x61, 0x69, 0x6e, 0x30, 0x5f, 0x6f, 0x75, 0x74,
  0x20, 0x6f, 0x75, 0x74, 0x20, 0x3d, 0x20, 0x7b, 0x7d, 0x3b, 0x0a, 0x20,
  0x20, 0x20, 0x20, 0x66, 0x6c, 0x6f, 0x61, 0x74, 0x32, 0x20, 0x70, 0x6f,
  0x73, 0x69, 0x74, 0x69, 0x6f, 0x6e, 0x20, 0x3d, 0x20, 0x66, 0x6c, 0x6f,
  0x61, 0x74, 0x32, 0x28, 0x66, 0x6c, 0x6f, 0x61, 0x74, 0x28, 0x28, 0x69,
  0x6e, 0x74, 0x28, 0x67, 0x6c, 0x5f, 0x56, 0x65, 0x72, 0x74, 0x65, 0x78,
  0x49, 0x6e, 0x64, 0x65, 0x78, 0x29, 0x20, 0x26, 0x20, 0x31, 0x29, 0x20,
  0x3c, 0x3c, 0x20, 0x32, 0x29, 0x20, 0x2d, 0x20, 0x31, 0x2e, 0x30, 0x2c,
  0x20, 0x66, 0x6c, 0x6f, 0x61, 0x74, 0x28, 0x28, 0x69, 0x6e, 0x74, 0x28,
  0x67, 0x6c, 0x5f, 0x56, 0x65, 0x72, 0x74, 0x65, 0x78, 0x49, 0x6e, 0x64,
  0x65, 0x78, 0x29, 0x20, 0x26, 0x20, 0x32, 0x29, 0x20, 0x3c, 0x3c, 0x20,
  0x31, 0x29, 0x20, 0x2d, 0x20, 0x31, 0x2e, 0x30, 0x29, 0x3b, 0x0a, 0x20,
  0x20, 0x20, 0x20, 0x6f, 0x75, 0x74, 0x2e, 0x76, 0x5f, 0x63, 0x6c, 0x69,
  0x70, 0x20, 0x3d, 0x20, 0x70, 0x6f, 0x73, 0x69, 0x74, 0x69, 0x6f, 0x6e,
  0x3b, 0x0a, 0x20, 0x20, 0x20, 0x20, 0x6f, 0x75, 0x74, 0x2e, 0x67, 0x6c,
  0x5f, 0x50, 0x6f, 0x73, 0x69, 0x74, 0x69, 0x6f, 0x6e, 0x20, 0x3d, 0x20,
  0x66, 0x6c, 0x6f, 0x61, 0x74, 0x34, 0x28, 0x70, 0x6f, 0x73, 0x69, 0x74,
  0x69, 0x6f, 0x6e, 0x2c, 0x20, 0x30, 0x2e, 0x35, 0x2c, 0x20, 0x31, 0x2e,
  0x30, 0x29, 0x3b, 0x0a, 0x20, 0x20, 0x20, 0x20, 0x72, 0x65, 0x74, 0x75,
  0x72, 0x6e, 0x20, 0x6f, 0x75, 0x74, 0x3b, 0x0a, 0x7d, 0x0a, 0x0a, 0x49,
  0x53, 0x52, 0x43, 0x92, 0x04, 0x00, 0x00, 0x2f, 0x2a, 0x0a, 0x20, 0x20,
  0x3d, 0x3d, 0x3d, 0x3d, 0x3d, 0x3d, 0x3d, 0x3d, 0x3d, 0x3d, 0x3d, 0x3d,
  0x3d, 0x3d, 0x3d, 0x3d, 0x3d, 0x3d, 0x3d, 0x3d, 0x3d, 0x3d, 0x3d, 0x3d,
  0x3d, 0x3d, 0x3d, 0x3d, 0x3d, 0x3d, 0x3d, 0x3d, 0x3d, 0x3d, 0x3d, 0x3d,
  0x3d, 0x3d, 0x3d, 0x3d, 0x3d, 0x3d, 0x3d, 0x3d, 0x3d, 0x3d, 0x3d, 0x3d,
  0x3d, 0x3d, 0x3d, 0x3d, 0x3d, 0x3d, 0x3d, 0x3d, 0x3d, 0x3d, 0x3d, 0x3d,
  0x3d, 0x3d, 0x3d, 0x3d, 0x3d, 0x3d, 0x3d, 0x3d, 0x3d, 0x3d, 0x3d, 0x3d,
  0x3d, 0x3d, 0x3d, 0x3d, 0x3d, 0x3d, 0x0a, 0x0a, 0x20, 0x20, 0x20, 0x54,
  0x68, 0x69, 0x73, 0x20, 0x66, 0x69, 0x6c, 0x65, 0x20, 0x69, 0x73, 0x20,
  0x70, 0x61, 0x72, 0x74, 0x20, 0x6f, 0x66, 0x20, 0x74, 0x68, 0x65, 0x20,
  0x59, 0x55, 0x50, 0x20, 0x6c, 0x69, 0x62, 0x72, 0x61, 0x72, 0x79, 0x2e,
  0x0a, 0x20, 0x20, 0x20, 0x43, 0x6f, 0x70, 0x79, 0x72, 0x69, 0x67, 0x68,
  0x74, 0x20, 0x28, 0x63, 0x29, 0x20, 0x32, 0x30, 0x32, 0x36, 0x20, 0x2d,
  0x20, 0x6b, 0x75, 0x6e, 0x69, 0x74, 0x6f, 0x6b, 0x69, 0x40, 0x67, 0x6d,
  0x61, 0x69, 0x6c, 0x2e, 0x63, 0x6f, 0x6d, 0x0a, 0x0a, 0x20, 0x20, 0x20,
  0x59, 0x55, 0x50, 0x20, 0x69, 0x73, 0x20, 0x61, 0x6e, 0x20, 0x6f, 0x70,
  0x65, 0x6e, 0x20, 0x73, 0x6f, 0x75, 0x72, 0x63, 0x65, 0x20, 0x6c, 0x69,
  0x62, 0x72, 0x61, 0x72, 0x79, 0x20, 0x73, 0x75, 0x62, 0x6a, 0x65, 0x63,
  0x74, 0x20, 0x74, 0x6f, 0x20, 0x6f, 0x70, 0x65, 0x6e, 0x2d, 0x73, 0x6f,
  0x75, 0x72, 0x63, 0x65, 0x20, 0x6c, 0x69, 0x63, 0x65, 0x6e, 0x73, 0x69,
  0x6e, 0x67, 0x2e, 0x0a, 0x0a, 0x20, 0x20, 0x20, 0x54, 0x68, 0x65, 0x20,
  0x63, 0x6f, 0x64, 0x65, 0x20, 0x69, 0x6e, 0x63, 0x6c, 0x75, 0x64, 0x65,
  0x64, 0x20, 0x69, 0x6e, 0x20, 0x74, 0x68, 0x69, 0x73, 0x20, 0x66, 0x69,
  0x6c, 0x65, 0x20, 0x69, 0x73, 0x20, 0x70, 0x72, 0x6f, 0x76, 0x69, 0x64,
  0x65, 0x64, 0x20, 0x75, 0x6e, 0x64, 0x65, 0x72, 0x20, 0x74, 0x68, 0x65,
  0x20, 0x74, 0x65, 0x72, 0x6d, 0x73, 0x20, 0x6f, 0x66, 0x20, 0x74, 0x68,
  0x65, 0x20, 0x49, 0x53, 0x43, 0x20, 0x6c, 0x69, 0x63, 0x65, 0x6e, 0x73,
  0x65, 0x0a, 0x20, 0x20, 0x20, 0x68, 0x74, 0x74, 0x70, 0x3a, 0x2f, 0x2f,
  0x77, 0x77, 0x77, 0x2e, 0x69, 0x73, 0x63, 0x2e, 0x6f, 0x72, 0x67, 0x2f,
  0x64, 0x6f, 0x77, 0x6e, 0x6c, 0x6f, 0x61, 0x64, 0x73, 0x2f, 0x73, 0x6f,
  0x66, 0x74, 0x77, 0x61, 0x72, 0x65, 0x2d, 0x73, 0x75, 0x70, 0x70, 0x6f,
  0x72, 0x74, 0x2d, 0x70, 0x6f, 0x6c, 0x69, 0x63, 0x79, 0x2f, 0x69, 0x73,
  0x63, 0x2d, 0x6c, 0x69, 0x63, 0x65, 0x6e, 0x73, 0x65, 0x2e, 0x20, 0x50,
  0x65, 0x72, 0x6d, 0x69, 0x73, 0x73, 0x69, 0x6f, 0x6e, 0x0a, 0x20, 0x20,
  0x20, 0x74, 0x6f, 0x20, 0x75, 0x73, 0x65, 0x2c, 0x20, 0x63, 0x6f, 0x70,
  0x79, 0x2c, 0x20, 0x6d, 0x6f, 0x64, 0x69, 0x66, 0x79, 0x2c, 0x20, 0x61,
  0x6e, 0x64, 0x2f, 0x6f, 0x72, 0x20, 0x64, 0x69, 0x73, 0x74, 0x72, 0x69,
  0x62, 0x75, 0x74, 0x65, 0x20, 0x74, 0x68, 0x69, 0x73, 0x20, 0x73, 0x6f,
  0x66, 0x74, 0x77, 0x61, 0x72, 0x65, 0x20, 0x66, 0x6f, 0x72, 0x20, 0x61,
  0x6e, 0x79, 0x20, 0x70, 0x75, 0x72, 0x70, 0x6f, 0x73, 0x65, 0x20, 0x77,
  0x69, 0x74, 0x68, 0x20, 0x6f, 0x72, 0x0a, 0x20, 0x20, 0x20, 0x77, 0x69,
  0x74, 0x68, 0x6f, 0x75, 0x74, 0x20, 0x66, 0x65, 0x65, 0x20, 0x69, 0x73,
  0x20, 0x68, 0x65, 0x72, 0x65, 0x62, 0x79, 0x20, 0x67, 0x72, 0x61, 0x6e,
  0x74, 0x65, 0x64, 0x20, 0x70, 0x72, 0x6f, 0x76, 0x69, 0x64, 0x65, 0x64,
  0x20, 0x74, 0x68, 0x61, 0x74, 0x20, 0x74, 0x68, 0x65, 0x20, 0x61, 0x62,
  0x6f, 0x76, 0x65, 0x20, 0x63, 0x6f, 0x70, 0x79, 0x72, 0x69, 0x67, 0x68,
  0x74, 0x20, 0x6e, 0x6f, 0x74, 0x69, 0x63, 0x65, 0x20, 0x61, 0x6e, 0x64,
  0x0a, 0x20, 0x20, 0x20, 0x74, 0x68, 0x69, 0x73, 0x20, 0x70, 0x65, 0x72,
  0x6d, 0x69, 0x73, 0x73, 0x69, 0x6f, 0x6e, 0x20, 0x6e, 0x6f, 0x74, 0x69,
  0x63, 0x65, 0x20, 0x61, 0x70, 0x70, 0x65, 0x61, 0x72, 0x20, 0x69, 0x6e,
  0x20, 0x61, 0x6c, 0x6c, 0x20, 0x63, 0x6f, 0x70, 0x69, 0x65, 0x73, 0x2e,
  0x0a, 0x0a, 0x20, 0x20, 0x20, 0x59, 0x55, 0x50, 0x20, 0x49, 0x53, 0x20,
  0x50, 0x52, 0x4f, 0x56, 0x49, 0x44, 0x45, 0x44, 0x20, 0x22, 0x41, 0x53,
  0x20, 0x49, 0x53, 0x22, 0x20, 0x57, 0x49, 0x54, 0x48, 0x4f, 0x55, 0x54,
  0x20, 0x41, 0x4e, 0x59, 0x20, 0x57, 0x41, 0x52, 0x52, 0x41, 0x4e, 0x54,
  0x59, 0x2c, 0x20, 0x41, 0x4e, 0x44, 0x20, 0x41, 0x4c, 0x4c, 0x20, 0x57,
  0x41, 0x52, 0x52, 0x41, 0x4e, 0x54, 0x49, 0x45, 0x53, 0x2c, 0x20, 0x57,
  0x48, 0x45, 0x54, 0x48, 0x45, 0x52, 0x0a, 0x20, 0x20, 0x20, 0x45, 0x58,
  0x50, 0x52, 0x45, 0x53, 0x53, 0x45, 0x44, 0x20, 0x4f, 0x52, 0x20, 0x49,
  0x4d, 0x50, 0x4c, 0x49, 0x45, 0x44, 0x2c, 0x20, 0x49, 0x4e, 0x43, 0x4c,
  0x55, 0x44, 0x49, 0x4e, 0x47, 0x20, 0x4d, 0x45, 0x52, 0x43, 0x48, 0x41,
  0x4e, 0x54, 0x41, 0x42, 0x49, 0x4c, 0x49, 0x54, 0x59, 0x20, 0x41, 0x4e,
  0x44, 0x20, 0x46, 0x49, 0x54, 0x4e, 0x45, 0x53, 0x53, 0x20, 0x46, 0x4f,
  0x52, 0x20, 0x50, 0x55, 0x52, 0x50, 0x4f, 0x53, 0x45, 0x2c, 0x20, 0x41,
  0x52, 0x45, 0x0a, 0x20, 0x20, 0x20, 0x44, 0x49, 0x53, 0x43, 0x4c, 0x41,
  0x49, 0x4d, 0x45, 0x44, 0x2e, 0x0a, 0x0a, 0x20, 0x20, 0x3d, 0x3d, 0x3d,
  0x3d, 0x3d, 0x3d, 0x3d, 0x3d, 0x3d, 0x3d, 0x3d, 0x3d, 0x3d, 0x3d, 0x3d,
  0x3d, 0x3d, 0x3d, 0x3d, 0x3d, 0x3d, 0x3d, 0x3d, 0x3d, 0x3d, 0x3d, 0x3d,
  0x3d, 0x3d, 0x3d, 0x3d, 0x3d, 0x3d, 0x3d, 0x3d, 0x3d, 0x3d, 0x3d, 0x3d,
  0x3d, 0x3d, 0x3d, 0x3d, 0x3d, 0x3d, 0x3d, 0x3d, 0x3d, 0x3d, 0x3d, 0x3d,
  0x3d, 0x3d, 0x3d, 0x3d, 0x3d, 0x3d, 0x3d, 0x3d, 0x3d, 0x3d, 0x3d, 0x3d,
  0x3d, 0x3d, 0x3d, 0x3d, 0x3d, 0x3d, 0x3d, 0x3d, 0x3d, 0x3d, 0x3d, 0x3d,
  0x3d, 0x3d, 0x3d, 0x0a, 0x2a, 0x2f, 0x0a, 0x0a, 0x23, 0x76, 0x65, 0x72,
  0x73, 0x69, 0x6f, 0x6e, 0x20, 0x34, 0x35, 0x30, 0x0a, 0x0a, 0x2f, 0x2f,
  0x20, 0x41, 0x20, 0x74, 0x72, 0x69, 0x61, 0x6e, 0x67, 0x6c, 0x65, 0x20,
  0x63, 0x6f, 0x76, 0x65, 0x72, 0x69, 0x6e, 0x67, 0x20, 0x74, 0x68, 0x65,
  0x20, 0x76, 0x69, 0x65, 0x77, 0x70, 0x6f, 0x72, 0x74, 0x2c, 0x20, 0x64,
  0x72, 0x61, 0x77, 0x6e, 0x20, 0x62, 0x65, 0x68, 0x69, 0x6e, 0x64, 0x20,
  0x74, 0x68, 0x65, 0x20, 0x73, 0x63, 0x65, 0x6e, 0x65, 0x2e, 0x0a, 0x0a,
  0x6c, 0x61, 0x79, 0x6f, 0x75, 0x74, 0x28, 0x6c, 0x6f, 0x63, 0x61, 0x74,
  0x69, 0x6f, 0x6e, 0x20, 0x3d, 0x20, 0x30, 0x29, 0x20, 0x6f, 0x75, 0x74,
  0x20, 0x76, 0x65, 0x63, 0x32, 0x20, 0x76, 0x5f, 0x63, 0x6c, 0x69, 0x70,
  0x3b, 0x0a, 0x0a, 0x76, 0x6f, 0x69, 0x64, 0x20, 0x6d, 0x61, 0x69, 0x6e,
  0x28, 0x29, 0x0a, 0x7b, 0x0a, 0x20, 0x20, 0x20, 0x20, 0x76, 0x65, 0x63,
  0x32, 0x20, 0x70, 0x6f, 0x73, 0x69, 0x74, 0x69, 0x6f, 0x6e, 0x20, 0x3d,
  0x20, 0x76, 0x65, 0x63, 0x32, 0x28, 0x66, 0x6c, 0x6f, 0x61, 0x74, 0x28,
  0x28, 0x67, 0x6c, 0x5f, 0x56, 0x65, 0x72, 0x74, 0x65, 0x78, 0x49, 0x6e,
  0x64, 0x65, 0x78, 0x20, 0x26, 0x20, 0x31, 0x29, 0x20, 0x3c, 0x3c, 0x20,
  0x32, 0x29, 0x20, 0x2d, 0x20, 0x31, 0x2e, 0x30, 0x2c, 0x20, 0x66, 0x6c,
  0x6f, 0x61, 0x74, 0x28, 0x28, 0x67, 0x6c, 0x5f, 0x56, 0x65, 0x72, 0x74,
  0x65, 0x78, 0x49, 0x6e, 0x64, 0x65, 0x78, 0x20, 0x26, 0x20, 0x32, 0x29,
  0x20, 0x3c, 0x3c, 0x20, 0x31, 0x29, 0x20, 0x2d, 0x20, 0x31, 0x2e, 0x30,
  0x29, 0x3b, 0x0a, 0x0a, 0x20, 0x20, 0x20, 0x20, 0x76, 0x5f, 0x63, 0x6c,
  0x69, 0x70, 0x20, 0x3d, 0x20, 0x70, 0x6f, 0x73, 0x69, 0x74, 0x69, 0x6f,
  0x6e, 0x3b, 0x0a, 0x20, 0x20, 0x20, 0x20, 0x67, 0x6c, 0x5f, 0x50, 0x6f,
  0x73, 0x69, 0x74, 0x69, 0x6f, 0x6e, 0x20, 0x3d, 0x20, 0x76, 0x65, 0x63,
  0x34, 0x28, 0x70, 0x6f, 0x73, 0x69, 0x74, 0x69, 0x6f, 0x6e, 0x2c, 0x20,
  0x30, 0x2e, 0x35, 0x2c, 0x20, 0x31, 0x2e, 0x30, 0x29, 0x3b, 0x0a, 0x7d,
  0x0a, 0x52, 0x45, 0x46, 0x4c, 0xf4, 0x03, 0x00, 0x00, 0x01, 0x00, 0x00,
  0x00, 0x00, 0x00, 0x00, 0x00, 0x04, 0x00, 0x00, 0x00, 0x6d, 0x61, 0x69,
  0x6e, 0x00, 0x00, 0x00, 0x00, 0x00, 0x00, 0x00, 0x00, 0x00, 0x00, 0x00,
  0x00, 0x00, 0x00, 0x00, 0x00, 0x00, 0x00, 0x00, 0x00, 0x00, 0x00, 0x00,
  0x00, 0x00, 0x00, 0x00, 0x00, 0x01, 0x00, 0x00, 0x00, 0x00, 0x00, 0x00,
  0x00, 0x06, 0x00, 0x00, 0x00, 0x76, 0x5f, 0x63, 0x6c, 0x69, 0x70, 0x04,
  0x00, 0x00, 0x00, 0x00, 0x00, 0x00, 0x00, 0x00, 0x00, 0x00, 0x00, 0x00,
  0x00, 0x00, 0x00, 0x01, 0x00, 0x00, 0x00, 0x0c, 0x00, 0x00, 0x00, 0x02,
  0x00, 0x00, 0x00, 0x01, 0x00, 0x00, 0x00, 0x20, 0x00, 0x00, 0x00, 0x00,
  0x00, 0x00, 0x00, 0x00, 0x00, 0x00, 0x00, 0x00, 0x00, 0x00, 0x00, 0x00,
  0x00, 0x00, 0x00, 0x00, 0x00, 0x00, 0x00, 0x00, 0x00, 0x00, 0x00, 0x00,
  0x00, 0x00, 0x00, 0x00, 0x00, 0x00, 0x1c, 0x00, 0x00, 0x00, 0xff, 0xff,
  0xff, 0xff, 0xff, 0xff, 0xff, 0xff, 0x00, 0x00, 0x00, 0x00, 0x00, 0x00,
  0x00, 0x00, 0x00, 0x00, 0x00, 0x00, 0x00, 0x00, 0x00, 0x00, 0x00, 0x00,
  0x00, 0x00, 0x00, 0x00, 0x00, 0x00, 0x00, 0x00, 0x00, 0x00, 0x00, 0x00,
  0x00, 0x00, 0x00, 0x00, 0x00, 0x00, 0x00, 0x00, 0x00, 0x00, 0x00, 0x00,
  0x00, 0x00, 0x00, 0x00, 0x00, 0x00, 0x00, 0x00, 0x00, 0x00, 0x00, 0x00,
  0x00, 0x00, 0x00, 0x00, 0x00, 0x00, 0x00, 0x00, 0x00, 0x00, 0x00, 0x00,
  0x00, 0x00, 0x00, 0x00, 0x00, 0x00, 0x00, 0x00, 0x00, 0x00, 0x00, 0x00,
  0x00, 0x00, 0x00, 0x00, 0x00, 0x00, 0x00, 0x00, 0x00, 0x00, 0x01, 0x00,
  0x00, 0x00, 0x00, 0x00, 0x00, 0x00, 0x08, 0x00, 0x00, 0x00, 0x07, 0x00,
  0x00, 0x00, 0x01, 0x00, 0x00, 0x00, 0x01, 0x00, 0x00, 0x00, 0x29, 0x00,
  0x00, 0x00, 0x5f, 0x52, 0x45, 0x53, 0x45, 0x52, 0x56, 0x45, 0x44, 0x5f,
  0x49, 0x44, 0x45, 0x4e, 0x54, 0x49, 0x46, 0x49, 0x45, 0x52, 0x5f, 0x46,
  0x49, 0x58, 0x55, 0x50, 0x5f, 0x67, 0x6c, 0x5f, 0x56, 0x65, 0x72, 0x74,
  0x65, 0x78, 0x49, 0x6e, 0x64, 0x65, 0x78, 0x03, 0x00, 0x00, 0x00, 0x00,
  0x00, 0x00, 0x00, 0x00, 0x00, 0x00, 0x00, 0x00, 0x00, 0x00, 0x00, 0x01,
  0x00, 0x00, 0x00, 0x07, 0x00, 0x00, 0x00, 0x01, 0x00, 0x00, 0x00, 0x01,
  0x00, 0x00, 0x00, 0x20, 0x00, 0x00, 0x00, 0x00, 0x00, 0x00, 0x00, 0x00,
  0x00, 0x00, 0x00, 0x00, 0x00, 0x00, 0x00, 0x00, 0x00, 0x00, 0x00, 0x00,
  0x00, 0x00, 0x00, 0x00, 0x00, 0x00, 0x00, 0x00, 0x00, 0x00, 0x00, 0x00,
  0x00, 0x00, 0x0c, 0x00, 0x00, 0x00, 0xff, 0xff, 0xff, 0xff, 0xff, 0xff,
  0xff, 0xff, 0x04, 0x00, 0x00, 0x00, 0x00, 0x00, 0x00, 0x00, 0x01, 0x00,
  0x00, 0x00, 0x0c, 0x00, 0x00, 0x00, 0x04, 0x00, 0x00, 0x00, 0x01, 0x00,
  0x00, 0x00, 0x27, 0x00, 0x00, 0x00, 0x5f, 0x52, 0x45, 0x53, 0x45, 0x52,
  0x56, 0x45, 0x44, 0x5f, 0x49, 0x44, 0x45, 0x4e, 0x54, 0x49, 0x46, 0x49,
  0x45, 0x52, 0x5f, 0x46, 0x49, 0x58, 0x55, 0x50, 0x5f, 0x67, 0x6c, 0x5f,
  0x50, 0x65, 0x72, 0x56, 0x65, 0x72, 0x74, 0x65, 0x78, 0x04, 0x00, 0x00,
  0x00, 0x00, 0x00, 0x00, 0x00, 0x00, 0x00, 0x00, 0x00, 0x00, 0x00, 0x00,
  0x00, 0x01, 0x00, 0x00, 0x00, 0x0f, 0x00, 0x00, 0x00, 0x01, 0x00, 0x00,
  0x00, 0x01, 0x00, 0x00, 0x00, 0x00, 0x00, 0x00, 0x00, 0x00, 0x00, 0x00,
  0x00, 0x00, 0x00, 0x00, 0x00, 0x00, 0x00, 0x00, 0x00, 0x00, 0x00, 0x00,
  0x00, 0x00, 0x00, 0x00, 0x00, 0x00, 0x00, 0x00, 0x00, 0x00, 0x00, 0x00,
  0x00, 0x00, 0x00, 0x00, 0x24, 0x00, 0x00, 0x00, 0xff, 0xff, 0xff, 0xff,
  0xff, 0xff, 0xff, 0xff, 0x02, 0x00, 0x00, 0x00, 0x0c, 0x00, 0x00, 0x00,
  0x01, 0x00, 0x00, 0x00, 0x01, 0x00, 0x00, 0x00, 0x27, 0x00, 0x00, 0x00,
  0x5f, 0x52, 0x45, 0x53, 0x45, 0x52, 0x56, 0x45, 0x44, 0x5f, 0x49, 0x44,
  0x45, 0x4e, 0x54, 0x49, 0x46, 0x49, 0x45, 0x52, 0x5f, 0x46, 0x49, 0x58,
  0x55, 0x50, 0x5f, 0x67, 0x6c, 0x5f, 0x50, 0x65, 0x72, 0x56, 0x65, 0x72,
  0x74, 0x65, 0x78, 0x04, 0x00, 0x00, 0x00, 0x00, 0x00, 0x00, 0x00, 0x00,
  0x00, 0x00, 0x00, 0x00, 0x00, 0x00, 0x00, 0x01, 0x00, 0x00, 0x00, 0x0f,
  0x00, 0x00, 0x00, 0x01, 0x00, 0x00, 0x00, 0x01, 0x00, 0x00, 0x00, 0x00,
  0x00, 0x00, 0x00, 0x00, 0x00, 0x00, 0x00, 0x00, 0x00, 0x00, 0x00, 0x00,
  0x00, 0x00, 0x00, 0x00, 0x00, 0x00, 0x00, 0x00, 0x00, 0x00, 0x00, 0x00,
  0x00, 0x00, 0x00, 0x00, 0x00, 0x00, 0x00, 0x00, 0x00, 0x00, 0x24, 0x00,
  0x00, 0x00, 0xff, 0xff, 0xff, 0xff, 0xff, 0xff, 0xff, 0xff, 0x03, 0x00,
  0x00, 0x00, 0x0c, 0x00, 0x00, 0x00, 0x01, 0x00, 0x00, 0x00, 0x01, 0x00,
  0x00, 0x00, 0x27, 0x00, 0x00, 0x00, 0x5f, 0x52, 0x45, 0x53, 0x45, 0x52,
  0x56, 0x45, 0x44, 0x5f, 0x49, 0x44, 0x45, 0x4e, 0x54, 0x49, 0x46, 0x49,
  0x45, 0x52, 0x5f, 0x46, 0x49, 0x58, 0x55, 0x50, 0x5f, 0x67, 0x6c, 0x5f,
  0x50, 0x65, 0x72, 0x56, 0x65, 0x72, 0x74, 0x65, 0x78, 0x04, 0x00, 0x00,
  0x00, 0x00, 0x00, 0x00, 0x00, 0x00, 0x00, 0x00, 0x00, 0x00, 0x00, 0x00,
  0x00, 0x01, 0x00, 0x00, 0x00, 0x0f, 0x00, 0x00, 0x00, 0x01, 0x00, 0x00,
  0x00, 0x01, 0x00, 0x00, 0x00, 0x00, 0x00, 0x00, 0x00, 0x00, 0x00, 0x00,
  0x00, 0x00, 0x00, 0x00, 0x00, 0x00, 0x00, 0x00, 0x00, 0x00, 0x00, 0x00,
  0x00, 0x00, 0x00, 0x00, 0x00, 0x00, 0x00, 0x00, 0x00, 0x00, 0x00, 0x00,
  0x00, 0x00, 0x00, 0x00, 0x24, 0x00, 0x00, 0x00, 0xff, 0xff, 0xff, 0xff,
  0xff, 0xff, 0xff, 0xff, 0x04, 0x00, 0x00, 0x00, 0x0c, 0x00, 0x00, 0x00,
  0x01, 0x00, 0x00, 0x00, 0x01, 0x00, 0x00, 0x00, 0x27, 0x00, 0x00, 0x00,
  0x5f, 0x52, 0x45, 0x53, 0x45, 0x52, 0x56, 0x45, 0x44, 0x5f, 0x49, 0x44,
  0x45, 0x4e, 0x54, 0x49, 0x46, 0x49, 0x45, 0x52, 0x5f, 0x46, 0x49, 0x58,
  0x55, 0x50, 0x5f, 0x67, 0x6c, 0x5f, 0x50, 0x65, 0x72, 0x56, 0x65, 0x72,
  0x74, 0x65, 0x78, 0x04, 0x00, 0x00, 0x00, 0x00, 0x00, 0x00, 0x00, 0x00,
  0x00, 0x00, 0x00, 0x00, 0x00, 0x00, 0x00, 0x01, 0x00, 0x00, 0x00, 0x0f,
  0x00, 0x00, 0x00, 0x01, 0x00, 0x00, 0x00, 0x01, 0x00, 0x00, 0x00, 0x00,
  0x00, 0x00, 0x00, 0x00, 0x00, 0x00, 0x00, 0x00, 0x00, 0x00, 0x00, 0x00,
  0x00, 0x00, 0x00, 0x00, 0x00, 0x00, 0x00, 0x00, 0x00, 0x00, 0x00, 0x00,
  0x00, 0x00, 0x00, 0x00, 0x00, 0x00, 0x00, 0x00, 0x00, 0x00, 0x24, 0x00,
  0x00, 0x00, 0xff, 0xff, 0xff, 0xff, 0xff, 0xff, 0xff, 0xff, 0x00, 0x00,
  0x00, 0x00, 0x00, 0x00, 0x00, 0x00, 0x01, 0x00, 0x00, 0x00, 0x01, 0x00,
  0x00, 0x00, 0x01, 0x00, 0x00, 0x00, 0x00, 0x00, 0x00, 0x00, 0x00, 0x00,
  0x00, 0x00, 0x00, 0x00, 0x00, 0x00, 0x00, 0x00, 0x01, 0x00, 0x00, 0x00,
  0x00, 0x00, 0x00, 0x00, 0x0d, 0x00, 0x00, 0x00, 0x43, 0x61, 0x70, 0x61,
  0x62, 0x69, 0x6c, 0x69, 0x74, 0x79, 0x28, 0x31, 0x29, 0x00, 0x00, 0x00,
  0x00, 0x00, 0x00, 0x00, 0x00, 0x00, 0x00, 0x00, 0x00, 0x00, 0x00, 0x00,
  0x00, 0x00, 0x56, 0x41, 0x52, 0x54, 0x71, 0x0b, 0x00, 0x00, 0x05, 0x00,
  0x00, 0x00, 0x04, 0x00, 0x00, 0x00, 0x6d, 0x61, 0x69, 0x6e, 0x51, 0x03,
  0x00, 0x00, 0x76, 0x61, 0x72, 0x3c, 0x70, 0x72, 0x69, 0x76, 0x61, 0x74,
  0x65, 0x3e, 0x20, 0x67, 0x6c, 0x5f, 0x56, 0x65, 0x72, 0x74, 0x65, 0x78,
  0x49, 0x6e, 0x64, 0x65, 0x78, 0x3a, 0x20, 0x69, 0x33, 0x32, 0x3b, 0x0a,
  0x76, 0x61, 0x72, 0x3c, 0x70, 0x72, 0x69, 0x76, 0x61, 0x74, 0x65, 0x3e,
  0x20, 0x67, 0x6c, 0x5f, 0x49, 0x6e, 0x73, 0x74, 0x61, 0x6e, 0x63, 0x65,
  0x49, 0x6e, 0x64, 0x65, 0x78, 0x3a, 0x20, 0x69, 0x33, 0x32, 0x3b, 0x0a,
  0x76, 0x61, 0x72, 0x3c, 0x70, 0x72, 0x69, 0x76, 0x61, 0x74, 0x65, 0x3e,
  0x20, 0x67, 0x6c, 0x5f, 0x50, 0x6f, 0x73, 0x69, 0x74, 0x69, 0x6f, 0x6e,
  0x3a, 0x20, 0x76, 0x65, 0x63, 0x34, 0x3c, 0x66, 0x33, 0x32, 0x3e, 0x3b,
  0x0a, 0x76, 0x61, 0x72, 0x3c, 0x70, 0x72, 0x69, 0x76, 0x61, 0x74, 0x65,
  0x3e, 0x20, 0x76, 0x5f, 0x63, 0x6c, 0x69, 0x70, 0x3a, 0x20, 0x76, 0x65,
  0x63, 0x32, 0x3c, 0x66, 0x33, 0x32, 0x3e, 0x3b, 0x0a, 0x0a, 0x66, 0x6e,
  0x20, 0x6d, 0x61, 0x69, 0x6e, 0x5f, 0x69, 0x6e, 0x6e, 0x65, 0x72, 0x28,
  0x29, 0x20, 0x7b, 0x0a, 0x20, 0x20, 0x20, 0x20, 0x76, 0x61, 0x72, 0x20,
  0x70, 0x6f, 0x73, 0x69, 0x74, 0x69, 0x6f, 0x6e, 0x3a, 0x20, 0x76, 0x65,
  0x63, 0x32, 0x3c, 0x66, 0x33, 0x32, 0x3e, 0x20, 0x3d, 0x20, 0x76, 0x65,
  0x63, 0x32, 0x3c, 0x66, 0x33, 0x32, 0x3e, 0x28, 0x28, 0x66, 0x33, 0x32,
  0x28, 0x28, 0x28, 0x28, 0x67, 0x6c, 0x5f, 0x56, 0x65, 0x72, 0x74, 0x65,
  0x78, 0x49, 0x6e, 0x64, 0x65, 0x78, 0x20, 0x26, 0x20, 0x31, 0x29, 0x29,
  0x20, 0x3c, 0x3c, 0x20, 0x32, 0x29, 0x29, 0x20, 0x2d, 0x20, 0x31, 0x2e,
  0x30, 0x29, 0x2c, 0x20, 0x28, 0x66, 0x33, 0x32, 0x28, 0x28, 0x28, 0x28,
  0x67, 0x6c, 0x5f, 0x56, 0x65, 0x72, 0x74, 0x65, 0x78, 0x49, 0x6e, 0x64,
  0x65, 0x78, 0x20, 0x26, 0x20, 0x32, 0x29, 0x29, 0x20, 0x3c, 0x3c, 0x20,
  0x31, 0x29, 0x29, 0x20, 0x2d, 0x20, 0x31, 0x2e, 0x30, 0x29, 0x29, 0x3b,
  0x0a, 0x20, 0x20, 0x20, 0x20, 0x76, 0x5f, 0x63, 0x6c, 0x69, 0x70, 0x20,
  0x3d, 0x20, 0x70, 0x6f, 0x73, 0x69, 0x74, 0x69, 0x6f, 0x6e, 0x3b, 0x0a,
  0x20, 0x20, 0x20, 0x20, 0x67, 0x6c, 0x5f, 0x50, 0x6f, 0x73, 0x69, 0x74,
  0x69, 0x6f, 0x6e, 0x20, 0x3d, 0x20, 0x76, 0x65, 0x63, 0x34, 0x3c, 0x66,
  0x33, 0x32, 0x3e, 0x28, 0x70, 0x6f, 0x73, 0x69, 0x74, 0x69, 0x6f, 0x6e,
  0x2c, 0x20, 0x30, 0x2e, 0x35, 0x2c, 0x20, 0x31, 0x2e, 0x30, 0x29, 0x3b,
  0x0a, 0x7d, 0x0a, 0x0a, 0x73, 0x74, 0x72, 0x75, 0x63, 0x74, 0x20, 0x56,
  0x53, 0x49, 0x6e, 0x70, 0x75, 0x74, 0x20, 0x7b, 0x0a, 0x20, 0x20, 0x20,
  0x20, 0x40, 0x62, 0x75, 0x69, 0x6c, 0x74, 0x69, 0x6e, 0x28, 0x76, 0x65,
  0x72, 0x74, 0x65, 0x78, 0x5f, 0x69, 0x6e, 0x64, 0x65, 0x78, 0x29, 0x20,
  0x76, 0x65, 0x72, 0x74, 0x65, 0x78, 0x5f, 0x69, 0x6e, 0x64, 0x65, 0x78,
  0x3a, 0x20, 0x75, 0x33, 0x32, 0x2c, 0x0a, 0x20, 0x20, 0x20, 0x20, 0x40,
  0x62, 0x75, 0x69, 0x6c, 0x74, 0x69, 0x6e, 0x28, 0x69, 0x6e, 0x73, 0x74,
  0x61, 0x6e, 0x63, 0x65, 0x5f, 0x69, 0x6e, 0x64, 0x65, 0x78, 0x29, 0x20,
  0x69, 0x6e, 0x73, 0x74, 0x61, 0x6e, 0x63, 0x65, 0x5f, 0x69, 0x6e, 0x64,
  0x65, 0x78, 0x3a, 0x20, 0x75, 0x33, 0x32, 0x2c, 0x0a, 0x7d, 0x0a, 0x0a,
  0x73, 0x74, 0x72, 0x75, 0x63, 0x74, 0x20, 0x56, 0x53, 0x4f, 0x75, 0x74,
  0x70, 0x75, 0x74, 0x20, 0x7b, 0x0a, 0x20, 0x20, 0x20, 0x20, 0x40, 0x6c,
  0x6f, 0x63, 0x61, 0x74, 0x69, 0x6f, 0x6e, 0x28, 0x30, 0x29, 0x20, 0x76,
  0x5f, 0x63, 0x6c, 0x69, 0x70, 0x3a, 0x20, 0x76, 0x65, 0x63, 0x32, 0x3c,
  0x66, 0x33, 0x32, 0x3e, 0x2c, 0x0a, 0x20, 0x20, 0x20, 0x20, 0x40, 0x62,
  0x75, 0x69, 0x6c, 0x74, 0x69, 0x6e, 0x28, 0x70, 0x6f, 0x73, 0x69, 0x74,
  0x69, 0x6f, 0x6e, 0x29, 0x20, 0x70, 0x6f, 0x73, 0x69, 0x74, 0x69, 0x6f,
  0x6e, 0x3a, 0x20, 0x76, 0x65, 0x63, 0x34, 0x3c, 0x66, 0x33, 0x32, 0x3e,
  0x2c, 0x0a, 0x7d, 0x0a, 0x0a, 0x40, 0x76, 0x65, 0x72, 0x74, 0x65, 0x78,
  0x0a, 0x66, 0x6e, 0x20, 0x6d, 0x61, 0x69, 0x6e, 0x28, 0x69, 0x6e, 0x70,
  0x75, 0x74, 0x3a, 0x20, 0x56, 0x53, 0x49, 0x6e, 0x70, 0x75, 0x74, 0x29,
  0x20, 0x2d, 0x3e, 0x20, 0x56, 0x53, 0x4f, 0x75, 0x74, 0x70, 0x75, 0x74,
  0x20, 0x7b, 0x0a, 0x20, 0x20, 0x20, 0x20, 0x67, 0x6c, 0x5f, 0x56, 0x65,
  0x72, 0x74, 0x65, 0x78, 0x49, 0x6e, 0x64, 0x65, 0x78, 0x20, 0x3d, 0x20,
  0x69, 0x33, 0x32, 0x28, 0x69, 0x6e, 0x70, 0x75, 0x74, 0x2e, 0x76, 0x65,
  0x72, 0x74, 0x65, 0x78, 0x5f, 0x69, 0x6e, 0x64, 0x65, 0x78, 0x29, 0x3b,
  0x0a, 0x20, 0x20, 0x20, 0x20, 0x67, 0x6c, 0x5f, 0x49, 0x6e, 0x73, 0x74,
  0x61, 0x6e, 0x63, 0x65, 0x49, 0x6e, 0x64, 0x65, 0x78, 0x20, 0x3d, 0x20,
  0x69, 0x33, 0x32, 0x28, 0x69, 0x6e, 0x70, 0x75, 0x74, 0x2e, 0x69, 0x6e,
  0x73, 0x74, 0x61, 0x6e, 0x63, 0x65, 0x5f, 0x69, 0x6e, 0x64, 0x65, 0x78,
  0x29, 0x3b, 0x0a, 0x20, 0x20, 0x20, 0x20, 0x6d, 0x61, 0x69, 0x6e, 0x5f,
  0x69, 0x6e, 0x6e, 0x65, 0x72, 0x28, 0x29, 0x3b, 0x0a, 0x20, 0x20, 0x20,
  0x20, 0x76, 0x61, 0x72, 0x20, 0x6f, 0x75, 0x74, 0x70, 0x75, 0x74, 0x3a,
  0x20, 0x56, 0x53, 0x4f, 0x75, 0x74, 0x70, 0x75, 0x74, 0x3b, 0x0a, 0x20,
  0x20, 0x20, 0x20, 0x6f, 0x75, 0x74, 0x70, 0x75, 0x74, 0x2e, 0x76, 0x5f,
  0x63, 0x6c, 0x69, 0x70, 0x20, 0x3d, 0x20, 0x76, 0x5f, 0x63, 0x6c, 0x69,
  0x70, 0x3b, 0x0a, 0x20, 0x20, 0x20, 0x20, 0x6f, 0x75, 0x74, 0x70, 0x75,
  0x74, 0x2e, 0x70, 0x6f, 0x73, 0x69, 0x74, 0x69, 0x6f, 0x6e, 0x20, 0x3d,
  0x20, 0x67, 0x6c, 0x5f, 0x50, 0x6f, 0x73, 0x69, 0x74, 0x69, 0x6f, 0x6e,
  0x3b, 0x0a, 0x20, 0x20, 0x20, 0x20, 0x72, 0x65, 0x74, 0x75, 0x72, 0x6e,
  0x20, 0x6f, 0x75, 0x74, 0x70, 0x75, 0x74, 0x3b, 0x0a, 0x7d, 0x0a, 0x49,
  0x53, 0x52, 0x43, 0x92, 0x04, 0x00, 0x00, 0x2f, 0x2a, 0x0a, 0x20, 0x20,
  0x3d, 0x3d, 0x3d, 0x3d, 0x3d, 0x3d, 0x3d, 0x3d, 0x3d, 0x3d, 0x3d, 0x3d,
  0x3d, 0x3d, 0x3d, 0x3d, 0x3d, 0x3d, 0x3d, 0x3d, 0x3d, 0x3d, 0x3d, 0x3d,
  0x3d, 0x3d, 0x3d, 0x3d, 0x3d, 0x3d, 0x3d, 0x3d, 0x3d, 0x3d, 0x3d, 0x3d,
  0x3d, 0x3d, 0x3d, 0x3d, 0x3d, 0x3d, 0x3d, 0x3d, 0x3d, 0x3d, 0x3d, 0x3d,
  0x3d, 0x3d, 0x3d, 0x3d, 0x3d, 0x3d, 0x3d, 0x3d, 0x3d, 0x3d, 0x3d, 0x3d,
  0x3d, 0x3d, 0x3d, 0x3d, 0x3d, 0x3d, 0x3d, 0x3d, 0x3d, 0x3d, 0x3d, 0x3d,
  0x3d, 0x3d, 0x3d, 0x3d, 0x3d, 0x3d, 0x0a, 0x0a, 0x20, 0x20, 0x20, 0x54,
  0x68, 0x69, 0x73, 0x20, 0x66, 0x69, 0x6c, 0x65, 0x20, 0x69, 0x73, 0x20,
  0x70, 0x61, 0x72, 0x74, 0x20, 0x6f, 0x66, 0x20, 0x74, 0x68, 0x65, 0x20,
  0x59, 0x55, 0x50, 0x20, 0x6c, 0x69, 0x62, 0x72, 0x61, 0x72, 0x79, 0x2e,
  0x0a, 0x20, 0x20, 0x20, 0x43, 0x6f, 0x70, 0x79, 0x72, 0x69, 0x67, 0x68,
  0x74, 0x20, 0x28, 0x63, 0x29, 0x20, 0x32, 0x30, 0x32, 0x36, 0x20, 0x2d,
  0x20, 0x6b, 0x75, 0x6e, 0x69, 0x74, 0x6f, 0x6b, 0x69, 0x40, 0x67, 0x6d,
  0x61, 0x69, 0x6c, 0x2e, 0x63, 0x6f, 0x6d, 0x0a, 0x0a, 0x20, 0x20, 0x20,
  0x59, 0x55, 0x50, 0x20, 0x69, 0x73, 0x20, 0x61, 0x6e, 0x20, 0x6f, 0x70,
  0x65, 0x6e, 0x20, 0x73, 0x6f, 0x75, 0x72, 0x63, 0x65, 0x20, 0x6c, 0x69,
  0x62, 0x72, 0x61, 0x72, 0x79, 0x20, 0x73, 0x75, 0x62, 0x6a, 0x65, 0x63,
  0x74, 0x20, 0x74, 0x6f, 0x20, 0x6f, 0x70, 0x65, 0x6e, 0x2d, 0x73, 0x6f,
  0x75, 0x72, 0x63, 0x65, 0x20, 0x6c, 0x69, 0x63, 0x65, 0x6e, 0x73, 0x69,
  0x6e, 0x67, 0x2e, 0x0a, 0x0a, 0x20, 0x20, 0x20, 0x54, 0x68, 0x65, 0x20,
  0x63, 0x6f, 0x64, 0x65, 0x20, 0x69, 0x6e, 0x63, 0x6c, 0x75, 0x64, 0x65,
  0x64, 0x20, 0x69, 0x6e, 0x20, 0x74, 0x68, 0x69, 0x73, 0x20, 0x66, 0x69,
  0x6c, 0x65, 0x20, 0x69, 0x73, 0x20, 0x70, 0x72, 0x6f, 0x76, 0x69, 0x64,
  0x65, 0x64, 0x20, 0x75, 0x6e, 0x64, 0x65, 0x72, 0x20, 0x74, 0x68, 0x65,
  0x20, 0x74, 0x65, 0x72, 0x6d, 0x73, 0x20, 0x6f, 0x66, 0x20, 0x74, 0x68,
  0x65, 0x20, 0x49, 0x53, 0x43, 0x20, 0x6c, 0x69, 0x63, 0x65, 0x6e, 0x73,
  0x65, 0x0a, 0x20, 0x20, 0x20, 0x68, 0x74, 0x74, 0x70, 0x3a, 0x2f, 0x2f,
  0x77, 0x77, 0x77, 0x2e, 0x69, 0x73, 0x63, 0x2e, 0x6f, 0x72, 0x67, 0x2f,
  0x64, 0x6f, 0x77, 0x6e, 0x6c, 0x6f, 0x61, 0x64, 0x73, 0x2f, 0x73, 0x6f,
  0x66, 0x74, 0x77, 0x61, 0x72, 0x65, 0x2d, 0x73, 0x75, 0x70, 0x70, 0x6f,
  0x72, 0x74, 0x2d, 0x70, 0x6f, 0x6c, 0x69, 0x63, 0x79, 0x2f, 0x69, 0x73,
  0x63, 0x2d, 0x6c, 0x69, 0x63, 0x65, 0x6e, 0x73, 0x65, 0x2e, 0x20, 0x50,
  0x65, 0x72, 0x6d, 0x69, 0x73, 0x73, 0x69, 0x6f, 0x6e, 0x0a, 0x20, 0x20,
  0x20, 0x74, 0x6f, 0x20, 0x75, 0x73, 0x65, 0x2c, 0x20, 0x63, 0x6f, 0x70,
  0x79, 0x2c, 0x20, 0x6d, 0x6f, 0x64, 0x69, 0x66, 0x79, 0x2c, 0x20, 0x61,
  0x6e, 0x64, 0x2f, 0x6f, 0x72, 0x20, 0x64, 0x69, 0x73, 0x74, 0x72, 0x69,
  0x62, 0x75, 0x74, 0x65, 0x20, 0x74, 0x68, 0x69, 0x73, 0x20, 0x73, 0x6f,
  0x66, 0x74, 0x77, 0x61, 0x72, 0x65, 0x20, 0x66, 0x6f, 0x72, 0x20, 0x61,
  0x6e, 0x79, 0x20, 0x70, 0x75, 0x72, 0x70, 0x6f, 0x73, 0x65, 0x20, 0x77,
  0x69, 0x74, 0x68, 0x20, 0x6f, 0x72, 0x0a, 0x20, 0x20, 0x20, 0x77, 0x69,
  0x74, 0x68, 0x6f, 0x75, 0x74, 0x20, 0x66, 0x65, 0x65, 0x20, 0x69, 0x73,
  0x20, 0x68, 0x65, 0x72, 0x65, 0x62, 0x79, 0x20, 0x67, 0x72, 0x61, 0x6e,
  0x74, 0x65, 0x64, 0x20, 0x70, 0x72, 0x6f, 0x76, 0x69, 0x64, 0x65, 0x64,
  0x20, 0x74, 0x68, 0x61, 0x74, 0x20, 0x74, 0x68, 0x65, 0x20, 0x61, 0x62,
  0x6f, 0x76, 0x65, 0x20, 0x63, 0x6f, 0x70, 0x79, 0x72, 0x69, 0x67, 0x68,
  0x74, 0x20, 0x6e, 0x6f, 0x74, 0x69, 0x63, 0x65, 0x20, 0x61, 0x6e, 0x64,
  0x0a, 0x20, 0x20, 0x20, 0x74, 0x68, 0x69, 0x73, 0x20, 0x70, 0x65, 0x72,
  0x6d, 0x69, 0x73, 0x73, 0x69, 0x6f, 0x6e, 0x20, 0x6e, 0x6f, 0x74, 0x69,
  0x63, 0x65, 0x20, 0x61, 0x70, 0x70, 0x65, 0x61, 0x72, 0x20, 0x69, 0x6e,
  0x20, 0x61, 0x6c, 0x6c, 0x20, 0x63, 0x6f, 0x70, 0x69, 0x65, 0x73, 0x2e,
  0x0a, 0x0a, 0x20, 0x20, 0x20, 0x59, 0x55, 0x50, 0x20, 0x49, 0x53, 0x20,
  0x50, 0x52, 0x4f, 0x56, 0x49, 0x44, 0x45, 0x44, 0x20, 0x22, 0x41, 0x53,
  0x20, 0x49, 0x53, 0x22, 0x20, 0x57, 0x49, 0x54, 0x48, 0x4f, 0x55, 0x54,
  0x20, 0x41, 0x4e, 0x59, 0x20, 0x57, 0x41, 0x52, 0x52, 0x41, 0x4e, 0x54,
  0x59, 0x2c, 0x20, 0x41, 0x4e, 0x44, 0x20, 0x41, 0x4c, 0x4c, 0x20, 0x57,
  0x41, 0x52, 0x52, 0x41, 0x4e, 0x54, 0x49, 0x45, 0x53, 0x2c, 0x20, 0x57,
  0x48, 0x45, 0x54, 0x48, 0x45, 0x52, 0x0a, 0x20, 0x20, 0x20, 0x45, 0x58,
  0x50, 0x52, 0x45, 0x53, 0x53, 0x45, 0x44, 0x20, 0x4f, 0x52, 0x20, 0x49,
  0x4d, 0x50, 0x4c, 0x49, 0x45, 0x44, 0x2c, 0x20, 0x49, 0x4e, 0x43, 0x4c,
  0x55, 0x44, 0x49, 0x4e, 0x47, 0x20, 0x4d, 0x45, 0x52, 0x43, 0x48, 0x41,
  0x4e, 0x54, 0x41, 0x42, 0x49, 0x4c, 0x49, 0x54, 0x59, 0x20, 0x41, 0x4e,
  0x44, 0x20, 0x46, 0x49, 0x54, 0x4e, 0x45, 0x53, 0x53, 0x20, 0x46, 0x4f,
  0x52, 0x20, 0x50, 0x55, 0x52, 0x50, 0x4f, 0x53, 0x45, 0x2c, 0x20, 0x41,
  0x52, 0x45, 0x0a, 0x20, 0x20, 0x20, 0x44, 0x49, 0x53, 0x43, 0x4c, 0x41,
  0x49, 0x4d, 0x45, 0x44, 0x2e, 0x0a, 0x0a, 0x20, 0x20, 0x3d, 0x3d, 0x3d,
  0x3d, 0x3d, 0x3d, 0x3d, 0x3d, 0x3d, 0x3d, 0x3d, 0x3d, 0x3d, 0x3d, 0x3d,
  0x3d, 0x3d, 0x3d, 0x3d, 0x3d, 0x3d, 0x3d, 0x3d, 0x3d, 0x3d, 0x3d, 0x3d,
  0x3d, 0x3d, 0x3d, 0x3d, 0x3d, 0x3d, 0x3d, 0x3d, 0x3d, 0x3d, 0x3d, 0x3d,
  0x3d, 0x3d, 0x3d, 0x3d, 0x3d, 0x3d, 0x3d, 0x3d, 0x3d, 0x3d, 0x3d, 0x3d,
  0x3d, 0x3d, 0x3d, 0x3d, 0x3d, 0x3d, 0x3d, 0x3d, 0x3d, 0x3d, 0x3d, 0x3d,
  0x3d, 0x3d, 0x3d, 0x3d, 0x3d, 0x3d, 0x3d, 0x3d, 0x3d, 0x3d, 0x3d, 0x3d,
  0x3d, 0x3d, 0x3d, 0x0a, 0x2a, 0x2f, 0x0a, 0x0a, 0x23, 0x76, 0x65, 0x72,
  0x73, 0x69, 0x6f, 0x6e, 0x20, 0x34, 0x35, 0x30, 0x0a, 0x0a, 0x2f, 0x2f,
  0x20, 0x41, 0x20, 0x74, 0x72, 0x69, 0x61, 0x6e, 0x67, 0x6c, 0x65, 0x20,
  0x63, 0x6f, 0x76, 0x65, 0x72, 0x69, 0x6e, 0x67, 0x20, 0x74, 0x68, 0x65,
  0x20, 0x76, 0x69, 0x65, 0x77, 0x70, 0x6f, 0x72, 0x74, 0x2c, 0x20, 0x64,
  0x72, 0x61, 0x77, 0x6e, 0x20, 0x62, 0x65, 0x68, 0x69, 0x6e, 0x64, 0x20,
  0x74, 0x68, 0x65, 0x20, 0x73, 0x63, 0x65, 0x6e, 0x65, 0x2e, 0x0a, 0x0a,
  0x6c, 0x61, 0x79, 0x6f, 0x75, 0x74, 0x28, 0x6c, 0x6f, 0x63, 0x61, 0x74,
  0x69, 0x6f, 0x6e, 0x20, 0x3d, 0x20, 0x30, 0x29, 0x20, 0x6f, 0x75, 0x74,
  0x20, 0x76, 0x65, 0x63, 0x32, 0x20, 0x76, 0x5f, 0x63, 0x6c, 0x69, 0x70,
  0x3b, 0x0a, 0x0a, 0x76, 0x6f, 0x69, 0x64, 0x20, 0x6d, 0x61, 0x69, 0x6e,
  0x28, 0x29, 0x0a, 0x7b, 0x0a, 0x20, 0x20, 0x20, 0x20, 0x76, 0x65, 0x63,
  0x32, 0x20, 0x70, 0x6f, 0x73, 0x69, 0x74, 0x69, 0x6f, 0x6e, 0x20, 0x3d,
  0x20, 0x76, 0x65, 0x63, 0x32, 0x28, 0x66, 0x6c, 0x6f, 0x61, 0x74, 0x28,
  0x28, 0x67, 0x6c, 0x5f, 0x56, 0x65, 0x72, 0x74, 0x65, 0x78, 0x49, 0x6e,
  0x64, 0x65, 0x78, 0x20, 0x26, 0x20, 0x31, 0x29, 0x20, 0x3c, 0x3c, 0x20,
  0x32, 0x29, 0x20, 0x2d, 0x20, 0x31, 0x2e, 0x30, 0x2c, 0x20, 0x66, 0x6c,
  0x6f, 0x61, 0x74, 0x28, 0x28, 0x67, 0x6c, 0x5f, 0x56, 0x65, 0x72, 0x74,
  0x65, 0x78, 0x49, 0x6e, 0x64, 0x65, 0x78, 0x20, 0x26, 0x20, 0x32, 0x29,
  0x20, 0x3c, 0x3c, 0x20, 0x31, 0x29, 0x20, 0x2d, 0x20, 0x31, 0x2e, 0x30,
  0x29, 0x3b, 0x0a, 0x0a, 0x20, 0x20, 0x20, 0x20, 0x76, 0x5f, 0x63, 0x6c,
  0x69, 0x70, 0x20, 0x3d, 0x20, 0x70, 0x6f, 0x73, 0x69, 0x74, 0x69, 0x6f,
  0x6e, 0x3b, 0x0a, 0x20, 0x20, 0x20, 0x20, 0x67, 0x6c, 0x5f, 0x50, 0x6f,
  0x73, 0x69, 0x74, 0x69, 0x6f, 0x6e, 0x20, 0x3d, 0x20, 0x76, 0x65, 0x63,
  0x34, 0x28, 0x70, 0x6f, 0x73, 0x69, 0x74, 0x69, 0x6f, 0x6e, 0x2c, 0x20,
  0x30, 0x2e, 0x35, 0x2c, 0x20, 0x31, 0x2e, 0x30, 0x29, 0x3b, 0x0a, 0x7d,
  0x0a, 0x52, 0x45, 0x46, 0x4c, 0x6d, 0x03, 0x00, 0x00, 0x01, 0x00, 0x00,
  0x00, 0x00, 0x00, 0x00, 0x00, 0x04, 0x00, 0x00, 0x00, 0x6d, 0x61, 0x69,
  0x6e, 0x00, 0x00, 0x00, 0x00, 0x00, 0x00, 0x00, 0x00, 0x00, 0x00, 0x00,
  0x00, 0x00, 0x00, 0x00, 0x00, 0x00, 0x00, 0x00, 0x00, 0x00, 0x00, 0x00,
  0x00, 0x00, 0x00, 0x00, 0x00, 0x01, 0x00, 0x00, 0x00, 0x00, 0x00, 0x00,
  0x00, 0x06, 0x00, 0x00, 0x00, 0x76, 0x5f, 0x63, 0x6c, 0x69, 0x70, 0x04,
  0x00, 0x00, 0x00, 0x00, 0x00, 0x00, 0x00, 0x00, 0x00, 0x00, 0x00, 0x00,
  0x00, 0x00, 0x00, 0x01, 0x00, 0x00, 0x00, 0x0c, 0x00, 0x00, 0x00, 0x02,
  0x00, 0x00, 0x00, 0x01, 0x00, 0x00, 0x00, 0x20, 0x00, 0x00, 0x00, 0x00,
  0x00, 0x00, 0x00, 0x00, 0x00, 0x00, 0x00, 0x00, 0x00, 0x00, 0x00, 0x00,
  0x00, 0x00, 0x00, 0x00, 0x00, 0x00, 0x00, 0x00, 0x00, 0x00, 0x00, 0x00,
  0x00, 0x00, 0x00, 0x00, 0x00, 0x00, 0x1c, 0x00, 0x00, 0x00, 0x00, 0x00,
  0x00, 0x00, 0xff, 0xff, 0xff, 0xff, 0x00, 0x00, 0x00, 0x00, 0x00, 0x00,
  0x00, 0x00, 0x00, 0x00, 0x00, 0x00, 0x00, 0x00, 0x00, 0x00, 0x00, 0x00,
  0x00, 0x00, 0x00, 0x00, 0x00, 0x00, 0x00, 0x00, 0x00, 0x00, 0x00, 0x00,
  0x00, 0x00, 0x00, 0x00, 0x00, 0x00, 0x00, 0x00, 0x00, 0x00, 0x00, 0x00,
  0x00, 0x00, 0x00, 0x00, 0x00, 0x00, 0x00, 0x00, 0x00, 0x00, 0x00, 0x00,
  0x00, 0x00, 0x00, 0x00, 0x00, 0x00, 0x00, 0x00, 0x00, 0x00, 0x00, 0x00,
  0x00, 0x00, 0x00, 0x00, 0x00, 0x00, 0x00, 0x00, 0x00, 0x00, 0x00, 0x00,
  0x00, 0x00, 0x00, 0x00, 0x00, 0x00, 0x00, 0x00, 0x00, 0x00, 0x01, 0x00,
  0x00, 0x00, 0x00, 0x00, 0x00, 0x00, 0x08, 0x00, 0x00, 0x00, 0x07, 0x00,
  0x00, 0x00, 0x01, 0x00, 0x00, 0x00, 0x01, 0x00, 0x00, 0x00, 0x0e, 0x00,
  0x00, 0x00, 0x67, 0x6c, 0x5f, 0x56, 0x65, 0x72, 0x74, 0x65, 0x78, 0x49,
  0x6e, 0x64, 0x65, 0x78, 0x03, 0x00, 0x00, 0x00, 0x00, 0x00, 0x00, 0x00,
  0x00, 0x00, 0x00, 0x00, 0x00, 0x00, 0x00, 0x00, 0x01, 0x00, 0x00, 0x00,
  0x07, 0x00, 0x00, 0x00, 0x01, 0x00, 0x00, 0x00, 0x01, 0x00, 0x00, 0x00,
  0x20, 0x00, 0x00, 0x00, 0x00, 0x00, 0x00, 0x00, 0x00, 0x00, 0x00, 0x00,
  0x00, 0x00, 0x00, 0x00, 0x00, 0x00, 0x00, 0x00, 0x00, 0x00, 0x00, 0x00,
  0x00, 0x00, 0x00, 0x00, 0x00, 0x00, 0x00, 0x00, 0x00, 0x00, 0x00, 0x0c,
  0x00, 0x00, 0x00, 0xff, 0xff, 0xff, 0xff, 0xff, 0xff, 0xff, 0xff, 0x04,
  0x00, 0x00, 0x00, 0x00, 0x00, 0x00, 0x00, 0x01, 0x00, 0x00, 0x00, 0x0c,
  0x00, 0x00, 0x00, 0x04, 0x00, 0x00, 0x00, 0x01, 0x00, 0x00, 0x00, 0x0c,
  0x00, 0x00, 0x00, 0x67, 0x6c, 0x5f, 0x50, 0x65, 0x72, 0x56, 0x65, 0x72,
  0x74, 0x65, 0x78, 0x04, 0x00, 0x00, 0x00, 0x00, 0x00, 0x00, 0x00, 0x00,
  0x00, 0x00, 0x00, 0x00, 0x00, 0x00, 0x00, 0x01, 0x00, 0x00, 0x00, 0x0f,
  0x00, 0x00, 0x00, 0x01, 0x00, 0x00, 0x00, 0x01, 0x00, 0x00, 0x00, 0x00,
  0x00, 0x00, 0x00, 0x00, 0x00, 0x00, 0x00, 0x00, 0x00, 0x00, 0x00, 0x00,
  0x00, 0x00, 0x00, 0x00, 0x00, 0x00, 0x00, 0x00, 0x00, 0x00, 0x00, 0x00,
  0x00, 0x00, 0x00, 0x00, 0x00, 0x00, 0x00, 0x00, 0x00, 0x00, 0x24, 0x00,
  0x00, 0x00, 0xff, 0xff, 0xff, 0xff, 0xff, 0xff, 0xff, 0xff, 0x02, 0x00,
  0x00, 0x00, 0x0c, 0x00, 0x00, 0x00, 0x01, 0x00, 0x00, 0x00, 0x01, 0x00,
  0x00, 0x00, 0x0c, 0x00, 0x00, 0x00, 0x67, 0x6c, 0x5f, 0x50, 0x65, 0x72,
  0x56, 0x65, 0x72, 0x74, 0x65, 0x78, 0x04, 0x00, 0x00, 0x00, 0x00, 0x00,
  0x00, 0x00, 0x00, 0x00, 0x00, 0x00, 0x00, 0x00, 0x00, 0x00, 0x01, 0x00,
  0x00, 0x00, 0x0f, 0x00, 0x00, 0x00, 0x01, 0x00, 0x00, 0x00, 0x01, 0x00,
  0x00, 0x00, 0x00, 0x00, 0x00, 0x00, 0x00, 0x00, 0x00, 0x00, 0x00, 0x00,
  0x00, 0x00, 0x00, 0x00, 0x00, 0x00, 0x00, 0x00, 0x00, 0x00, 0x00, 0x00,
  0x00, 0x00, 0x00, 0x00, 0x00, 0x00, 0x00, 0x00, 0x00, 0x00, 0x00, 0x00,
  0x00, 0x24, 0x00, 0x00, 0x00, 0xff, 0xff, 0xff, 0xff, 0xff, 0xff, 0xff,
  0xff, 0x03, 0x00, 0x00, 0x00, 0x0c, 0x00, 0x00, 0x00, 0x01, 0x00, 0x00,
  0x00, 0x01, 0x00, 0x00, 0x00, 0x0c, 0x00, 0x00, 0x00, 0x67, 0x6c, 0x5f,
  0x50, 0x65, 0x72, 0x56, 0x65, 0x72, 0x74, 0x65, 0x78, 0x04, 0x00, 0x00,
  0x00, 0x00, 0x00, 0x00, 0x00, 0x00, 0x00, 0x00, 0x00, 0x00, 0x00, 0x00,
  0x00, 0x01, 0x00, 0x00, 0x00, 0x0f, 0x00, 0x00, 0x00, 0x01, 0x00, 0x00,
  0x00, 0x01, 0x00, 0x00, 0x00, 0x00, 0x00, 0x00, 0x00, 0x00, 0x00, 0x00,
  0x00, 0x00, 0x00, 0x00, 0x00, 0x00, 0x00, 0x00, 0x00, 0x00, 0x00, 0x00,
  0x00, 0x00, 0x00, 0x00, 0x00, 0x00, 0x00, 0x00, 0x00, 0x00, 0x00, 0x00,
  0x00, 0x00, 0x00, 0x00, 0x24, 0x00, 0x00, 0x00, 0xff, 0xff, 0xff, 0xff,
  0xff, 0xff, 0xff, 0xff, 0x04, 0x00, 0x00, 0x00, 0x0c, 0x00, 0x00, 0x00,
  0x01, 0x00, 0x00, 0x00, 0x01, 0x00, 0x00, 0x00, 0x0c, 0x00, 0x00, 0x00,
  0x67, 0x6c, 0x5f, 0x50, 0x65, 0x72, 0x56, 0x65, 0x72, 0x74, 0x65, 0x78,
  0x04, 0x00, 0x00, 0x00, 0x00, 0x00, 0x00, 0x00, 0x00, 0x00, 0x00, 0x00,
  0x00, 0x00, 0x00, 0x00, 0x01, 0x00, 0x00, 0x00, 0x0f, 0x00, 0x00, 0x00,
  0x01, 0x00, 0x00, 0x00, 0x01, 0x00, 0x00, 0x00, 0x00, 0x00, 0x00, 0x00,
  0x00, 0x00, 0x00, 0x00, 0x00, 0x00, 0x00, 0x00, 0x00, 0x00, 0x00, 0x00,
  0x00, 0x00, 0x00, 0x00, 0x00, 0x00, 0x00, 0x00, 0x00, 0x00, 0x00, 0x00,
  0x00, 0x00, 0x00, 0x00, 0x00, 0x00, 0x00, 0x24, 0x00, 0x00, 0x00, 0xff,
  0xff, 0xff, 0xff, 0xff, 0xff, 0xff, 0xff, 0x00, 0x00, 0x00, 0x00, 0x00,
  0x00, 0x00, 0x00, 0x01, 0x00, 0x00, 0x00, 0x01, 0x00, 0x00, 0x00, 0x01,
  0x00, 0x00, 0x00, 0x00, 0x00, 0x00, 0x00, 0x00, 0x00, 0x00, 0x00, 0x00,
  0x00, 0x00, 0x00, 0x00, 0x00, 0x01, 0x00, 0x00, 0x00, 0x00, 0x00, 0x00,
  0x00, 0x0d, 0x00, 0x00, 0x00, 0x43, 0x61, 0x70, 0x61, 0x62, 0x69, 0x6c,
  0x69, 0x74, 0x79, 0x28, 0x31, 0x29, 0x00, 0x00, 0x00, 0x00, 0x00, 0x00,
  0x00, 0x00, 0x00, 0x00, 0x00, 0x00, 0x00, 0x00, 0x00, 0x00, 0x00, 0x00,
  0x53, 0x48, 0x44, 0x52, 0x54, 0x69, 0x00, 0x00, 0x01, 0x00, 0x00, 0x00,
  0x00, 0x00, 0x00, 0x00, 0x53, 0x50, 0x56, 0x42, 0x00, 0x00, 0x00, 0x00,
  0x4c, 0x49, 0x53, 0x54, 0x3c, 0x69, 0x00, 0x00, 0x56, 0x41, 0x52, 0x53,
  0x56, 0x41, 0x52, 0x54, 0x6a, 0x14, 0x00, 0x00, 0x00, 0x00, 0x00, 0x00,
  0x04, 0x00, 0x00, 0x00, 0x6d, 0x61, 0x69, 0x6e, 0x74, 0x06, 0x00, 0x00,
  0x23, 0x76, 0x65, 0x72, 0x73, 0x69, 0x6f, 0x6e, 0x20, 0x34, 0x35, 0x30,
  0x0a, 0x0a, 0x6c, 0x61, 0x79, 0x6f, 0x75, 0x74, 0x28, 0x62, 0x69, 0x6e,
  0x64, 0x69, 0x6e, 0x67, 0x20, 0x3d, 0x20, 0x30, 0x2c, 0x20, 0x73, 0x74,
  0x64, 0x31, 0x34, 0x30, 0x29, 0x20, 0x75, 0x6e, 0x69, 0x66, 0x6f, 0x72,
  0x6d, 0x20, 0x42, 0x61, 0x63, 0x6b, 0x67, 0x72, 0x6f, 0x75, 0x6e, 0x64,
  0x44, 0x61, 0x74, 0x61, 0x0a, 0x7b, 0x0a, 0x20, 0x20, 0x20, 0x20, 0x6d,
  0x61, 0x74, 0x34, 0x20, 0x69, 0x6e, 0x76, 0x65, 0x72, 0x73, 0x65, 0x56,
  0x69, 0x65, 0x77, 0x50, 0x72, 0x6f, 0x6a, 0x65, 0x63, 0x74, 0x69, 0x6f,
  0x6e, 0x3b, 0x0a, 0x20, 0x20, 0x20, 0x20, 0x76, 0x65, 0x63, 0x34, 0x20,
  0x69, 0x6e, 0x66, 0x6f, 0x3b, 0x0a, 0x7d, 0x20, 0x62, 0x61, 0x63, 0x6b,
  0x67, 0x72, 0x6f, 0x75, 0x6e, 0x64, 0x3b, 0x0a, 0x0a, 0x6c, 0x61, 0x79,
  0x6f, 0x75, 0x74, 0x28, 0x62, 0x69, 0x6e, 0x64, 0x69, 0x6e, 0x67, 0x20,
  0x3d, 0x20, 0x31, 0x29, 0x20, 0x75, 0x6e, 0x69, 0x66, 0x6f, 0x72, 0x6d,
  0x20, 0x73, 0x61, 0x6d, 0x70, 0x6c, 0x65, 0x72, 0x32, 0x44, 0x20, 0x79,
  0x75, 0x70, 0x5f, 0x63, 0x6f, 0x6d, 0x62, 0x69, 0x6e, 0x65, 0x64, 0x5f,
  0x75, 0x5f, 0x65, 0x6e, 0x76, 0x69, 0x72, 0x6f, 0x6e, 0x6d, 0x65, 0x6e,
  0x74, 0x5f, 0x73, 0x5f, 0x65, 0x6e, 0x76, 0x69, 0x72, 0x6f, 0x6e, 0x6d,
  0x65, 0x6e, 0x74, 0x3b, 0x0a, 0x0a, 0x6c, 0x61, 0x79, 0x6f, 0x75, 0x74,
  0x28, 0x6c, 0x6f, 0x63, 0x61, 0x74, 0x69, 0x6f, 0x6e, 0x20, 0x3d, 0x20,
  0x30, 0x29, 0x20, 0x69, 0x6e, 0x20, 0x76, 0x65, 0x63, 0x32, 0x20, 0x76,
  0x5f, 0x63, 0x6c, 0x69, 0x70, 0x3b, 0x0a, 0x6c, 0x61, 0x79, 0x6f, 0x75,
  0x74, 0x28, 0x6c, 0x6f, 0x63, 0x61, 0x74, 0x69, 0x6f, 0x6e, 0x20, 0x3d,
  0x20, 0x30, 0x29, 0x20, 0x6f, 0x75, 0x74, 0x20, 0x76, 0x65, 0x63, 0x34,
  0x20, 0x66, 0x72, 0x61, 0x67, 0x43, 0x6f, 0x6c, 0x6f, 0x72, 0x3b, 0x0a,
  0x0a, 0x76, 0x65, 0x63, 0x33, 0x20, 0x61, 0x63, 0x65, 0x73, 0x46, 0x69,
  0x6c, 0x6d, 0x69, 0x63, 0x28, 0x76, 0x65, 0x63, 0x33, 0x20, 0x78, 0x29,
  0x0a, 0x7b, 0x0a, 0x20, 0x20, 0x20, 0x20, 0x72, 0x65, 0x74, 0x75, 0x72,
  0x6e, 0x20, 0x63, 0x6c, 0x61, 0x6d, 0x70, 0x28, 0x28, 0x78, 0x20, 0x2a,
  0x20, 0x28, 0x28, 0x78, 0x20, 0x2a, 0x20, 0x32, 0x2e, 0x35, 0x30, 0x39,
  0x39, 0x39, 0x39, 0x39, 0x39, 0x30, 0x34, 0x36, 0x33, 0x32, 0x35, 0x36,
  0x38, 0x33, 0x35, 0x39, 0x33, 0x37, 0x35, 0x29, 0x20, 0x2b, 0x20, 0x76,
  0x65, 0x63, 0x33, 0x28, 0x30, 0x2e, 0x30, 0x32, 0x39, 0x39, 0x39, 0x39,
  0x39, 0x39, 0x39, 0x33, 0x32, 0x39, 0x34, 0x34, 0x37, 0x37, 0x34, 0x36,
  0x32, 0x37, 0x36, 0x38, 0x35, 0x35, 0x34, 0x36, 0x38, 0x37, 0x35, 0x29,
  0x29, 0x29, 0x20, 0x2f, 0x20, 0x28, 0x28, 0x78, 0x20, 0x2a, 0x20, 0x28,
  0x28, 0x78, 0x20, 0x2a, 0x20, 0x32, 0x2e, 0x34, 0x33, 0x30, 0x30, 0x30,
  0x30, 0x30, 0x36, 0x36, 0x37, 0x35, 0x37, 0x32, 0x30, 0x32, 0x31, 0x34,
  0x38, 0x34, 0x33, 0x37, 0x35, 0x29, 0x20, 0x2b, 0x20, 0x76, 0x65, 0x63,
  0x33, 0x28, 0x30, 0x2e, 0x35, 0x38, 0x39, 0x39, 0x39, 0x39, 0x39, 0x37,
  0x33, 0x37, 0x37, 0x33, 0x39, 0x35, 0x36, 0x32, 0x39, 0x38, 0x38, 0x32,
  0x38, 0x31, 0x32, 0x35, 0x29, 0x29, 0x29, 0x20, 0x2b, 0x20, 0x76, 0x65,
  0x63, 0x33, 0x28, 0x30, 0x2e, 0x31, 0x34, 0x30, 0x30, 0x30, 0x30, 0x30,
  0x30, 0x30, 0x35, 0x39, 0x36, 0x30, 0x34, 0x36, 0x34, 0x34, 0x37, 0x37,
  0x35, 0x33, 0x39, 0x30, 0x36, 0x32, 0x35, 0x29, 0x29, 0x2c, 0x20, 0x76,
  0x65, 0x63, 0x33, 0x28, 0x30, 0x2e, 0x30, 0x29, 0x2c, 0x20, 0x76, 0x65,
  0x63, 0x33, 0x28, 0x31, 0x2e, 0x30, 0x29, 0x29, 0x3b, 0x0a, 0x7d, 0x0a,
  0x0a, 0x76, 0x65, 0x63, 0x33, 0x20, 0x6c, 0x69, 0x6e, 0x65, 0x61, 0x72,
  0x54, 0x6f, 0x53, 0x72, 0x67, 0x62, 0x28, 0x76, 0x65, 0x63, 0x33, 0x20,
  0x63, 0x29, 0x0a, 0x7b, 0x0a, 0x20, 0x20, 0x20, 0x20, 0x72, 0x65, 0x74,
  0x75, 0x72, 0x6e, 0x20, 0x6d, 0x69, 0x78, 0x28, 0x63, 0x20, 0x2a, 0x20,
  0x31, 0x32, 0x2e, 0x39, 0x32, 0x30, 0x30, 0x30, 0x30, 0x30, 0x37, 0x36,
  0x32, 0x39, 0x33, 0x39, 0x34, 0x35, 0x33, 0x31, 0x32, 0x35, 0x2c, 0x20,
  0x28, 0x70, 0x6f, 0x77, 0x28, 0x63, 0x2c, 0x20, 0x76, 0x65, 0x63, 0x33,
  0x28, 0x30, 0x2e, 0x34, 0x31, 0x36, 0x36, 0x36, 0x36, 0x36, 0x35, 0x36,
  0x37, 0x33, 0x32, 0x35, 0x35, 0x39, 0x32, 0x30, 0x34, 0x31, 0x30, 0x31,
  0x35, 0x36, 0x32, 0x35, 0x29, 0x29, 0x20, 0x2a, 0x20, 0x31, 0x2e, 0x30,
  0x35, 0x34, 0x39, 0x39, 0x39, 0x39, 0x34, 0x37, 0x35, 0x34, 0x37, 0x39,
  0x31, 0x32, 0x35, 0x39, 0x37, 0x36, 0x35, 0x36, 0x32, 0x35, 0x29, 0x20,
  0x2d, 0x20, 0x76, 0x65, 0x63, 0x33, 0x28, 0x30, 0x2e, 0x30, 0x35, 0x34,
  0x39, 0x39, 0x39, 0x39, 0x39, 0x39, 0x37, 0x30, 0x31, 0x39, 0x37, 0x36,
  0x37, 0x37, 0x36, 0x31, 0x32, 0x33, 0x30, 0x34, 0x36, 0x38, 0x37, 0x35,
  0x29, 0x2c, 0x20, 0x73, 0x74, 0x65, 0x70, 0x28, 0x76, 0x65, 0x63, 0x33,
  0x28, 0x30, 0x2e, 0x30, 0x30, 0x33, 0x31, 0x33, 0x30, 0x38, 0x30, 0x30,
  0x30, 0x39, 0x30, 0x37, 0x33, 0x30, 0x31, 0x39, 0x30, 0x32, 0x37, 0x37,
  0x30, 0x39, 0x39, 0x36, 0x30, 0x39, 0x33, 0x37, 0x35, 0x29, 0x2c, 0x20,
  0x63, 0x29, 0x29, 0x3b, 0x0a, 0x7d, 0x0a, 0x0a, 0x76, 0x6f, 0x69, 0x64,
  0x20, 0x6d, 0x61, 0x69, 0x6e, 0x28, 0x29, 0x0a, 0x7b, 0x0a, 0x20, 0x20,
  0x20, 0x20, 0x76, 0x65, 0x63, 0x34, 0x20, 0x6e, 0x65, 0x61, 0x72, 0x50,
  0x6f, 0x69, 0x6e, 0x74, 0x20, 0x3d, 0x20, 0x62, 0x61, 0x63, 0x6b, 0x67,
  0x72, 0x6f, 0x75, 0x6e, 0x64, 0x2e, 0x69, 0x6e, 0x76, 0x65, 0x72, 0x73,
  0x65, 0x56, 0x69, 0x65, 0x77, 0x50, 0x72, 0x6f, 0x6a, 0x65, 0x63, 0x74,
  0x69, 0x6f, 0x6e, 0x20, 0x2a, 0x20, 0x76, 0x65, 0x63, 0x34, 0x28, 0x76,
  0x5f, 0x63, 0x6c, 0x69, 0x70, 0x2c, 0x20, 0x30, 0x2e, 0x30, 0x2c, 0x20,
  0x31, 0x2e, 0x30, 0x29, 0x3b, 0x0a, 0x20, 0x20, 0x20, 0x20, 0x76, 0x65,
  0x63, 0x34, 0x20, 0x66, 0x61, 0x72, 0x50, 0x6f, 0x69, 0x6e, 0x74, 0x20,
  0x3d, 0x20, 0x62, 0x61, 0x63, 0x6b, 0x67, 0x72, 0x6f, 0x75, 0x6e, 0x64,
  0x2e, 0x69, 0x6e, 0x76, 0x65, 0x72, 0x73, 0x65, 0x56, 0x69, 0x65, 0x77,
  0x50, 0x72, 0x6f, 0x6a, 0x65, 0x63, 0x74, 0x69, 0x6f, 0x6e, 0x20, 0x2a,
  0x20, 0x76, 0x65, 0x63, 0x34, 0x28, 0x76, 0x5f, 0x63, 0x6c, 0x69, 0x70,
  0x2c, 0x20, 0x31, 0x2e, 0x30, 0x2c, 0x20, 0x31, 0x2e, 0x30, 0x29, 0x3b,
  0x0a, 0x20, 0x20, 0x20, 0x20, 0x76, 0x65, 0x63, 0x33, 0x20, 0x64, 0x20,
  0x3d, 0x20, 0x6e, 0x6f, 0x72, 0x6d, 0x61, 0x6c, 0x69, 0x7a, 0x65, 0x28,
  0x28, 0x66, 0x61, 0x72, 0x50, 0x6f, 0x69, 0x6e, 0x74, 0x2e, 0x78, 0x79,
  0x7a, 0x20, 0x2f, 0x20, 0x76, 0x65, 0x63, 0x33, 0x28, 0x66, 0x61, 0x72,
  0x50, 0x6f, 0x69, 0x6e, 0x74, 0x2e, 0x77, 0x29, 0x29, 0x20, 0x2d, 0x20,
  0x28, 0x6e, 0x65, 0x61, 0x72, 0x50, 0x6f, 0x69, 0x6e, 0x74, 0x2e, 0x78,
  0x79, 0x7a, 0x20, 0x2f, 0x20, 0x76, 0x65, 0x63, 0x33, 0x28, 0x6e, 0x65,
  0x61, 0x72, 0x50, 0x6f, 0x69, 0x6e, 0x74, 0x2e, 0x77, 0x29, 0x29, 0x29,
  0x3b, 0x0a, 0x20, 0x20, 0x20, 0x20, 0x76, 0x65, 0x63, 0x32, 0x20, 0x75,
  0x76, 0x20, 0x3d, 0x20, 0x76, 0x65, 0x63, 0x32, 0x28, 0x61, 0x74, 0x61,
  0x6e, 0x28, 0x64, 0x2e, 0x78, 0x2c, 0x20, 0x64, 0x2e, 0x7a, 0x20, 0x2b,
  0x20, 0x39, 0x2e, 0x39, 0x39, 0x39, 0x39, 0x39, 0x39, 0x39, 0x37, 0x34,
  0x37, 0x35, 0x32, 0x34, 0x32, 0x37, 0x30, 0x37, 0x38, 0x37, 0x38, 0x33,
  0x35, 0x31, 0x32, 0x31, 0x31, 0x35, 0x34, 0x37, 0x38, 0x35, 0x65, 0x2d,
  0x30, 0x37, 0x29, 0x20, 0x2f, 0x20, 0x36, 0x2e, 0x32, 0x38, 0x33, 0x31,
  0x38, 0x35, 0x34, 0x38, 0x32, 0x30, 0x32, 0x35, 0x31, 0x34, 0x36, 0x34,
  0x38, 0x34, 0x33, 0x37, 0x35, 0x2c, 0x20, 0x61, 0x63, 0x6f, 0x73, 0x28,
  0x63, 0x6c, 0x61, 0x6d, 0x70, 0x28, 0x64, 0x2e, 0x79, 0x2c, 0x20, 0x2d,
  0x31, 0x2e, 0x30, 0x2c, 0x20, 0x31, 0x2e, 0x30, 0x29, 0x29, 0x20, 0x2f,
  0x20, 0x33, 0x2e, 0x31, 0x34, 0x31, 0x35, 0x39, 0x32, 0x37, 0x34, 0x31,
  0x30, 0x31, 0x32, 0x35, 0x37, 0x33, 0x32, 0x34, 0x32, 0x31, 0x38, 0x37,
  0x35, 0x29, 0x3b, 0x0a, 0x20, 0x20, 0x20, 0x20, 0x76, 0x65, 0x63, 0x33,
  0x20, 0x63, 0x6f, 0x6c, 0x6f, 0x72, 0x20, 0x3d, 0x20, 0x74, 0x65, 0x78,
  0x74, 0x75, 0x72, 0x65, 0x4c, 0x6f, 0x64, 0x28, 0x79, 0x75, 0x70, 0x5f,
  0x63, 0x6f, 0x6d, 0x62, 0x69, 0x6e, 0x65, 0x64, 0x5f, 0x75, 0x5f, 0x65,
  0x6e, 0x76, 0x69, 0x72, 0x6f, 0x6e, 0x6d, 0x65, 0x6e, 0x74, 0x5f, 0x73,
  0x5f, 0x65, 0x6e, 0x76, 0x69, 0x72, 0x6f, 0x6e, 0x6d, 0x65, 0x6e, 0x74,
  0x2c, 0x20, 0x75, 0x76, 0x2c, 0x20, 0x62, 0x61, 0x63, 0x6b, 0x67, 0x72,
  0x6f, 0x75, 0x6e, 0x64, 0x2e, 0x69, 0x6e, 0x66, 0x6f, 0x2e, 0x79, 0x29,
  0x2e, 0x78, 0x79, 0x7a, 0x3b, 0x0a, 0x20, 0x20, 0x20, 0x20, 0x63, 0x6f,
  0x6c, 0x6f, 0x72, 0x20, 0x2a, 0x3d, 0x20, 0x28, 0x62, 0x61, 0x63, 0x6b,
  0x67, 0x72, 0x6f, 0x75, 0x6e, 0x64, 0x2e, 0x69, 0x6e, 0x66, 0x6f, 0x2e,
  0x78, 0x20, 0x2a, 0x20, 0x62, 0x61, 0x63, 0x6b, 0x67, 0x72, 0x6f, 0x75,
  0x6e, 0x64, 0x2e, 0x69, 0x6e, 0x66, 0x6f, 0x2e, 0x77, 0x29, 0x3b, 0x0a,
  0x20, 0x20, 0x20, 0x20, 0x76, 0x65, 0x63, 0x33, 0x20, 0x5f, 0x31, 0x36,
  0x30, 0x3b, 0x0a, 0x20, 0x20, 0x20, 0x20, 0x69, 0x66, 0x20, 0x28, 0x62,
  0x61, 0x63, 0x6b, 0x67, 0x72, 0x6f, 0x75, 0x6e, 0x64, 0x2e, 0x69, 0x6e,
  0x66, 0x6f, 0x2e, 0x7a, 0x20, 0x3e, 0x20, 0x30, 0x2e, 0x35, 0x29, 0x0a,
  0x20, 0x20, 0x20, 0x20, 0x7b, 0x0a, 0x20, 0x20, 0x20, 0x20, 0x20, 0x20,
  0x20, 0x20, 0x76, 0x65, 0x63, 0x33, 0x20, 0x70, 0x61, 0x72, 0x61, 0x6d,
  0x20, 0x3d, 0x20, 0x63, 0x6f, 0x6c, 0x6f, 0x72, 0x3b, 0x0a, 0x20, 0x20,
  0x20, 0x20, 0x20, 0x20, 0x20, 0x20, 0x5f, 0x31, 0x36, 0x30, 0x20, 0x3d,
  0x20, 0x61, 0x63, 0x65, 0x73, 0x46, 0x69, 0x6c, 0x6d, 0x69, 0x63, 0x28,
  0x70, 0x61, 0x72, 0x61, 0x6d, 0x29, 0x3b, 0x0a, 0x20, 0x20, 0x20, 0x20,
  0x7d, 0x0a, 0x20, 0x20, 0x20, 0x20, 0x65, 0x6c, 0x73, 0x65, 0x0a, 0x20,
  0x20, 0x20, 0x20, 0x7b, 0x0a, 0x20, 0x20, 0x20, 0x20, 0x20, 0x20, 0x20,
  0x20, 0x5f, 0x31, 0x36, 0x30, 0x20, 0x3d, 0x20, 0x63, 0x6f, 0x6c, 0x6f,
  0x72, 0x20, 0x2f, 0x20, 0x28, 0x76, 0x65, 0x63, 0x33, 0x28, 0x31, 0x2e,
  0x30, 0x29, 0x20, 0x2b, 0x20, 0x63, 0x6f, 0x6c, 0x6f, 0x72, 0x29, 0x3b,
  0x0a, 0x20, 0x20, 0x20, 0x20, 0x7d, 0x0a, 0x20, 0x20, 0x20, 0x20, 0x63,
  0x6f, 0x6c, 0x6f, 0x72, 0x20, 0x3d, 0x20, 0x5f, 0x31, 0x36, 0x30, 0x3b,
  0x0a, 0x20, 0x20, 0x20, 0x20, 0x76, 0x65, 0x63, 0x33, 0x20, 0x70, 0x61,
  0x72, 0x61, 0x6d, 0x5f, 0x31, 0x20, 0x3d, 0x20, 0x63, 0x6f, 0x6c, 0x6f,
  0x72, 0x3b, 0x0a, 0x20, 0x20, 0x20, 0x20, 0x66, 0x72, 0x61, 0x67, 0x43,
  0x6f, 0x6c, 0x6f, 0x72, 0x20, 0x3d, 0x20, 0x76, 0x65, 0x63, 0x34, 0x28,
  0x6c, 0x69, 0x6e, 0x65, 0x61, 0x72, 0x54, 0x6f, 0x53, 0x72, 0x67, 0x62,
  0x28, 0x70, 0x61, 0x72, 0x61, 0x6d, 0x5f, 0x31, 0x29, 0x2c, 0x20, 0x31,
  0x2e, 0x30, 0x29, 0x3b, 0x0a, 0x7d, 0x0a, 0x0a, 0x49, 0x53, 0x52, 0x43,
  0xfb, 0x09, 0x00, 0x00, 0x2f, 0x2a, 0x0a, 0x20, 0x20, 0x3d, 0x3d, 0x3d,
  0x3d, 0x3d, 0x3d, 0x3d, 0x3d, 0x3d, 0x3d, 0x3d, 0x3d, 0x3d, 0x3d, 0x3d,
  0x3d, 0x3d, 0x3d, 0x3d, 0x3d, 0x3d, 0x3d, 0x3d, 0x3d, 0x3d, 0x3d, 0x3d,
  0x3d, 0x3d, 0x3d, 0x3d, 0x3d, 0x3d, 0x3d, 0x3d, 0x3d, 0x3d, 0x3d, 0x3d,
  0x3d, 0x3d, 0x3d, 0x3d, 0x3d, 0x3d, 0x3d, 0x3d, 0x3d, 0x3d, 0x3d, 0x3d,
  0x3d, 0x3d, 0x3d, 0x3d, 0x3d, 0x3d, 0x3d, 0x3d, 0x3d, 0x3d, 0x3d, 0x3d,
  0x3d, 0x3d, 0x3d, 0x3d, 0x3d, 0x3d, 0x3d, 0x3d, 0x3d, 0x3d, 0x3d, 0x3d,
  0x3d, 0x3d, 0x3d, 0x0a, 0x0a, 0x20, 0x20, 0x20, 0x54, 0x68, 0x69, 0x73,
  0x20, 0x66, 0x69, 0x6c, 0x65, 0x20, 0x69, 0x73, 0x20, 0x70, 0x61, 0x72,
  0x74, 0x20, 0x6f, 0x66, 0x20, 0x74, 0x68, 0x65, 0x20, 0x59, 0x55, 0x50,
  0x20, 0x6c, 0x69, 0x62, 0x72, 0x61, 0x72, 0x79, 0x2e, 0x0a, 0x20, 0x20,
  0x20, 0x43, 0x6f, 0x70, 0x79, 0x72, 0x69, 0x67, 0x68, 0x74, 0x20, 0x28,
  0x63, 0x29, 0x20, 0x32, 0x30, 0x32, 0x36, 0x20, 0x2d, 0x20, 0x6b, 0x75,
  0x6e, 0x69, 0x74, 0x6f, 0x6b, 0x69, 0x40, 0x67, 0x6d, 0x61, 0x69, 0x6c,
  0x2e, 0x63, 0x6f, 0x6d, 0x0a, 0x0a, 0x20, 0x20, 0x20, 0x59, 0x55, 0x50,
  0x20, 0x69, 0x73, 0x20, 0x61, 0x6e, 0x20, 0x6f, 0x70, 0x65, 0x6e, 0x20,
  0x73, 0x6f, 0x75, 0x72, 0x63, 0x65, 0x20, 0x6c, 0x69, 0x62, 0x72, 0x61,
  0x72, 0x79, 0x20, 0x73, 0x75, 0x62, 0x6a, 0x65, 0x63, 0x74, 0x20, 0x74,
  0x6f, 0x20, 0x6f, 0x70, 0x65, 0x6e, 0x2d, 0x73, 0x6f, 0x75, 0x72, 0x63,
  0x65, 0x20, 0x6c, 0x69, 0x63, 0x65, 0x6e, 0x73, 0x69, 0x6e, 0x67, 0x2e,
  0x0a, 0x0a, 0x20, 0x20, 0x20, 0x54, 0x68, 0x65, 0x20, 0x63, 0x6f, 0x64,
  0x65, 0x20, 0x69, 0x6e, 0x63, 0x6c, 0x75, 0x64, 0x65, 0x64, 0x20, 0x69,
  0x6e, 0x20, 0x74, 0x68, 0x69, 0x73, 0x20, 0x66, 0x69, 0x6c, 0x65, 0x20,
  0x69, 0x73, 0x20, 0x70, 0x72, 0x6f, 0x76, 0x69, 0x64, 0x65, 0x64, 0x20,
  0x75, 0x6e, 0x64, 0x65, 0x72, 0x20, 0x74, 0x68, 0x65, 0x20, 0x74, 0x65,
  0x72, 0x6d, 0x73, 0x20, 0x6f, 0x66, 0x20, 0x74, 0x68, 0x65, 0x20, 0x49,
  0x53, 0x43, 0x20, 0x6c, 0x69, 0x63, 0x65, 0x6e, 0x73, 0x65, 0x0a, 0x20,
  0x20, 0x20, 0x68, 0x74, 0x74, 0x70, 0x3a, 0x2f, 0x2f, 0x77, 0x77, 0x77,
  0x2e, 0x69, 0x73, 0x63, 0x2e, 0x6f, 0x72, 0x67, 0x2f, 0x64, 0x6f, 0x77,
  0x6e, 0x6c, 0x6f, 0x61, 0x64, 0x73, 0x2f, 0x73, 0x6f, 0x66, 0x74, 0x77,
  0x61, 0x72, 0x65, 0x2d, 0x73, 0x75, 0x70, 0x70, 0x6f, 0x72, 0x74, 0x2d,
  0x70, 0x6f, 0x6c, 0x69, 0x63, 0x79, 0x2f, 0x69, 0x73, 0x63, 0x2d, 0x6c,
  0x69, 0x63, 0x65, 0x6e, 0x73, 0x65, 0x2e, 0x20, 0x50, 0x65, 0x72, 0x6d,
  0x69, 0x73, 0x73, 0x69, 0x6f, 0x6e, 0x0a, 0x20, 0x20, 0x20, 0x74, 0x6f,
  0x20, 0x75, 0x73, 0x65, 0x2c, 0x20, 0x63, 0x6f, 0x70, 0x79, 0x2c, 0x20,
  0x6d, 0x6f, 0x64, 0x69, 0x66, 0x79, 0x2c, 0x20, 0x61, 0x6e, 0x64, 0x2f,
  0x6f, 0x72, 0x20, 0x64, 0x69, 0x73, 0x74, 0x72, 0x69, 0x62, 0x75, 0x74,
  0x65, 0x20, 0x74, 0x68, 0x69, 0x73, 0x20, 0x73, 0x6f, 0x66, 0x74, 0x77,
  0x61, 0x72, 0x65, 0x20, 0x66, 0x6f, 0x72, 0x20, 0x61, 0x6e, 0x79, 0x20,
  0x70, 0x75, 0x72, 0x70, 0x6f, 0x73, 0x65, 0x20, 0x77, 0x69, 0x74, 0x68,
  0x20, 0x6f, 0x72, 0x0a, 0x20, 0x20, 0x20, 0x77, 0x69, 0x74, 0x68, 0x6f,
  0x75, 0x74, 0x20, 0x66, 0x65, 0x65, 0x20, 0x69, 0x73, 0x20, 0x68, 0x65,
  0x72, 0x65, 0x62, 0x79, 0x20, 0x67, 0x72, 0x61, 0x6e, 0x74, 0x65, 0x64,
  0x20, 0x70, 0x72, 0x6f, 0x76, 0x69, 0x64, 0x65, 0x64, 0x20, 0x74, 0x68,
  0x61, 0x74, 0x20, 0x74, 0x68, 0x65, 0x20, 0x61, 0x62, 0x6f, 0x76, 0x65,
  0x20, 0x63, 0x6f, 0x70, 0x79, 0x72, 0x69, 0x67, 0x68, 0x74, 0x20, 0x6e,
  0x6f, 0x74, 0x69, 0x63, 0x65, 0x20, 0x61, 0x6e, 0x64, 0x0a, 0x20, 0x20,
  0x20, 0x74, 0x68, 0x69, 0x73, 0x20, 0x70, 0x65, 0x72, 0x6d, 0x69, 0x73,
  0x73, 0x69, 0x6f, 0x6e, 0x20, 0x6e, 0x6f, 0x74, 0x69, 0x63, 0x65, 0x20,
  0x61, 0x70, 0x70, 0x65, 0x61, 0x72, 0x20, 0x69, 0x6e, 0x20, 0x61, 0x6c,
  0x6c, 0x20, 0x63, 0x6f, 0x70, 0x69, 0x65, 0x73, 0x2e, 0x0a, 0x0a, 0x20,
  0x20, 0x20, 0x59, 0x55, 0x50, 0x20, 0x49, 0x53, 0x20, 0x50, 0x52, 0x4f,
  0x56, 0x49, 0x44, 0x45, 0x44, 0x20, 0x22, 0x41, 0x53, 0x20, 0x49, 0x53,
  0x22, 0x20, 0x57, 0x49, 0x54, 0x48, 0x4f, 0x55, 0x54, 0x20, 0x41, 0x4e,
  0x59, 0x20, 0x57, 0x41, 0x52, 0x52, 0x41, 0x4e, 0x54, 0x59, 0x2c, 0x20,
  0x41, 0x4e, 0x44, 0x20, 0x41, 0x4c, 0x4c, 0x20, 0x57, 0x41, 0x52, 0x52,
  0x41, 0x4e, 0x54, 0x49, 0x45, 0x53, 0x2c, 0x20, 0x57, 0x48, 0x45, 0x54,
  0x48, 0x45, 0x52, 0x0a, 0x20, 0x20, 0x20, 0x45, 0x58, 0x50, 0x52, 0x45,
  0x53, 0x53, 0x45, 0x44, 0x20, 0x4f, 0x52, 0x20, 0x49, 0x4d, 0x50, 0x4c,
  0x49, 0x45, 0x44, 0x2c, 0x20, 0x49, 0x4e, 0x43, 0x4c, 0x55, 0x44, 0x49,
  0x4e, 0x47, 0x20, 0x4d, 0x45, 0x52, 0x43, 0x48, 0x41, 0x4e, 0x54, 0x41,
  0x42, 0x49, 0x4c, 0x49, 0x54, 0x59, 0x20, 0x41, 0x4e, 0x44, 0x20, 0x46,
  0x49, 0x54, 0x4e, 0x45, 0x53, 0x53, 0x20, 0x46, 0x4f, 0x52, 0x20, 0x50,
  0x55, 0x52, 0x50, 0x4f, 0x53, 0x45, 0x2c, 0x20, 0x41, 0x52, 0x45, 0x0a,
  0x20, 0x20, 0x20, 0x44, 0x49, 0x53, 0x43, 0x4c, 0x41, 0x49, 0x4d, 0x45,
  0x44, 0x2e, 0x0a, 0x0a, 0x20, 0x20, 0x3d, 0x3d, 0x3d, 0x3d, 0x3d, 0x3d,
  0x3d, 0x3d, 0x3d, 0x3d, 0x3d, 0x3d, 0x3d, 0x3d, 0x3d, 0x3d, 0x3d, 0x3d,
  0x3d, 0x3d, 0x3d, 0x3d, 0x3d, 0x3d, 0x3d, 0x3d, 0x3d, 0x3d, 0x3d, 0x3d,
  0x3d, 0x3d, 0x3d, 0x3d, 0x3d, 0x3d, 0x3d, 0x3d, 0x3d, 0x3d, 0x3d, 0x3d,
  0x3d, 0x3d, 0x3d, 0x3d, 0x3d, 0x3d, 0x3d, 0x3d, 0x3d, 0x3d, 0x3d, 0x3d,
  0x3d, 0x3d, 0x3d, 0x3d, 0x3d, 0x3d, 0x3d, 0x3d, 0x3d, 0x3d, 0x3d, 0x3d,
  0x3d, 0x3d, 0x3d, 0x3d, 0x3d, 0x3d, 0x3d, 0x3d, 0x3d, 0x3d, 0x3d, 0x3d,
  0x0a, 0x2a, 0x2f, 0x0a, 0x0a, 0x23, 0x76, 0x65, 0x72, 0x73, 0x69, 0x6f,
  0x6e, 0x20, 0x34, 0x35, 0x30, 0x0a, 0x0a, 0x2f, 0x2f, 0x20, 0x53, 0x68,
  0x6f, 0x77, 0x73, 0x20, 0x74, 0x68, 0x65, 0x20, 0x65, 0x6e, 0x76, 0x69,
  0x72, 0x6f, 0x6e, 0x6d, 0x65, 0x6e, 0x74, 0x20, 0x62, 0x65, 0x68, 0x69,
  0x6e, 0x64, 0x20, 0x74, 0x68, 0x65, 0x20, 0x73, 0x63, 0x65, 0x6e, 0x65,
  0x2c, 0x20, 0x62, 0x6c, 0x75, 0x72, 0x72, 0x65, 0x64, 0x20, 0x74, 0x6f,
  0x20, 0x6f, 0x6e, 0x65, 0x20, 0x6f, 0x66, 0x20, 0x69, 0x74, 0x73, 0x20,
  0x72, 0x6f, 0x75, 0x67, 0x68, 0x6e, 0x65, 0x73, 0x73, 0x20, 0x6c, 0x65,
  0x76, 0x65, 0x6c, 0x73, 0x2c, 0x20, 0x65, 0x78, 0x70, 0x6f, 0x73, 0x65,
  0x64, 0x20, 0x61, 0x6e, 0x64, 0x0a, 0x2f, 0x2f, 0x20, 0x74, 0x6f, 0x6e,
  0x65, 0x20, 0x6d, 0x61, 0x70, 0x70, 0x65, 0x64, 0x20, 0x6c, 0x69, 0x6b,
  0x65, 0x20, 0x74, 0x68, 0x65, 0x20, 0x73, 0x75, 0x72, 0x66, 0x61, 0x63,
  0x65, 0x73, 0x2e, 0x0a, 0x0a, 0x2f, 0x2f, 0x20, 0x4d, 0x75, 0x73, 0x74,
  0x20, 0x6d, 0x61, 0x74, 0x63, 0x68, 0x20, 0x42, 0x61, 0x63, 0x6b, 0x67,
  0x72, 0x6f, 0x75, 0x6e, 0x64, 0x44, 0x61, 0x74, 0x61, 0x20, 0x69, 0x6e,
  0x20, 0x79, 0x75, 0x70, 0x5f, 0x53, 0x63, 0x65, 0x6e, 0x65, 0x52, 0x65,
  0x6e, 0x64, 0x65, 0x72, 0x65, 0x72, 0x2e, 0x63, 0x70, 0x70, 0x0a, 0x6c,
  0x61, 0x79, 0x6f, 0x75, 0x74, 0x28, 0x73, 0x65, 0x74, 0x20, 0x3d, 0x20,
  0x30, 0x2c, 0x20, 0x62, 0x69, 0x6e, 0x64, 0x69, 0x6e, 0x67, 0x20, 0x3d,
  0x20, 0x30, 0x29, 0x20, 0x75, 0x6e, 0x69, 0x66, 0x6f, 0x72, 0x6d, 0x20,
  0x42, 0x61, 0x63, 0x6b, 0x67, 0x72, 0x6f, 0x75, 0x6e, 0x64, 0x44, 0x61,
  0x74, 0x61, 0x0a, 0x7b, 0x0a, 0x20, 0x20, 0x20, 0x20, 0x6d, 0x61, 0x74,
  0x34, 0x20, 0x69, 0x6e, 0x76, 0x65, 0x72, 0x73, 0x65, 0x56, 0x69, 0x65,
  0x77, 0x50, 0x72, 0x6f, 0x6a, 0x65, 0x63, 0x74, 0x69, 0x6f, 0x6e, 0x3b,
  0x0a, 0x20, 0x20, 0x20, 0x20, 0x76, 0x65, 0x63, 0x34, 0x20, 0x69, 0x6e,
  0x66, 0x6f, 0x3b, 0x20, 0x20, 0x20, 0x20, 0x20, 0x20, 0x20, 0x20, 0x20,
  0x20, 0x20, 0x20, 0x20, 0x20, 0x20, 0x20, 0x2f, 0x2f, 0x20, 0x78, 0x20,
  0x69, 0x6e, 0x74, 0x65, 0x6e, 0x73, 0x69, 0x74, 0x79, 0x2c, 0x20, 0x79,
  0x20, 0x6c, 0x65, 0x76, 0x65, 0x6c, 0x2c, 0x20, 0x7a, 0x20, 0x74, 0x6f,
  0x6e, 0x65, 0x20, 0x6d, 0x61, 0x70, 0x70, 0x69, 0x6e, 0x67, 0x20, 0x28,
  0x30, 0x20, 0x52, 0x65, 0x69, 0x6e, 0x68, 0x61, 0x72, 0x64, 0x2c, 0x20,
  0x31, 0x20, 0x41, 0x43, 0x45, 0x53, 0x29, 0x2c, 0x20, 0x77, 0x20, 0x65,
  0x78, 0x70, 0x6f, 0x73, 0x75, 0x72, 0x65, 0x0a, 0x7d, 0x20, 0x62, 0x61,
  0x63, 0x6b, 0x67, 0x72, 0x6f, 0x75, 0x6e, 0x64, 0x3b, 0x0a, 0x0a, 0x6c,
  0x61, 0x79, 0x6f, 0x75, 0x74, 0x28, 0x73, 0x65, 0x74, 0x20, 0x3d, 0x20,
  0x30, 0x2c, 0x20, 0x62, 0x69, 0x6e, 0x64, 0x69, 0x6e, 0x67, 0x20, 0x3d,
  0x20, 0x31, 0x29, 0x20, 0x75, 0x6e, 0x69, 0x66, 0x6f, 0x72, 0x6d, 0x20,
  0x74, 0x65, 0x78, 0x74, 0x75, 0x72, 0x65, 0x32, 0x44, 0x20, 0x75, 0x5f,
  0x65, 0x6e, 0x76, 0x69, 0x72, 0x6f, 0x6e, 0x6d, 0x65, 0x6e, 0x74, 0x3b,
  0x0a, 0x6c, 0x61, 0x79, 0x6f, 0x75, 0x74, 0x28, 0x73, 0x65, 0x74, 0x20,
  0x3d, 0x20, 0x30, 0x2c, 0x20, 0x62, 0x69, 0x6e, 0x64, 0x69, 0x6e, 0x67,
  0x20, 0x3d, 0x20, 0x32, 0x29, 0x20, 0x75, 0x6e, 0x69, 0x66, 0x6f, 0x72,
  0x6d, 0x20, 0x73, 0x61, 0x6d, 0x70, 0x6c, 0x65, 0x72, 0x20, 0x73, 0x5f,
  0x65, 0x6e, 0x76, 0x69, 0x72, 0x6f, 0x6e, 0x6d, 0x65, 0x6e, 0x74, 0x3b,
  0x0a, 0x0a, 0x6c, 0x61, 0x79, 0x6f, 0x75, 0x74, 0x28, 0x6c, 0x6f, 0x63,
  0x61, 0x74, 0x69, 0x6f, 0x6e, 0x20, 0x3d, 0x20, 0x30, 0x29, 0x20, 0x69,
  0x6e, 0x20, 0x76, 0x65, 0x63, 0x32, 0x20, 0x76, 0x5f, 0x63, 0x6c, 0x69,
  0x70, 0x3b, 0x0a, 0x0a, 0x6c, 0x61, 0x79, 0x6f, 0x75, 0x74, 0x28, 0x6c,
  0x6f, 0x63, 0x61, 0x74, 0x69, 0x6f, 0x6e, 0x20, 0x3d, 0x20, 0x30, 0x29,
  0x20, 0x6f, 0x75, 0x74, 0x20, 0x76, 0x65, 0x63, 0x34, 0x20, 0x66, 0x72,
  0x61, 0x67, 0x43, 0x6f, 0x6c, 0x6f, 0x72, 0x3b, 0x0a, 0x0a, 0x63, 0x6f,
  0x6e, 0x73, 0x74, 0x20, 0x66, 0x6c, 0x6f, 0x61, 0x74, 0x20, 0x50, 0x49,
  0x20, 0x3d, 0x20, 0x33, 0x2e, 0x31, 0x34, 0x31, 0x35, 0x39, 0x32, 0x36,
  0x35, 0x33, 0x35, 0x39, 0x3b, 0x0a, 0x0a, 0x76, 0x65, 0x63, 0x33, 0x20,
  0x6c, 0x69, 0x6e, 0x65, 0x61, 0x72, 0x54, 0x6f, 0x53, 0x72, 0x67, 0x62,
  0x28, 0x76, 0x65, 0x63, 0x33, 0x20, 0x63, 0x29, 0x0a, 0x7b, 0x0a, 0x20,
  0x20, 0x20, 0x20, 0x72, 0x65, 0x74, 0x75, 0x72, 0x6e, 0x20, 0x6d, 0x69,
  0x78, 0x28, 0x63, 0x20, 0x2a, 0x20, 0x31, 0x32, 0x2e, 0x39, 0x32, 0x2c,
  0x20, 0x31, 0x2e, 0x30, 0x35, 0x35, 0x20, 0x2a, 0x20, 0x70, 0x6f, 0x77,
  0x28, 0x63, 0x2c, 0x20, 0x76, 0x65, 0x63, 0x33, 0x28, 0x31, 0x2e, 0x30,
  0x20, 0x2f, 0x20, 0x32, 0x2e, 0x34, 0x29, 0x29, 0x20, 0x2d, 0x20, 0x30,
  0x2e, 0x30, 0x35, 0x35, 0x2c, 0x20, 0x73, 0x74, 0x65, 0x70, 0x28, 0x76,
  0x65, 0x63, 0x33, 0x28, 0x30, 0x2e, 0x30, 0x30, 0x33, 0x31, 0x33, 0x30,
  0x38, 0x29, 0x2c, 0x20, 0x63, 0x29, 0x29, 0x3b, 0x0a, 0x7d, 0x0a, 0x0a,
  0x76, 0x65, 0x63, 0x33, 0x20, 0x61, 0x63, 0x65, 0x73, 0x46, 0x69, 0x6c,
  0x6d, 0x69, 0x63, 0x28, 0x76, 0x65, 0x63, 0x33, 0x20, 0x78, 0x29, 0x0a,
  0x7b, 0x0a, 0x20, 0x20, 0x20, 0x20, 0x72, 0x65, 0x74, 0x75, 0x72, 0x6e,
  0x20, 0x63, 0x6c, 0x61, 0x6d, 0x70, 0x28, 0x28, 0x78, 0x20, 0x2a, 0x20,
  0x28, 0x32, 0x2e, 0x35, 0x31, 0x20, 0x2a, 0x20, 0x78, 0x20, 0x2b, 0x20,
  0x30, 0x2e, 0x30, 0x33, 0x29, 0x29, 0x20, 0x2f, 0x20, 0x28, 0x78, 0x20,
  0x2a, 0x20, 0x28, 0x32, 0x2e, 0x34, 0x33, 0x20, 0x2a, 0x20, 0x78, 0x20,
  0x2b, 0x20, 0x30, 0x2e, 0x35, 0x39, 0x29, 0x20, 0x2b, 0x20, 0x30, 0x2e,
  0x31, 0x34, 0x29, 0x2c, 0x20, 0x30, 0x2e, 0x30, 0x2c, 0x20, 0x31, 0x2e,
  0x30, 0x29, 0x3b, 0x0a, 0x7d, 0x0a, 0x0a, 0x76, 0x6f, 0x69, 0x64, 0x20,
  0x6d, 0x61, 0x69, 0x6e, 0x28, 0x29, 0x0a, 0x7b, 0x0a, 0x20, 0x20, 0x20,
  0x20, 0x2f, 0x2f, 0x20, 0x46, 0x72, 0x6f, 0x6d, 0x20, 0x74, 0x68, 0x65,
  0x20, 0x6e, 0x65, 0x61, 0x72, 0x20, 0x74, 0x6f, 0x20, 0x74, 0x68, 0x65,
  0x20, 0x66, 0x61, 0x72, 0x20, 0x70, 0x6c, 0x61, 0x6e, 0x65, 0x20, 0x74,
  0x68, 0x72, 0x6f, 0x75, 0x67, 0x68, 0x20, 0x74, 0x68, 0x69, 0x73, 0x20,
  0x70, 0x69, 0x78, 0x65, 0x6c, 0x2c, 0x20, 0x66, 0x6f, 0x72, 0x20, 0x70,
  0x65, 0x72, 0x73, 0x70, 0x65, 0x63, 0x74, 0x69, 0x76, 0x65, 0x20, 0x61,
  0x6e, 0x64, 0x20, 0x6f, 0x72, 0x74, 0x68, 0x6f, 0x67, 0x72, 0x61, 0x70,
  0x68, 0x69, 0x63, 0x20, 0x63, 0x61, 0x6d, 0x65, 0x72, 0x61, 0x73, 0x0a,
  0x20, 0x20, 0x20, 0x20, 0x76, 0x65, 0x63, 0x34, 0x20, 0x6e, 0x65, 0x61,
  0x72, 0x50, 0x6f, 0x69, 0x6e, 0x74, 0x20, 0x3d, 0x20, 0x62, 0x61, 0x63,
  0x6b, 0x67, 0x72, 0x6f, 0x75, 0x6e, 0x64, 0x2e, 0x69, 0x6e, 0x76, 0x65,
  0x72, 0x73, 0x65, 0x56, 0x69, 0x65, 0x77, 0x50, 0x72, 0x6f, 0x6a, 0x65,
  0x63, 0x74, 0x69, 0x6f, 0x6e, 0x20, 0x2a, 0x20, 0x76, 0x65, 0x63, 0x34,
  0x28, 0x76, 0x5f, 0x63, 0x6c, 0x69, 0x70, 0x2c, 0x20, 0x30, 0x2e, 0x30,
  0x2c, 0x20, 0x31, 0x2e, 0x30, 0x29, 0x3b, 0x0a, 0x20, 0x20, 0x20, 0x20,
  0x76, 0x65, 0x63, 0x34, 0x20, 0x66, 0x61, 0x72, 0x50, 0x6f, 0x69, 0x6e,
  0x74, 0x20, 0x3d, 0x20, 0x62, 0x61, 0x63, 0x6b, 0x67, 0x72, 0x6f, 0x75,
  0x6e, 0x64, 0x2e, 0x69, 0x6e, 0x76, 0x65, 0x72, 0x73, 0x65, 0x56, 0x69,
  0x65, 0x77, 0x50, 0x72, 0x6f, 0x6a, 0x65, 0x63, 0x74, 0x69, 0x6f, 0x6e,
  0x20, 0x2a, 0x20, 0x76, 0x65, 0x63, 0x34, 0x28, 0x76, 0x5f, 0x63, 0x6c,
  0x69, 0x70, 0x2c, 0x20, 0x31, 0x2e, 0x30, 0x2c, 0x20, 0x31, 0x2e, 0x30,
  0x29, 0x3b, 0x0a, 0x20, 0x20, 0x20, 0x20, 0x76, 0x65, 0x63, 0x33, 0x20,
  0x64, 0x20, 0x3d, 0x20, 0x6e, 0x6f, 0x72, 0x6d, 0x61, 0x6c, 0x69, 0x7a,
  0x65, 0x28, 0x66, 0x61, 0x72, 0x50, 0x6f, 0x69, 0x6e, 0x74, 0x2e, 0x78,
  0x79, 0x7a, 0x20, 0x2f, 0x20, 0x66, 0x61, 0x72, 0x50, 0x6f, 0x69, 0x6e,
  0x74, 0x2e, 0x77, 0x20, 0x2d, 0x20, 0x6e, 0x65, 0x61, 0x72, 0x50, 0x6f,
  0x69, 0x6e, 0x74, 0x2e, 0x78, 0x79, 0x7a, 0x20, 0x2f, 0x20, 0x6e, 0x65,
  0x61, 0x72, 0x50, 0x6f, 0x69, 0x6e, 0x74, 0x2e, 0x77, 0x29, 0x3b, 0x0a,
  0x0a, 0x20, 0x20, 0x20, 0x20, 0x2f, 0x2f, 0x20, 0x61, 0x74, 0x61, 0x6e,
  0x20, 0x69, 0x73, 0x20, 0x75, 0x6e, 0x64, 0x65, 0x66, 0x69, 0x6e, 0x65,
  0x64, 0x20, 0x61, 0x74, 0x20, 0x74, 0x68, 0x65, 0x20, 0x70, 0x6f, 0x6c,
  0x65, 0x73, 0x2c, 0x20, 0x77, 0x68, 0x65, 0x72, 0x65, 0x20, 0x62, 0x6f,
  0x74, 0x68, 0x20, 0x61, 0x72, 0x67, 0x75, 0x6d, 0x65, 0x6e, 0x74, 0x73,
  0x20, 0x61, 0x72, 0x65, 0x20, 0x7a, 0x65, 0x72, 0x6f, 0x0a, 0x20, 0x20,
  0x20, 0x20, 0x76, 0x65, 0x63, 0x32, 0x20, 0x75, 0x76, 0x20, 0x3d, 0x20,
  0x76, 0x65, 0x63, 0x32, 0x28, 0x61, 0x74, 0x61, 0x6e, 0x28, 0x64, 0x2e,
  0x78, 0x2c, 0x20, 0x64, 0x2e, 0x7a, 0x20, 0x2b, 0x20, 0x31, 0x2e, 0x30,
  0x65, 0x2d, 0x36, 0x29, 0x20, 0x2f, 0x20, 0x28, 0x32, 0x2e, 0x30, 0x20,
  0x2a, 0x20, 0x50, 0x49, 0x29, 0x2c, 0x20, 0x61, 0x63, 0x6f, 0x73, 0x28,
  0x63, 0x6c, 0x61, 0x6d, 0x70, 0x28, 0x64, 0x2e, 0x79, 0x2c, 0x20, 0x2d,
  0x31, 0x2e, 0x30, 0x2c, 0x20, 0x31, 0x2e, 0x30, 0x29, 0x29, 0x20, 0x2f,
  0x20, 0x50, 0x49, 0x29, 0x3b, 0x0a, 0x20, 0x20, 0x20, 0x20, 0x76, 0x65,
  0x63, 0x33, 0x20, 0x63, 0x6f, 0x6c, 0x6f, 0x72, 0x20, 0x3d, 0x20, 0x74,
  0x65, 0x78, 0x74, 0x75, 0x72, 0x65, 0x4c, 0x6f, 0x64, 0x28, 0x73, 0x61,
  0x6d, 0x70, 0x6c, 0x65, 0x72, 0x32, 0x44, 0x28, 0x75, 0x5f, 0x65, 0x6e,
  0x76, 0x69, 0x72, 0x6f, 0x6e, 0x6d, 0x65, 0x6e, 0x74, 0x2c, 0x20, 0x73,
  0x5f, 0x65, 0x6e, 0x76, 0x69, 0x72, 0x6f, 0x6e, 0x6d, 0x65, 0x6e, 0x74,
  0x29, 0x2c, 0x20, 0x75, 0x76, 0x2c, 0x20, 0x62, 0x61, 0x63, 0x6b, 0x67,
  0x72, 0x6f, 0x75, 0x6e, 0x64, 0x2e, 0x69, 0x6e, 0x66, 0x6f, 0x2e, 0x79,
  0x29, 0x2e, 0x72, 0x67, 0x62, 0x3b, 0x0a, 0x0a, 0x20, 0x20, 0x20, 0x20,
  0x63, 0x6f, 0x6c, 0x6f, 0x72, 0x20, 0x3d, 0x20, 0x63, 0x6f, 0x6c, 0x6f,
  0x72, 0x20, 0x2a, 0x20, 0x28, 0x62, 0x61, 0x63, 0x6b, 0x67, 0x72, 0x6f,
  0x75, 0x6e, 0x64, 0x2e, 0x69, 0x6e, 0x66, 0x6f, 0x2e, 0x78, 0x20, 0x2a,
  0x20, 0x62, 0x61, 0x63, 0x6b, 0x67, 0x72, 0x6f, 0x75, 0x6e, 0x64, 0x2e,
  0x69, 0x6e, 0x66, 0x6f, 0x2e, 0x77, 0x29, 0x3b, 0x0a, 0x20, 0x20, 0x20,
  0x20, 0x63, 0x6f, 0x6c, 0x6f, 0x72, 0x20, 0x3d, 0x20, 0x62, 0x61, 0x63,
  0x6b, 0x67, 0x72, 0x6f, 0x75, 0x6e, 0x64, 0x2e, 0x69, 0x6e, 0x66, 0x6f,
  0x2e, 0x7a, 0x20, 0x3e, 0x20, 0x30, 0x2e, 0x35, 0x20, 0x3f, 0x20, 0x61,
  0x63, 0x65, 0x73, 0x46, 0x69, 0x6c, 0x6d, 0x69, 0x63, 0x28, 0x63, 0x6f,
  0x6c, 0x6f, 0x72, 0x29, 0x20, 0x3a, 0x20, 0x63, 0x6f, 0x6c, 0x6f, 0x72,
  0x20, 0x2f, 0x20, 0x28, 0x76, 0x65, 0x63, 0x33, 0x28, 0x31, 0x2e, 0x30,
  0x29, 0x20, 0x2b, 0x20, 0x63, 0x6f, 0x6c, 0x6f, 0x72, 0x29, 0x3b, 0x0a,
  0x0a, 0x20, 0x20, 0x20, 0x20, 0x66, 0x72, 0x61, 0x67, 0x43, 0x6f, 0x6c,
  0x6f, 0x72, 0x20, 0x3d, 0x20, 0x76, 0x65, 0x63, 0x34, 0x28, 0x6c, 0x69,
  0x6e, 0x65, 0x61, 0x72, 0x54, 0x6f, 0x53, 0x72, 0x67, 0x62, 0x28, 0x63,
  0x6f, 0x6c, 0x6f, 0x72, 0x29, 0x2c, 0x20, 0x31, 0x2e, 0x30, 0x29, 0x3b,
  0x0a, 0x7d, 0x0a, 0x00, 0x52, 0x45, 0x46, 0x4c, 0xd9, 0x03, 0x00, 0x00,
  0x01, 0x00, 0x00, 0x00, 0x00, 0x00, 0x00, 0x00, 0x04, 0x00, 0x00, 0x00,
  0x6d, 0x61, 0x69, 0x6e, 0x01, 0x00, 0x00, 0x00, 0x01, 0x00, 0x00, 0x00,
  0x00, 0x00, 0x00, 0x00, 0x0e, 0x00, 0x00, 0x00, 0x42, 0x61, 0x63, 0x6b,
  0x67, 0x72, 0x6f, 0x75, 0x6e, 0x64, 0x44, 0x61, 0x74, 0x61, 0x01, 0x00,
  0x00, 0x00, 0x00, 0x00, 0x00, 0x00, 0x00, 0x00, 0x00, 0x00, 0x00, 0x00,
  0x00, 0x00, 0x01, 0x00, 0x00, 0x00, 0x0f, 0x00, 0x00, 0x00, 0x01, 0x00,
  0x00, 0x00, 0x01, 0x00, 0x00, 0x00, 0x00, 0x00, 0x00, 0x00, 0x00, 0x00,
  0x00, 0x00, 0x00, 0x00, 0x00, 0x00, 0x02, 0x00, 0x00, 0x00, 0x00, 0x00,
  0x00, 0x00, 0x15, 0x00, 0x00, 0x00, 0x69, 0x6e, 0x76, 0x65, 0x72, 0x73,
  0x65, 0x56, 0x69, 0x65, 0x77, 0x50, 0x72, 0x6f, 0x6a, 0x65, 0x63, 0x74,
  0x69, 0x6f, 0x6e, 0x00, 0x00, 0x00, 0x00, 0x40, 0x00, 0x00, 0x00, 0x00,
  0x00, 0x00, 0x00, 0x10, 0x00, 0x00, 0x00, 0x0c, 0x00, 0x00, 0x00, 0x04,
  0x00, 0x00, 0x00, 0x04, 0x00, 0x00, 0x00, 0x20, 0x00, 0x00, 0x00, 0x00,
  0x00, 0x00, 0x00, 0x00, 0x00, 0x00, 0x00, 0x04, 0x00, 0x00, 0x00, 0x69,
  0x6e, 0x66, 0x6f, 0x40, 0x00, 0x00, 0x00, 0x10, 0x00, 0x00, 0x00, 0x00,
  0x00, 0x00, 0x00, 0x00, 0x00, 0x00, 0x00, 0x0c, 0x00, 0x00, 0x00, 0x04,
  0x00, 0x00, 0x00, 0x01, 0x00, 0x00, 0x00, 0x20, 0x00, 0x00, 0x00, 0x00,
  0x00, 0x00, 0x00, 0x00, 0x00, 0x00, 0x00, 0x00, 0x00, 0x00, 0x00, 0x00,
  0x00, 0x00, 0x00, 0x00, 0x00, 0x00, 0x50, 0x00, 0x00, 0x00, 0x44, 0x00,
  0x00, 0x00, 0x00, 0x00, 0x00, 0x00, 0xff, 0xff, 0xff, 0xff, 0x00, 0x00,
  0x00, 0x00, 0x00, 0x00, 0x00, 0x00, 0x01, 0x00, 0x00, 0x00, 0x00, 0x00,
  0x00, 0x00, 0x06, 0x00, 0x00, 0x00, 0x76, 0x5f, 0x63, 0x6c, 0x69, 0x70,
  0x03, 0x00, 0x00, 0x00, 0x00, 0x00, 0x00, 0x00, 0x00, 0x00, 0x00, 0x00,
  0x00, 0x00, 0x00, 0x00, 0x01, 0x00, 0x00, 0x00, 0x0c, 0x00, 0x00, 0x00,
  0x02, 0x00, 0x00, 0x00, 0x01, 0x00, 0x00, 0x00, 0x20, 0x00, 0x00, 0x00,
  0x00, 0x00, 0x00, 0x00, 0x00, 0x00, 0x00, 0x00, 0x00, 0x00, 0x00, 0x00,
  0x00, 0x00, 0x00, 0x00, 0x00, 0x00, 0x00, 0x00, 0x00, 0x00, 0x00, 0x00,
  0x00, 0x00, 0x00, 0x00, 0x00, 0x00, 0x00, 0x4c, 0x00, 0x00, 0x00, 0xff,
  0xff, 0xff, 0xff, 0xff, 0xff, 0xff, 0xff, 0x01, 0x00, 0x00, 0x00, 0x00,
  0x00, 0x00, 0x00, 0x09, 0x00, 0x00, 0x00, 0x66, 0x72, 0x61, 0x67, 0x43,
  0x6f, 0x6c, 0x6f, 0x72, 0x04, 0x00, 0x00, 0x00, 0x00, 0x00, 0x00, 0x00,
  0x00, 0x00, 0x00, 0x00, 0x00, 0x00, 0x00, 0x00, 0x01, 0x00, 0x00, 0x00,
  0x0c, 0x00, 0x00, 0x00, 0x04, 0x00, 0x00, 0x00, 0x01, 0x00, 0x00, 0x00,
  0x20, 0x00, 0x00, 0x00, 0x00, 0x00, 0x00, 0x00, 0x00, 0x00, 0x00, 0x00,
  0x00, 0x00, 0x00, 0x00, 0x00, 0x00, 0x00, 0x00, 0x00, 0x00, 0x00, 0x00,
  0x00, 0x00, 0x00, 0x00, 0x00, 0x00, 0x00, 0x00, 0x00, 0x00, 0x00, 0xae,
  0x00, 0x00, 0x00, 0xff, 0xff, 0xff, 0xff, 0xff, 0xff, 0xff, 0xff, 0x00,
  0x00, 0x00, 0x00, 0x00, 0x00, 0x00, 0x00, 0x00, 0x00, 0x00, 0x00, 0x00,
  0x00, 0x00, 0x00, 0x01, 0x00, 0x00, 0x00, 0x00, 0x00, 0x00, 0x00, 0x28,
  0x00, 0x00, 0x00, 0x79, 0x75, 0x70, 0x5f, 0x63, 0x6f, 0x6d, 0x62, 0x69,
  0x6e, 0x65, 0x64, 0x5f, 0x75, 0x5f, 0x65, 0x6e, 0x76, 0x69, 0x72, 0x6f,
  0x6e, 0x6d, 0x65, 0x6e, 0x74, 0x5f, 0x73, 0x5f, 0x65, 0x6e, 0x76, 0x69,
  0x72, 0x6f, 0x6e, 0x6d, 0x65, 0x6e, 0x74, 0x07, 0x00, 0x00, 0x00, 0x00,
  0x00, 0x00, 0x00, 0x01, 0x00, 0x00, 0x00, 0x00, 0x00, 0x00, 0x00, 0x01,
  0x00, 0x00, 0x00, 0x11, 0x00, 0x00, 0x00, 0x01, 0x00, 0x00, 0x00, 0x01,
  0x00, 0x00, 0x00, 0x00, 0x00, 0x00, 0x00, 0x00, 0x00, 0x00, 0x00, 0x00,
  0x00, 0x00, 0x00, 0x00, 0x00, 0x00, 0x00, 0x00, 0x00, 0x00, 0x00, 0x02,
  0x00, 0x00, 0x00, 0x00, 0x00, 0x00, 0x00, 0x00, 0x00, 0x00, 0x00, 0x00,
  0x00, 0x00, 0xb7, 0x00, 0x00, 0x00, 0x01, 0x00, 0x00, 0x00, 0xff, 0xff,
  0xff, 0xff, 0x00, 0x00, 0x00, 0x00, 0x00, 0x00, 0x00, 0x00, 0x00, 0x00,
  0x00, 0x00, 0x00, 0x00, 0x00, 0x00, 0x00, 0x00, 0x00, 0x00, 0x00, 0x00,
  0x00, 0x00, 0x00, 0x00, 0x00, 0x00, 0x00, 0x00, 0x00, 0x00, 0x00, 0x00,
  0x00, 0x00, 0x00, 0x00, 0x00, 0x00, 0x00, 0x00, 0x00, 0x00, 0x00, 0x00,
  0x00, 0x00, 0x01, 0x00, 0x00, 0x00, 0x00, 0x00, 0x00, 0x00, 0x0d, 0x00,
  0x00, 0x00, 0x75, 0x5f, 0x65, 0x6e, 0x76, 0x69, 0x72, 0x6f, 0x6e, 0x6d,
  0x65, 0x6e, 0x74, 0x0a, 0x00, 0x00, 0x00, 0x00, 0x00, 0x00, 0x00, 0x01,
  0x00, 0x00, 0x00, 0x00, 0x00, 0x00, 0x00, 0x01, 0x00, 0x00, 0x00, 0x10,
  0x00, 0x00, 0x00, 0x01, 0x00, 0x00, 0x00, 0x01, 0x00, 0x00, 0x00, 0x00,
  0x00, 0x00, 0x00, 0x00, 0x00, 0x00, 0x00, 0x00, 0x00, 0x00, 0x00, 0x00,
  0x00, 0x00, 0x00, 0x00, 0x00, 0x00, 0x00, 0x02, 0x00, 0x00, 0x00, 0x00,
  0x00, 0x00, 0x00, 0x00, 0x00, 0x00, 0x00, 0x00, 0x00, 0x00, 0x85, 0x00,
  0x00, 0x00, 0x01, 0x00, 0x00, 0x00, 0xff, 0xff, 0xff, 0xff, 0x01, 0x00,
  0x00, 0x00, 0x00, 0x00, 0x00, 0x00, 0x0d, 0x00, 0x00, 0x00, 0x73, 0x5f,
  0x65, 0x6e, 0x76, 0x69, 0x72, 0x6f, 0x6e, 0x6d, 0x65, 0x6e, 0x74, 0x0b,
  0x00, 0x00, 0x00, 0x00, 0x00, 0x00, 0x00, 0x02, 0x00, 0x00, 0x00, 0x00,
  0x00, 0x00, 0x00, 0x01, 0x00, 0x00, 0x00, 0x12, 0x00, 0x00, 0x00, 0x01,
  0x00, 0x00, 0x00, 0x01, 0x00, 0x00, 0x00, 0x00, 0x00, 0x00, 0x00, 0x00,
  0x00, 0x00, 0x00, 0x00, 0x00, 0x00, 0x00, 0x00, 0x00, 0x00, 0x00, 0x00,
  0x00, 0x00, 0x00, 0x00, 0x00, 0x00, 0x00, 0x00, 0x00, 0x00, 0x00, 0x00,
  0x00, 0x00, 0x00, 0x00, 0x00, 0x00, 0x89, 0x00, 0x00, 0x00, 0x01, 0x00,
  0x00, 0x00, 0xff, 0xff, 0xff, 0xff, 0x00, 0x00, 0x00, 0x00, 0x00, 0x00,
  0x00, 0x00, 0x00, 0x00, 0x00, 0x00, 0x00, 0x00, 0x00, 0x00, 0x00, 0x00,
  0x00, 0x00, 0x00, 0x00, 0x00, 0x00, 0x01, 0x00, 0x00, 0x00, 0x01, 0x00,
  0x00, 0x00, 0x01, 0x00, 0x00, 0x00, 0x00, 0x00, 0x00, 0x00, 0x00, 0x00,
  0x00, 0x00, 0x00, 0x00, 0x00, 0x00, 0x00, 0x00, 0x01, 0x00, 0x00, 0x00,
  0x00, 0x00, 0x00, 0x00, 0x0d, 0x00, 0x00, 0x00, 0x43, 0x61, 0x70, 0x61,
  0x62, 0x69, 0x6c, 0x69, 0x74, 0x79, 0x28, 0x31, 0x29, 0x00, 0x00, 0x00,
  0x00, 0x00, 0x00, 0x00, 0x00, 0x01, 0x00, 0x00, 0x00, 0x00, 0x00, 0x00,
  0x00, 0x28, 0x00, 0x00, 0x00, 0x79, 0x75, 0x70, 0x5f, 0x63, 0x6f, 0x6d,
  0x62, 0x69, 0x6e, 0x65, 0x64, 0x5f, 0x75, 0x5f, 0x65, 0x6e, 0x76, 0x69,
  0x72, 0x6f, 0x6e, 0x6d, 0x65, 0x6e, 0x74, 0x5f, 0x73, 0x5f, 0x65, 0x6e,
  0x76, 0x69, 0x72, 0x6f, 0x6e, 0x6d, 0x65, 0x6e, 0x74, 0x01, 0x00, 0x00,
  0x00, 0x00, 0x56, 0x41, 0x52, 0x54, 0x69, 0x14, 0x00, 0x00, 0x01, 0x00,
  0x00, 0x00, 0x04, 0x00, 0x00, 0x00, 0x6d, 0x61, 0x69, 0x6e, 0x73, 0x06,
  0x00, 0x00, 0x23, 0x76, 0x65, 0x72, 0x73, 0x69, 0x6f, 0x6e, 0x20, 0x33,
  0x30, 0x30, 0x20, 0x65, 0x73, 0x0a, 0x70, 0x72, 0x65, 0x63, 0x69, 0x73,
  0x69, 0x6f, 0x6e, 0x20, 0x68, 0x69, 0x67, 0x68, 0x70, 0x20, 0x66, 0x6c,
  0x6f, 0x61, 0x74, 0x3b, 0x0a, 0x70, 0x72, 0x65, 0x63, 0x69, 0x73, 0x69,
  0x6f, 0x6e, 0x20, 0x68, 0x69, 0x67, 0x68, 0x70, 0x20, 0x69, 0x6e, 0x74,
  0x3b, 0x0a, 0x0a, 0x6c, 0x61, 0x79, 0x6f, 0x75, 0x74, 0x28, 0x73, 0x74,
  0x64, 0x31, 0x34, 0x30, 0x29, 0x20, 0x75, 0x6e, 0x69, 0x66, 0x6f, 0x72,
  0x6d, 0x20, 0x42, 0x61, 0x63, 0x6b, 0x67, 0x72, 0x6f, 0x75, 0x6e, 0x64,
  0x44, 0x61, 0x74, 0x61, 0x0a, 0x7b, 0x0a, 0x20, 0x20, 0x20, 0x20, 0x6d,
  0x61, 0x74, 0x34, 0x20, 0x69, 0x6e, 0x76, 0x65, 0x72, 0x73, 0x65, 0x56,
  0x69, 0x65, 0x77, 0x50, 0x72, 0x6f, 0x6a, 0x65, 0x63, 0x74, 0x69, 0x6f,
  0x6e, 0x3b, 0x0a, 0x20, 0x20, 0x20, 0x20, 0x76, 0x65, 0x63, 0x34, 0x20,
  0x69, 0x6e, 0x66, 0x6f, 0x3b, 0x0a, 0x7d, 0x20, 0x62, 0x61, 0x63, 0x6b,
  0x67, 0x72, 0x6f, 0x75, 0x6e, 0x64, 0x3b, 0x0a, 0x0a, 0x75, 0x6e, 0x69,
  0x66, 0x6f, 0x72, 0x6d, 0x20, 0x68, 0x69, 0x67, 0x68, 0x70, 0x20, 0x73,
  0x61, 0x6d, 0x70, 0x6c, 0x65, 0x72, 0x32, 0x44, 0x20, 0x79, 0x75, 0x70,
  0x5f, 0x63, 0x6f, 0x6d, 0x62, 0x69, 0x6e, 0x65, 0x64, 0x5f, 0x75, 0x5f,
  0x65, 0x6e, 0x76, 0x69, 0x72, 0x6f, 0x6e, 0x6d, 0x65, 0x6e, 0x74, 0x5f,
  0x73, 0x5f, 0x65, 0x6e, 0x76, 0x69, 0x72, 0x6f, 0x6e, 0x6d, 0x65, 0x6e,
  0x74, 0x3b, 0x0a, 0x0a, 0x69, 0x6e, 0x20, 0x76, 0x65, 0x63, 0x32, 0x20,
  0x76, 0x5f, 0x63, 0x6c, 0x69, 0x70, 0x3b, 0x0a, 0x6c, 0x61, 0x79, 0x6f,
  0x75, 0x74, 0x28, 0x6c, 0x6f, 0x63, 0x61, 0x74, 0x69, 0x6f, 0x6e, 0x20,
  0x3d, 0x20, 0x30, 0x29, 0x20, 0x6f, 0x75, 0x74, 0x20, 0x76, 0x65, 0x63,
  0x34, 0x20, 0x66, 0x72, 0x61, 0x67, 0x43, 0x6f, 0x6c, 0x6f, 0x72, 0x3b,
  0x0a, 0x0a, 0x76, 0x65, 0x63, 0x33, 0x20, 0x61, 0x63, 0x65, 0x73, 0x46,
  0x69, 0x6c, 0x6d, 0x69, 0x63, 0x28, 0x76, 0x65, 0x63, 0x33, 0x20, 0x78,
  0x29, 0x0a, 0x7b, 0x0a, 0x20, 0x20, 0x20, 0x20, 0x72, 0x65, 0x74, 0x75,
  0x72, 0x6e, 0x20, 0x63, 0x6c, 0x61, 0x6d, 0x70, 0x28, 0x28, 0x78, 0x20,
  0x2a, 0x20, 0x28, 0x28, 0x78, 0x20, 0x2a, 0x20, 0x32, 0x2e, 0x35, 0x30,
  0x39, 0x39, 0x39, 0x39, 0x39, 0x39, 0x30, 0x34, 0x36, 0x33, 0x32, 0x35,
  0x36, 0x38, 0x33, 0x35, 0x39, 0x33, 0x37, 0x35, 0x29, 0x20, 0x2b, 0x20,
  0x76, 0x65, 0x63, 0x33, 0x28, 0x30, 0x2e, 0x30, 0x32, 0x39, 0x39, 0x39,
  0x39, 0x39, 0x39, 0x39, 0x33, 0x32, 0x39, 0x34, 0x34, 0x37, 0x37, 0x34,
  0x36, 0x32, 0x37, 0x36, 0x38, 0x35, 0x35, 0x34, 0x36, 0x38, 0x37, 0x35,
  0x29, 0x29, 0x29, 0x20, 0x2f, 0x20, 0x28, 0x28, 0x78, 0x20, 0x2a, 0x20,
  0x28, 0x28, 0x78, 0x20, 0x2a, 0x20, 0x32, 0x2e, 0x34, 0x33, 0x30, 0x30,
  0x30, 0x30, 0x30, 0x36, 0x36, 0x37, 0x35, 0x37, 0x32, 0x30, 0x32, 0x31,
  0x34, 0x38, 0x34, 0x33, 0x37, 0x35, 0x29, 0x20, 0x2b, 0x20, 0x76, 0x65,
  0x63, 0x33, 0x28, 0x30, 0x2e, 0x35, 0x38, 0x39, 0x39, 0x39, 0x39, 0x39,
  0x37, 0x33, 0x37, 0x37, 0x33, 0x39, 0x35, 0x36, 0x32, 0x39, 0x38, 0x38,
  0x32, 0x38, 0x31, 0x32, 0x35, 0x29, 0x29, 0x29, 0x20, 0x2b, 0x20, 0x76,
  0x65, 0x63, 0x33, 0x28, 0x30, 0x2e, 0x31, 0x34, 0x30, 0x30, 0x30, 0x30,
  0x30, 0x30, 0x30, 0x35, 0x39, 0x36, 0x30, 0x34, 0x36, 0x34, 0x34, 0x37,
  0x37, 0x35, 0x33, 0x39, 0x30, 0x36, 0x32, 0x35, 0x29, 0x29, 0x2c, 0x20,
  0x76, 0x65, 0x63, 0x33, 0x28, 0x30, 0x2e, 0x30, 0x29, 0x2c, 0x20, 0x76,
  0x65, 0x63, 0x33, 0x28, 0x31, 0x2e, 0x30, 0x29, 0x29, 0x3b, 0x0a, 0x7d,
  0x0a, 0x0a, 0x76, 0x65, 0x63, 0x33, 0x20, 0x6c, 0x69, 0x6e, 0x65, 0x61,
  0x72, 0x54, 0x6f, 0x53, 0x72, 0x67, 0x62, 0x28, 0x76, 0x65, 0x63, 0x33,
  0x20, 0x63, 0x29, 0x0a, 0x7b, 0x0a, 0x20, 0x20, 0x20, 0x20, 0x72, 0x65,
  0x74, 0x75, 0x72, 0x6e, 0x20, 0x6d, 0x69, 0x78, 0x28, 0x63, 0x20, 0x2a,
  0x20, 0x31, 0x32, 0x2e, 0x39, 0x32, 0x30, 0x30, 0x30, 0x30, 0x30, 0x37,
  0x36, 0x32, 0x39, 0x33, 0x39, 0x34, 0x35, 0x33, 0x31, 0x32, 0x35, 0x2c,
  0x20, 0x28, 0x70, 0x6f, 0x77, 0x28, 0x63, 0x2c, 0x20, 0x76, 0x65, 0x63,
  0x33, 0x28, 0x30, 0x2e, 0x34, 0x31, 0x36, 0x36, 0x36, 0x36, 0x36, 0x35,
  0x36, 0x37, 0x33, 0x32, 0x35, 0x35, 0x39, 0x32, 0x30, 0x34, 0x31, 0x30,
  0x31, 0x35, 0x36, 0x32, 0x35, 0x29, 0x29, 0x20, 0x2a, 0x20, 0x31, 0x2e,
  0x30, 0x35, 0x34, 0x39, 0x39, 0x39, 0x39, 0x34, 0x37, 0x35, 0x34, 0x37,
  0x39, 0x31, 0x32, 0x35, 0x39, 0x37, 0x36, 0x35, 0x36, 0x32, 0x35, 0x29,
  0x20, 0x2d, 0x20, 0x76, 0x65, 0x63, 0x33, 0x28, 0x30, 0x2e, 0x30, 0x35,
  0x34, 0x39, 0x39, 0x39, 0x39, 0x39, 0x39, 0x37, 0x30, 0x31, 0x39, 0x37,
  0x36, 0x37, 0x37, 0x36, 0x31, 0x32, 0x33, 0x30, 0x34, 0x36, 0x38, 0x37,
  0x35, 0x29, 0x2c, 0x20, 0x73, 0x74, 0x65, 0x70, 0x28, 0x76, 0x65, 0x63,
  0x33, 0x28, 0x30, 0x2e, 0x30, 0x30, 0x33, 0x31, 0x33, 0x30, 0x38, 0x30,
  0x30, 0x30, 0x39, 0x30, 0x37, 0x33, 0x30, 0x31, 0x39, 0x30, 0x32, 0x37,
  0x37, 0x30, 0x39, 0x39, 0x36, 0x30, 0x39, 0x33, 0x37, 0x35, 0x29, 0x2c,
  0x20, 0x63, 0x29, 0x29, 0x3b, 0x0a, 0x7d, 0x0a, 0x0a, 0x76, 0x6f, 0x69,
  0x64, 0x20, 0x6d, 0x61, 0x69, 0x6e, 0x28, 0x29, 0x0a, 0x7b, 0x0a, 0x20,
  0x20, 0x20, 0x20, 0x76, 0x65, 0x63, 0x34, 0x20, 0x6e, 0x65, 0x61, 0x72,
  0x50, 0x6f, 0x69, 0x6e, 0x74, 0x20, 0x3d, 0x20, 0x62, 0x61, 0x63, 0x6b,
  0x67, 0x72, 0x6f, 0x75, 0x6e, 0x64, 0x2e, 0x69, 0x6e, 0x76, 0x65, 0x72,
  0x73, 0x65, 0x56, 0x69, 0x65, 0x77, 0x50, 0x72, 0x6f, 0x6a, 0x65, 0x63,
  0x74, 0x69, 0x6f, 0x6e, 0x20, 0x2a, 0x20, 0x76, 0x65, 0x63, 0x34, 0x28,
  0x76, 0x5f, 0x63, 0x6c, 0x69, 0x70, 0x2c, 0x20, 0x30, 0x2e, 0x30, 0x2c,
  0x20, 0x31, 0x2e, 0x30, 0x29, 0x3b, 0x0a, 0x20, 0x20, 0x20, 0x20, 0x76,
  0x65, 0x63, 0x34, 0x20, 0x66, 0x61, 0x72, 0x50, 0x6f, 0x69, 0x6e, 0x74,
  0x20, 0x3d, 0x20, 0x62, 0x61, 0x63, 0x6b, 0x67, 0x72, 0x6f, 0x75, 0x6e,
  0x64, 0x2e, 0x69, 0x6e, 0x76, 0x65, 0x72, 0x73, 0x65, 0x56, 0x69, 0x65,
  0x77, 0x50, 0x72, 0x6f, 0x6a, 0x65, 0x63, 0x74, 0x69, 0x6f, 0x6e, 0x20,
  0x2a, 0x20, 0x76, 0x65, 0x63, 0x34, 0x28, 0x76, 0x5f, 0x63, 0x6c, 0x69,
  0x70, 0x2c, 0x20, 0x31, 0x2e, 0x30, 0x2c, 0x20, 0x31, 0x2e, 0x30, 0x29,
  0x3b, 0x0a, 0x20, 0x20, 0x20, 0x20, 0x76, 0x65, 0x63, 0x33, 0x20, 0x64,
  0x20, 0x3d, 0x20, 0x6e, 0x6f, 0x72, 0x6d, 0x61, 0x6c, 0x69, 0x7a, 0x65,
  0x28, 0x28, 0x66, 0x61, 0x72, 0x50, 0x6f, 0x69, 0x6e, 0x74, 0x2e, 0x78,
  0x79, 0x7a, 0x20, 0x2f, 0x20, 0x76, 0x65, 0x63, 0x33, 0x28, 0x66, 0x61,
  0x72, 0x50, 0x6f, 0x69, 0x6e, 0x74, 0x2e, 0x77, 0x29, 0x29, 0x20, 0x2d,
  0x20, 0x28, 0x6e, 0x65, 0x61, 0x72, 0x50, 0x6f, 0x69, 0x6e, 0x74, 0x2e,
  0x78, 0x79, 0x7a, 0x20, 0x2f, 0x20, 0x76, 0x65, 0x63, 0x33, 0x28, 0x6e,
  0x65, 0x61, 0x72, 0x50, 0x6f, 0x69, 0x6e, 0x74, 0x2e, 0x77, 0x29, 0x29,
  0x29, 0x3b, 0x0a, 0x20, 0x20, 0x20, 0x20, 0x76, 0x65, 0x63, 0x32, 0x20,
  0x75, 0x76, 0x20, 0x3d, 0x20, 0x76, 0x65, 0x63, 0x32, 0x28, 0x61, 0x74,
  0x61, 0x6e, 0x28, 0x64, 0x2e, 0x78, 0x2c, 0x20, 0x64, 0x2e, 0x7a, 0x20,
  0x2b, 0x20, 0x39, 0x2e, 0x39, 0x39, 0x39, 0x39, 0x39, 0x39, 0x39, 0x37,
  0x34, 0x37, 0x35, 0x32, 0x34, 0x32, 0x37, 0x30, 0x37, 0x38, 0x37, 0x38,
  0x33, 0x35, 0x31, 0x32, 0x31, 0x31, 0x35, 0x34, 0x37, 0x38, 0x35, 0x65,
  0x2d, 0x30, 0x37, 0x29, 0x20, 0x2f, 0x20, 0x36, 0x2e, 0x32, 0x38, 0x33,
  0x31, 0x38, 0x35, 0x34, 0x38, 0x32, 0x30, 0x32, 0x35, 0x31, 0x34, 0x36,
  0x34, 0x38, 0x34, 0x33, 0x37, 0x35, 0x2c, 0x20, 0x61, 0x63, 0x6f, 0x73,
  0x28, 0x63, 0x6c, 0x61, 0x6d, 0x70, 0x28, 0x64, 0x2e, 0x79, 0x2c, 0x20,
  0x2d, 0x31, 0x2e, 0x30, 0x2c, 0x20, 0x31, 0x2e, 0x30, 0x29, 0x29, 0x20,
  0x2f, 0x20, 0x33, 0x2e, 0x31, 0x34, 0x31, 0x35, 0x39, 0x32, 0x37, 0x34,
  0x31, 0x30, 0x31, 0x32, 0x35, 0x37, 0x33, 0x32, 0x34, 0x32, 0x31, 0x38,
  0x37, 0x35, 0x29, 0x3b, 0x0a, 0x20, 0x20, 0x20, 0x20, 0x76, 0x65, 0x63,
  0x33, 0x20, 0x63, 0x6f, 0x6c, 0x6f, 0x72, 0x20, 0x3d, 0x20, 0x74, 0x65,
  0x78, 0x74, 0x75, 0x72, 0x65, 0x4c, 0x6f, 0x64, 0x28, 0x79, 0x75, 0x70,
  0x5f, 0x63, 0x6f, 0x6d, 0x62, 0x69, 0x6e, 0x65, 0x64, 0x5f, 0x75, 0x5f,
  0x65, 0x6e, 0x76, 0x69, 0x72, 0x6f, 0x6e, 0x6d, 0x65, 0x6e, 0x74, 0x5f,
  0x73, 0x5f, 0x65, 0x6e, 0x76, 0x69, 0x72, 0x6f, 0x6e, 0x6d, 0x65, 0x6e,
  0x74, 0x2c, 0x20, 0x75, 0x76, 0x2c, 0x20, 0x62, 0x61, 0x63, 0x6b, 0x67,
  0x72, 0x6f, 0x75, 0x6e, 0x64, 0x2e, 0x69, 0x6e, 0x66, 0x6f, 0x2e, 0x79,
  0x29, 0x2e, 0x78, 0x79, 0x7a, 0x3b, 0x0a, 0x20, 0x20, 0x20, 0x20, 0x63,
  0x6f, 0x6c, 0x6f, 0x72, 0x20, 0x2a, 0x3d, 0x20, 0x28, 0x62, 0x61, 0x63,
  0x6b, 0x67, 0x72, 0x6f, 0x75, 0x6e, 0x64, 0x2e, 0x69, 0x6e, 0x66, 0x6f,
  0x2e, 0x78, 0x20, 0x2a, 0x20, 0x62, 0x61, 0x63, 0x6b, 0x67, 0x72, 0x6f,
  0x75, 0x6e, 0x64, 0x2e, 0x69, 0x6e, 0x66, 0x6f, 0x2e, 0x77, 0x29, 0x3b,
  0x0a, 0x20, 0x20, 0x20, 0x20, 0x76, 0x65, 0x63, 0x33, 0x20, 0x5f, 0x31,
  0x36, 0x30, 0x3b, 0x0a, 0x20, 0x20, 0x20, 0x20, 0x69, 0x66, 0x20, 0x28,
  0x62, 0x61, 0x63, 0x6b, 0x67, 0x72, 0x6f, 0x75, 0x6e, 0x64, 0x2e, 0x69,
  0x6e, 0x66, 0x6f, 0x2e, 0x7a, 0x20, 0x3e, 0x20, 0x30, 0x2e, 0x35, 0x29,
  0x0a, 0x20, 0x20, 0x20, 0x20, 0x7b, 0x0a, 0x20, 0x20, 0x20, 0x20, 0x20,
  0x20, 0x20, 0x20, 0x76, 0x65, 0x63, 0x33, 0x20, 0x70, 0x61, 0x72, 0x61,
  0x6d, 0x20, 0x3d, 0x20, 0x63, 0x6f, 0x6c, 0x6f, 0x72, 0x3b, 0x0a, 0x20,
  0x20, 0x20, 0x20, 0x20, 0x20, 0x20, 0x20, 0x5f, 0x31, 0x36, 0x30, 0x20,
  0x3d, 0x20, 0x61, 0x63, 0x65, 0x73, 0x46, 0x69, 0x6c, 0x6d, 0x69, 0x63,
  0x28, 0x70, 0x61, 0x72, 0x61, 0x6d, 0x29, 0x3b, 0x0a, 0x20, 0x20, 0x20,
  0x20, 0x7d, 0x0a, 0x20, 0x20, 0x20, 0x20, 0x65, 0x6c, 0x73, 0x65, 0x0a,
  0x20, 0x20, 0x20, 0x20, 0x7b, 0x0a, 0x20, 0x20, 0x20, 0x20, 0x20, 0x20,
  0x20, 0x20, 0x5f, 0x31, 0x36, 0x30, 0x20, 0x3d, 0x20, 0x63, 0x6f, 0x6c,
  0x6f, 0x72, 0x20, 0x2f, 0x20, 0x28, 0x76, 0x65, 0x63, 0x33, 0x28, 0x31,
  0x2e, 0x30, 0x29, 0x20, 0x2b, 0x20, 0x63, 0x6f, 0x6c, 0x6f, 0x72, 0x29,
  0x3b, 0x0a, 0x20, 0x20, 0x20, 0x20, 0x7d, 0x0a, 0x20, 0x20, 0x20, 0x20,
  0x63, 0x6f, 0x6c, 0x6f, 0x72, 0x20, 0x3d, 0x20, 0x5f, 0x31, 0x36, 0x30,
  0x3b, 0x0a, 0x20, 0x20, 0x20, 0x20, 0x76, 0x65, 0x63, 0x33, 0x20, 0x70,
  0x61, 0x72, 0x61, 0x6d, 0x5f, 0x31, 0x20, 0x3d, 0x20, 0x63, 0x6f, 0x6c,
  0x6f, 0x72, 0x3b, 0x0a, 0x20, 0x20, 0x20, 0x20, 0x66, 0x72, 0x61, 0x67,
  0x43, 0x6f, 0x6c, 0x6f, 0x72, 0x20, 0x3d, 0x20, 0x76, 0x65, 0x63, 0x34,
  0x28, 0x6c, 0x69, 0x6e, 0x65, 0x61, 0x72, 0x54, 0x6f, 0x53, 0x72, 0x67,
  0x62, 0x28, 0x70, 0x61, 0x72, 0x61, 0x6d, 0x5f, 0x31, 0x29, 0x2c, 0x20,
  0x31, 0x2e, 0x30, 0x29, 0x3b, 0x0a, 0x7d, 0x0a, 0x0a, 0x49, 0x53, 0x52,
  0x43, 0xfb, 0x09, 0x00, 0x00, 0x2f, 0x2a, 0x0a, 0x20, 0x20, 0x3d, 0x3d,
  0x3d, 0x3d, 0x3d, 0x3d, 0x3d, 0x3d, 0x3d, 0x3d, 0x3d, 0x3d, 0x3d, 0x3d,
  0x3d, 0x3d, 0x3d, 0x3d, 0x3d, 0x3d, 0x3d, 0x3d, 0x3d, 0x3d, 0x3d, 0x3d,
  0x3d, 0x3d, 0x3d, 0x3d, 0x3d, 0x3d, 0x3d, 0x3d, 0x3d, 0x3d, 0x3d, 0x3d,
  0x3d, 0x3d, 0x3d, 0x3d, 0x3d, 0x3d, 0x3d, 0x3d, 0x3d, 0x3d, 0x3d, 0x3d,
  0x3d, 0x3d, 0x3d, 0x3d, 0x3d, 0x3d, 0x3d, 0x3d, 0x3d, 0x3d, 0x3d, 0x3d,
  0x3d, 0x3d, 0x3d, 0x3d, 0x3d, 0x3d, 0x3d, 0x3d, 0x3d, 0x3d, 0x3d, 0x3d,
  0x3d, 0x3d, 0x3d, 0x3d, 0x0a, 0x0a, 0x20, 0x20, 0x20, 0x54, 0x68, 0x69,
  0x73, 0x20, 0x66, 0x69, 0x6c, 0x65, 0x20, 0x69, 0x73, 0x20, 0x70, 0x61,
  0x72, 0x74, 0x20, 0x6f, 0x66, 0x20, 0x74, 0x68, 0x65, 0x20, 0x59, 0x55,
  0x50, 0x20, 0x6c, 0x69, 0x62, 0x72, 0x61, 0x72, 0x79, 0x2e, 0x0a, 0x20,
  0x20, 0x20, 0x43, 0x6f, 0x70, 0x79, 0x72, 0x69, 0x67, 0x68, 0x74, 0x20,
  0x28, 0x63, 0x29, 0x20, 0x32, 0x30, 0x32, 0x36, 0x20, 0x2d, 0x20, 0x6b,
  0x75, 0x6e, 0x69, 0x74, 0x6f, 0x6b, 0x69, 0x40, 0x67, 0x6d, 0x61, 0x69,
  0x6c, 0x2e, 0x63, 0x6f, 0x6d, 0x0a, 0x0a, 0x20, 0x20, 0x20, 0x59, 0x55,
  0x50, 0x20, 0x69, 0x73, 0x20, 0x61, 0x6e, 0x20, 0x6f, 0x70, 0x65, 0x6e,
  0x20, 0x73, 0x6f, 0x75, 0x72, 0x63, 0x65, 0x20, 0x6c, 0x69, 0x62, 0x72,
  0x61, 0x72, 0x79, 0x20, 0x73, 0x75, 0x62, 0x6a, 0x65, 0x63, 0x74, 0x20,
  0x74, 0x6f, 0x20, 0x6f, 0x70, 0x65, 0x6e, 0x2d, 0x73, 0x6f, 0x75, 0x72,
  0x63, 0x65, 0x20, 0x6c, 0x69, 0x63, 0x65, 0x6e, 0x73, 0x69, 0x6e, 0x67,
  0x2e, 0x0a, 0x0a, 0x20, 0x20, 0x20, 0x54, 0x68, 0x65, 0x20, 0x63, 0x6f,
  0x64, 0x65, 0x20, 0x69, 0x6e, 0x63, 0x6c, 0x75, 0x64, 0x65, 0x64, 0x20,
  0x69, 0x6e, 0x20, 0x74, 0x68, 0x69, 0x73, 0x20, 0x66, 0x69, 0x6c, 0x65,
  0x20, 0x69, 0x73, 0x20, 0x70, 0x72, 0x6f, 0x76, 0x69, 0x64, 0x65, 0x64,
  0x20, 0x75, 0x6e, 0x64, 0x65, 0x72, 0x20, 0x74, 0x68, 0x65, 0x20, 0x74,
  0x65, 0x72, 0x6d, 0x73, 0x20, 0x6f, 0x66, 0x20, 0x74, 0x68, 0x65, 0x20,
  0x49, 0x53, 0x43, 0x20, 0x6c, 0x69, 0x63, 0x65, 0x6e, 0x73, 0x65, 0x0a,
  0x20, 0x20, 0x20, 0x68, 0x74, 0x74, 0x70, 0x3a, 0x2f, 0x2f, 0x77, 0x77,
  0x77, 0x2e, 0x69, 0x73, 0x63, 0x2e, 0x6f, 0x72, 0x67, 0x2f, 0x64, 0x6f,
  0x77, 0x6e, 0x6c, 0x6f, 0x61, 0x64, 0x73, 0x2f, 0x73, 0x6f, 0x66, 0x74,
  0x77, 0x61, 0x72, 0x65, 0x2d, 0x73, 0x75, 0x70, 0x70, 0x6f, 0x72, 0x74,
  0x2d, 0x70, 0x6f, 0x6c, 0x69, 0x63, 0x79, 0x2f, 0x69, 0x73, 0x63, 0x2d,
  0x6c, 0x69, 0x63, 0x65, 0x6e, 0x73, 0x65, 0x2e, 0x20, 0x50, 0x65, 0x72,
  0x6d, 0x69, 0x73, 0x73, 0x69, 0x6f, 0x6e, 0x0a, 0x20, 0x20, 0x20, 0x74,
  0x6f, 0x20, 0x75, 0x73, 0x65, 0x2c, 0x20, 0x63, 0x6f, 0x70, 0x79, 0x2c,
  0x20, 0x6d, 0x6f, 0x64, 0x69, 0x66, 0x79, 0x2c, 0x20, 0x61, 0x6e, 0x64,
  0x2f, 0x6f, 0x72, 0x20, 0x64, 0x69, 0x73, 0x74, 0x72, 0x69, 0x62, 0x75,
  0x74, 0x65, 0x20, 0x74, 0x68, 0x69, 0x73, 0x20, 0x73, 0x6f, 0x66, 0x74,
  0x77, 0x61, 0x72, 0x65, 0x20, 0x66, 0x6f, 0x72, 0x20, 0x61, 0x6e, 0x79,
  0x20, 0x70, 0x75, 0x72, 0x70, 0x6f, 0x73, 0x65, 0x20, 0x77, 0x69, 0x74,
  0x68, 0x20, 0x6f, 0x72, 0x0a, 0x20, 0x20, 0x20, 0x77, 0x69, 0x74, 0x68,
  0x6f, 0x75, 0x74, 0x20, 0x66, 0x65, 0x65, 0x20, 0x69, 0x73, 0x20, 0x68,
  0x65, 0x72, 0x65, 0x62, 0x79, 0x20, 0x67, 0x72, 0x61, 0x6e, 0x74, 0x65,
  0x64, 0x20, 0x70, 0x72, 0x6f, 0x76, 0x69, 0x64, 0x65, 0x64, 0x20, 0x74,
  0x68, 0x61, 0x74, 0x20, 0x74, 0x68, 0x65, 0x20, 0x61, 0x62, 0x6f, 0x76,
  0x65, 0x20, 0x63, 0x6f, 0x70, 0x79, 0x72, 0x69, 0x67, 0x68, 0x74, 0x20,
  0x6e, 0x6f, 0x74, 0x69, 0x63, 0x65, 0x20, 0x61, 0x6e, 0x64, 0x0a, 0x20,
  0x20, 0x20, 0x74, 0x68, 0x69, 0x73, 0x20, 0x70, 0x65, 0x72, 0x6d, 0x69,
  0x73, 0x73, 0x69, 0x6f, 0x6e, 0x20, 0x6e, 0x6f, 0x74, 0x69, 0x63, 0x65,
  0x20, 0x61, 0x70, 0x70, 0x65, 0x61, 0x72, 0x20, 0x69, 0x6e, 0x20, 0x61,
  0x6c, 0x6c, 0x20, 0x63, 0x6f, 0x70, 0x69, 0x65, 0x73, 0x2e, 0x0a, 0x0a,
  0x20, 0x20, 0x20, 0x59, 0x55, 0x50, 0x20, 0x49, 0x53, 0x20, 0x50, 0x52,
  0x4f, 0x56, 0x49, 0x44, 0x45, 0x44, 0x20, 0x22, 0x41, 0x53, 0x20, 0x49,
  0x53, 0x22, 0x20, 0x57, 0x49, 0x54, 0x48, 0x4f, 0x55, 0x54, 0x20, 0x41,
  0x4e, 0x59, 0x20, 0x57, 0x41, 0x52, 0x52, 0x41, 0x4e, 0x54, 0x59, 0x2c,
  0x20, 0x41, 0x4e, 0x44, 0x20, 0x41, 0x4c, 0x4c, 0x20, 0x57, 0x41, 0x52,
  0x52, 0x41, 0x4e, 0x54, 0x49, 0x45, 0x53, 0x2c, 0x20, 0x57, 0x48, 0x45,
  0x54, 0x48, 0x45, 0x52, 0x0a, 0x20, 0x20, 0x20, 0x45, 0x58, 0x50, 0x52,
  0x45, 0x53, 0x53, 0x45, 0x44, 0x20, 0x4f, 0x52, 0x20, 0x49, 0x4d, 0x50,
  0x4c, 0x49, 0x45, 0x44, 0x2c, 0x20, 0x49, 0x4e, 0x43, 0x4c, 0x55, 0x44,
  0x49, 0x4e, 0x47, 0x20, 0x4d, 0x45, 0x52, 0x43, 0x48, 0x41, 0x4e, 0x54,
  0x41, 0x42, 0x49, 0x4c, 0x49, 0x54, 0x59, 0x20, 0x41, 0x4e, 0x44, 0x20,
  0x46, 0x49, 0x54, 0x4e, 0x45, 0x53, 0x53, 0x20, 0x46, 0x4f, 0x52, 0x20,
  0x50, 0x55, 0x52, 0x50, 0x4f, 0x53, 0x45, 0x2c, 0x20, 0x41, 0x52, 0x45,
  0x0a, 0x20, 0x20, 0x20, 0x44, 0x49, 0x53, 0x43, 0x4c, 0x41, 0x49, 0x4d,
  0x45, 0x44, 0x2e, 0x0a, 0x0a, 0x20, 0x20, 0x3d, 0x3d, 0x3d, 0x3d, 0x3d,
  0x3d, 0x3d, 0x3d, 0x3d, 0x3d, 0x3d, 0x3d, 0x3d, 0x3d, 0x3d, 0x3d, 0x3d,
  0x3d, 0x3d, 0x3d, 0x3d, 0x3d, 0x3d, 0x3d, 0x3d, 0x3d, 0x3d, 0x3d, 0x3d,
  0x3d, 0x3d, 0x3d, 0x3d, 0x3d, 0x3d, 0x3d, 0x3d, 0x3d, 0x3d, 0x3d, 0x3d,
  0x3d, 0x3d, 0x3d, 0x3d, 0x3d, 0x3d, 0x3d, 0x3d, 0x3d, 0x3d, 0x3d, 0x3d,
  0x3d, 0x3d, 0x3d, 0x3d, 0x3d, 0x3d, 0x3d, 0x3d, 0x3d, 0x3d, 0x3d, 0x3d,
  0x3d, 0x3d, 0x3d, 0x3d, 0x3d, 0x3d, 0x3d, 0x3d, 0x3d, 0x3d, 0x3d, 0x3d,
  0x3d, 0x0a, 0x2a, 0x2f, 0x0a, 0x0a, 0x23, 0x76, 0x65, 0x72, 0x73, 0x69,
  0x6f, 0x6e, 0x20, 0x34, 0x35, 0x30, 0x0a, 0x0a, 0x2f, 0x2f, 0x20, 0x53,
  0x68, 0x6f, 0x77, 0x73, 0x20, 0x74, 0x68, 0x65, 0x20, 0x65, 0x6e, 0x76,
  0x69, 0x72, 0x6f, 0x6e, 0x6d, 0x65, 0x6e, 0x74, 0x20, 0x62, 0x65, 0x68,
  0x69, 0x6e, 0x64, 0x20, 0x74, 0x68, 0x65, 0x20, 0x73, 0x63, 0x65, 0x6e,
  0x65, 0x2c, 0x20, 0x62, 0x6c, 0x75, 0x72, 0x72, 0x65, 0x64, 0x20, 0x74,
  0x6f, 0x20, 0x6f, 0x6e, 0x65, 0x20, 0x6f, 0x66, 0x20, 0x69, 0x74, 0x73,
  0x20, 0x72, 0x6f, 0x75, 0x67, 0x68, 0x6e, 0x65, 0x73, 0x73, 0x20, 0x6c,
  0x65, 0x76, 0x65, 0x6c, 0x73, 0x2c, 0x20, 0x65, 0x78, 0x70, 0x6f, 0x73,
  0x65, 0x64, 0x20, 0x61, 0x6e, 0x64, 0x0a, 0x2f, 0x2f, 0x20, 0x74, 0x6f,
  0x6e, 0x65, 0x20, 0x6d, 0x61, 0x70, 0x70, 0x65, 0x64, 0x20, 0x6c, 0x69,
  0x6b, 0x65, 0x20, 0x74, 0x68, 0x65, 0x20, 0x73, 0x75, 0x72, 0x66, 0x61,
  0x63, 0x65, 0x73, 0x2e, 0x0a, 0x0a, 0x2f, 0x2f, 0x20, 0x4d, 0x75, 0x73,
  0x74, 0x20, 0x6d, 0x61, 0x74, 0x63, 0x68, 0x20, 0x42, 0x61, 0x63, 0x6b,
  0x67, 0x72, 0x6f, 0x75, 0x6e, 0x64, 0x44, 0x61, 0x74, 0x61, 0x20, 0x69,
  0x6e, 0x20, 0x79, 0x75, 0x70, 0x5f, 0x53, 0x63, 0x65, 0x6e, 0x65, 0x52,
  0x65, 0x6e, 0x64, 0x65, 0x72, 0x65, 0x72, 0x2e, 0x63, 0x70, 0x70, 0x0a,
  0x6c, 0x61, 0x79, 0x6f, 0x75, 0x74, 0x28, 0x73, 0x65, 0x74, 0x20, 0x3d,
  0x20, 0x30, 0x2c, 0x20, 0x62, 0x69, 0x6e, 0x64, 0x69, 0x6e, 0x67, 0x20,
  0x3d, 0x20, 0x30, 0x29, 0x20, 0x75, 0x6e, 0x69, 0x66, 0x6f, 0x72, 0x6d,
  0x20, 0x42, 0x61, 0x63, 0x6b, 0x67, 0x72, 0x6f, 0x75, 0x6e, 0x64, 0x44,
  0x61, 0x74, 0x61, 0x0a, 0x7b, 0x0a, 0x20, 0x20, 0x20, 0x20, 0x6d, 0x61,
  0x74, 0x34, 0x20, 0x69, 0x6e, 0x76, 0x65, 0x72, 0x73, 0x65, 0x56, 0x69,
  0x65, 0x77, 0x50, 0x72, 0x6f, 0x6a, 0x65, 0x63, 0x74, 0x69, 0x6f, 0x6e,
  0x3b, 0x0a, 0x20, 0x20, 0x20, 0x20, 0x76, 0x65, 0x63, 0x34, 0x20, 0x69,
  0x6e, 0x66, 0x6f, 0x3b, 0x20, 0x20, 0x20, 0x20, 0x20, 0x20, 0x20, 0x20,
  0x20, 0x20, 0x20, 0x20, 0x20, 0x20, 0x20, 0x20, 0x2f, 0x2f, 0x20, 0x78,
  0x20, 0x69, 0x6e, 0x74, 0x65, 0x6e, 0x73, 0x69, 0x74, 0x79, 0x2c, 0x20,
  0x79, 0x20, 0x6c, 0x65, 0x76, 0x65, 0x6c, 0x2c, 0x20, 0x7a, 0x20, 0x74,
  0x6f, 0x6e, 0x65, 0x20, 0x6d, 0x61, 0x70, 0x70, 0x69, 0x6e, 0x67, 0x20,
  0x28, 0x30, 0x20, 0x52, 0x65, 0x69, 0x6e, 0x68, 0x61, 0x72, 0x64, 0x2c,
  0x20, 0x31, 0x20, 0x41, 0x43, 0x45, 0x53, 0x29, 0x2c, 0x20, 0x77, 0x20,
  0x65, 0x78, 0x70, 0x6f, 0x73, 0x75, 0x72, 0x65, 0x0a, 0x7d, 0x20, 0x62,
  0x61, 0x63, 0x6b, 0x67, 0x72, 0x6f, 0x75, 0x6e, 0x64, 0x3b, 0x0a, 0x0a,
  0x6c, 0x61, 0x79, 0x6f, 0x75, 0x74, 0x28, 0x73, 0x65, 0x74, 0x20, 0x3d,
  0x20, 0x30, 0x2c, 0x20, 0x62, 0x69, 0x6e, 0x64, 0x69, 0x6e, 0x67, 0x20,
  0x3d, 0x20, 0x31, 0x29, 0x20, 0x75, 0x6e, 0x69, 0x66, 0x6f, 0x72, 0x6d,
  0x20, 0x74, 0x65, 0x78, 0x74, 0x75, 0x72, 0x65, 0x32, 0x44, 0x20, 0x75,
  0x5f, 0x65, 0x6e, 0x76, 0x69, 0x72, 0x6f, 0x6e, 0x6d, 0x65, 0x6e, 0x74,
  0x3b, 0x0a, 0x6c, 0x61, 0x79, 0x6f, 0x75, 0x74, 0x28, 0x73, 0x65, 0x74,
  0x20, 0x3d, 0x20, 0x30, 0x2c, 0x20, 0x62, 0x69, 0x6e, 0x64, 0x69, 0x6e,
  0x67, 0x20, 0x3d, 0x20, 0x32, 0x29, 0x20, 0x75, 0x6e, 0x69, 0x66, 0x6f,
  0x72, 0x6d, 0x20, 0x73, 0x61, 0x6d, 0x70, 0x6c, 0x65, 0x72, 0x20, 0x73,
  0x5f, 0x65, 0x6e, 0x76, 0x69, 0x72, 0x6f, 0x6e, 0x6d, 0x65, 0x6e, 0x74,
  0x3b, 0x0a, 0x0a, 0x6c, 0x61, 0x79, 0x6f, 0x75, 0x74, 0x28, 0x6c, 0x6f,
  0x63, 0x61, 0x74, 0x69, 0x6f, 0x6e, 0x20, 0x3d, 0x20, 0x30, 0x29, 0x20,
  0x69, 0x6e, 0x20, 0x76, 0x65, 0x63, 0x32, 0x20, 0x76, 0x5f, 0x63, 0x6c,
  0x69, 0x70, 0x3b, 0x0a, 0x0a, 0x6c, 0x61, 0x79, 0x6f, 0x75, 0x74, 0x28,
  0x6c, 0x6f, 0x63, 0x61, 0x74, 0x69, 0x6f, 0x6e, 0x20, 0x3d, 0x20, 0x30,
  0x29, 0x20, 0x6f, 0x75, 0x74, 0x20, 0x76, 0x65, 0x63, 0x34, 0x20, 0x66,
  0x72, 0x61, 0x67, 0x43, 0x6f, 0x6c, 0x6f, 0x72, 0x3b, 0x0a, 0x0a, 0x63,
  0x6f, 0x6e, 0x73, 0x74, 0x20, 0x66, 0x6c, 0x6f, 0x61, 0x74, 0x20, 0x50,
  0x49, 0x20, 0x3d, 0x20, 0x33, 0x2e, 0x31, 0x34, 0x31, 0x35, 0x39, 0x32,
  0x36, 0x35, 0x33, 0x35, 0x39, 0x3b, 0x0a, 0x0a, 0x76, 0x65, 0x63, 0x33,
  0x20, 0x6c, 0x69, 0x6e, 0x65, 0x61, 0x72, 0x54, 0x6f, 0x53, 0x72, 0x67,
  0x62, 0x28, 0x76, 0x65, 0x63, 0x33, 0x20, 0x63, 0x29, 0x0a, 0x7b, 0x0a,
  0x20, 0x20, 0x20, 0x20, 0x72, 0x65, 0x74, 0x75, 0x72, 0x6e, 0x20, 0x6d,
  0x69, 0x78, 0x28, 0x63, 0x20, 0x2a, 0x20, 0x31, 0x32, 0x2e, 0x39, 0x32,
  0x2c, 0x20, 0x31, 0x2e, 0x30, 0x35, 0x35, 0x20, 0x2a, 0x20, 0x70, 0x6f,
  0x77, 0x28, 0x63, 0x2c, 0x20, 0x76, 0x65, 0x63, 0x33, 0x28, 0x31, 0x2e,
  0x30, 0x20, 0x2f, 0x20, 0x32, 0x2e, 0x34, 0x29, 0x29, 0x20, 0x2d, 0x20,
  0x30, 0x2e, 0x30, 0x35, 0x35, 0x2c, 0x20, 0x73, 0x74, 0x65, 0x70, 0x28,
  0x76, 0x65, 0x63, 0x33, 0x28, 0x30, 0x2e, 0x30, 0x30, 0x33, 0x31, 0x33,
  0x30, 0x38, 0x29, 0x2c, 0x20, 0x63, 0x29, 0x29, 0x3b, 0x0a, 0x7d, 0x0a,
  0x0a, 0x76, 0x65, 0x63, 0x33, 0x20, 0x61, 0x63, 0x65, 0x73, 0x46, 0x69,
  0x6c, 0x6d, 0x69, 0x63, 0x28, 0x76, 0x65, 0x63, 0x33, 0x20, 0x78, 0x29,
  0x0a, 0x7b, 0x0a, 0x20, 0x20, 0x20, 0x20, 0x72, 0x65, 0x74, 0x75, 0x72,
  0x6e, 0x20, 0x63, 0x6c, 0x61, 0x6d, 0x70, 0x28, 0x28, 0x78, 0x20, 0x2a,
  0x20, 0x28, 0x32, 0x2e, 0x35, 0x31, 0x20, 0x2a, 0x20, 0x78, 0x20, 0x2b,
  0x20, 0x30, 0x2e, 0x30, 0x33, 0x29, 0x29, 0x20, 0x2f, 0x20, 0x28, 0x78,
  0x20, 0x2a, 0x20, 0x28, 0x32, 0x2e, 0x34, 0x33, 0x20, 0x2a, 0x20, 0x78,
  0x20, 0x2b, 0x20, 0x30, 0x2e, 0x35, 0x39, 0x29, 0x20, 0x2b, 0x20, 0x30,
  0x2e, 0x31, 0x34, 0x29, 0x2c, 0x20, 0x30, 0x2e, 0x30, 0x2c, 0x20, 0x31,
  0x2e, 0x30, 0x29, 0x3b, 0x0a, 0x7d, 0x0a, 0x0a, 0x76, 0x6f, 0x69, 0x64,
  0x20, 0x6d, 0x61, 0x69, 0x6e, 0x28, 0x29, 0x0a, 0x7b, 0x0a, 0x20, 0x20,
  0x20, 0x20, 0x2f, 0x2f, 0x20, 0x46, 0x72, 0x6f, 0x6d, 0x20, 0x74, 0x68,
  0x65, 0x20, 0x6e, 0x65, 0x61, 0x72, 0x20, 0x74, 0x6f, 0x20, 0x74, 0x68,
  0x65, 0x20, 0x66, 0x61, 0x72, 0x20, 0x70, 0x6c, 0x61, 0x6e, 0x65, 0x20,
  0x74, 0x68, 0x72, 0x6f, 0x75, 0x67, 0x68, 0x20, 0x74, 0x68, 0x69, 0x73,
  0x20, 0x70, 0x69, 0x78, 0x65, 0x6c, 0x2c, 0x20, 0x66, 0x6f, 0x72, 0x20,
  0x70, 0x65, 0x72, 0x73, 0x70, 0x65, 0x63, 0x74, 0x69, 0x76, 0x65, 0x20,
  0x61, 0x6e, 0x64, 0x20, 0x6f, 0x72, 0x74, 0x68, 0x6f, 0x67, 0x72, 0x61,
  0x70, 0x68, 0x69, 0x63, 0x20, 0x63, 0x61, 0x6d, 0x65, 0x72, 0x61, 0x73,
  0x0a, 0x20, 0x20, 0x20, 0x20, 0x76, 0x65, 0x63, 0x34, 0x20, 0x6e, 0x65,
  0x61, 0x72, 0x50, 0x6f, 0x69, 0x6e, 0x74, 0x20, 0x3d, 0x20, 0x62, 0x61,
  0x63, 0x6b, 0x67, 0x72, 0x6f, 0x75, 0x6e, 0x64, 0x2e, 0x69, 0x6e, 0x76,
  0x65, 0x72, 0x73, 0x65, 0x56, 0x69, 0x65, 0x77, 0x50, 0x72, 0x6f, 0x6a,
  0x65, 0x63, 0x74, 0x69, 0x6f, 0x6e, 0x20, 0x2a, 0x20, 0x76, 0x65, 0x63,
  0x34, 0x28, 0x76, 0x5f, 0x63, 0x6c, 0x69, 0x70, 0x2c, 0x20, 0x30, 0x2e,
  0x30, 0x2c, 0x20, 0x31, 0x2e, 0x30, 0x29, 0x3b, 0x0a, 0x20, 0x20, 0x20,
  0x20, 0x76, 0x65, 0x63, 0x34, 0x20, 0x66, 0x61, 0x72, 0x50, 0x6f, 0x69,
  0x6e, 0x74, 0x20, 0x3d, 0x20, 0x62, 0x61, 0x63, 0x6b, 0x67, 0x72, 0x6f,
  0x75, 0x6e, 0x64, 0x2e, 0x69, 0x6e, 0x76, 0x65, 0x72, 0x73, 0x65, 0x56,
  0x69, 0x65, 0x77, 0x50, 0x72, 0x6f, 0x6a, 0x65, 0x63, 0x74, 0x69, 0x6f,
  0x6e, 0x20, 0x2a, 0x20, 0x76, 0x65, 0x63, 0x34, 0x28, 0x76, 0x5f, 0x63,
  0x6c, 0x69, 0x70, 0x2c, 0x20, 0x31, 0x2e, 0x30, 0x2c, 0x20, 0x31, 0x2e,
  0x30, 0x29, 0x3b, 0x0a, 0x20, 0x20, 0x20, 0x20, 0x76, 0x65, 0x63, 0x33,
  0x20, 0x64, 0x20, 0x3d, 0x20, 0x6e, 0x6f, 0x72, 0x6d, 0x61, 0x6c, 0x69,
  0x7a, 0x65, 0x28, 0x66, 0x61, 0x72, 0x50, 0x6f, 0x69, 0x6e, 0x74, 0x2e,
  0x78, 0x79, 0x7a, 0x20, 0x2f, 0x20, 0x66, 0x61, 0x72, 0x50, 0x6f, 0x69,
  0x6e, 0x74, 0x2e, 0x77, 0x20, 0x2d, 0x20, 0x6e, 0x65, 0x61, 0x72, 0x50,
  0x6f, 0x69, 0x6e, 0x74, 0x2e, 0x78, 0x79, 0x7a, 0x20, 0x2f, 0x20, 0x6e,
  0x65, 0x61, 0x72, 0x50, 0x6f, 0x69, 0x6e, 0x74, 0x2e, 0x77, 0x29, 0x3b,
  0x0a, 0x0a, 0x20, 0x20, 0x20, 0x20, 0x2f, 0x2f, 0x20, 0x61, 0x74, 0x61,
  0x6e, 0x20, 0x69, 0x73, 0x20, 0x75, 0x6e, 0x64, 0x65, 0x66, 0x69, 0x6e,
  0x65, 0x64, 0x20, 0x61, 0x74, 0x20, 0x74, 0x68, 0x65, 0x20, 0x70, 0x6f,
  0x6c, 0x65, 0x73, 0x2c, 0x20, 0x77, 0x68, 0x65, 0x72, 0x65, 0x20, 0x62,
  0x6f, 0x74, 0x68, 0x20, 0x61, 0x72, 0x67, 0x75, 0x6d, 0x65, 0x6e, 0x74,
  0x73, 0x20, 0x61, 0x72, 0x65, 0x20, 0x7a, 0x65, 0x72, 0x6f, 0x0a, 0x20,
  0x20, 0x20, 0x20, 0x76, 0x65, 0x63, 0x32, 0x20, 0x75, 0x76, 0x20, 0x3d,
  0x20, 0x76, 0x65, 0x63, 0x32, 0x28, 0x61, 0x74, 0x61, 0x6e, 0x28, 0x64,
  0x2e, 0x78, 0x2c, 0x20, 0x64, 0x2e, 0x7a, 0x20, 0x2b, 0x20, 0x31, 0x2e,
  0x30, 0x65, 0x2d, 0x36, 0x29, 0x20, 0x2f, 0x20, 0x28, 0x32, 0x2e, 0x30,
  0x20, 0x2a, 0x20, 0x50, 0x49, 0x29, 0x2c, 0x20, 0x61, 0x63, 0x6f, 0x73,
  0x28, 0x63, 0x6c, 0x61, 0x6d, 0x70, 0x28, 0x64, 0x2e, 0x79, 0x2c, 0x20,
  0x2d, 0x31, 0x2e, 0x30, 0x2c, 0x20, 0x31, 0x2e, 0x30, 0x29, 0x29, 0x20,
  0x2f, 0x20, 0x50, 0x49, 0x29, 0x3b, 0x0a, 0x20, 0x20, 0x20, 0x20, 0x76,
  0x65, 0x63, 0x33, 0x20, 0x63, 0x6f, 0x6c, 0x6f, 0x72, 0x20, 0x3d, 0x20,
  0x74, 0x65, 0x78, 0x74, 0x75, 0x72, 0x65, 0x4c, 0x6f, 0x64, 0x28, 0x73,
  0x61, 0x6d, 0x70, 0x6c, 0x65, 0x72, 0x32, 0x44, 0x28, 0x75, 0x5f, 0x65,
  0x6e, 0x76, 0x69, 0x72, 0x6f, 0x6e, 0x6d, 0x65, 0x6e, 0x74, 0x2c, 0x20,
  0x73, 0x5f, 0x65, 0x6e, 0x76, 0x69, 0x72, 0x6f, 0x6e, 0x6d, 0x65, 0x6e,
  0x74, 0x29, 0x2c, 0x20, 0x75, 0x76, 0x2c, 0x20, 0x62, 0x61, 0x63, 0x6b,
  0x67, 0x72, 0x6f, 0x75, 0x6e, 0x64, 0x2e, 0x69, 0x6e, 0x66, 0x6f, 0x2e,
  0x79, 0x29, 0x2e, 0x72, 0x67, 0x62, 0x3b, 0x0a, 0x0a, 0x20, 0x20, 0x20,
  0x20, 0x63, 0x6f, 0x6c, 0x6f, 0x72, 0x20, 0x3d, 0x20, 0x63, 0x6f, 0x6c,
  0x6f, 0x72, 0x20, 0x2a, 0x20, 0x28, 0x62, 0x61, 0x63, 0x6b, 0x67, 0x72,
  0x6f, 0x75, 0x6e, 0x64, 0x2e, 0x69, 0x6e, 0x66, 0x6f, 0x2e, 0x78, 0x20,
  0x2a, 0x20, 0x62, 0x61, 0x63, 0x6b, 0x67, 0x72, 0x6f, 0x75, 0x6e, 0x64,
  0x2e, 0x69, 0x6e, 0x66, 0x6f, 0x2e, 0x77, 0x29, 0x3b, 0x0a, 0x20, 0x20,
  0x20, 0x20, 0x63, 0x6f, 0x6c, 0x6f, 0x72, 0x20, 0x3d, 0x20, 0x62, 0x61,
  0x63, 0x6b, 0x67, 0x72, 0x6f, 0x75, 0x6e, 0x64, 0x2e, 0x69, 0x6e, 0x66,
  0x6f, 0x2e, 0x7a, 0x20, 0x3e, 0x20, 0x30, 0x2e, 0x35, 0x20, 0x3f, 0x20,
  0x61, 0x63, 0x65, 0x73, 0x46, 0x69, 0x6c, 0x6d, 0x69, 0x63, 0x28, 0x63,
  0x6f, 0x6c, 0x6f, 0x72, 0x29, 0x20, 0x3a, 0x20, 0x63, 0x6f, 0x6c, 0x6f,
  0x72, 0x20, 0x2f, 0x20, 0x28, 0x76, 0x65, 0x63, 0x33, 0x28, 0x31, 0x2e,
  0x30, 0x29, 0x20, 0x2b, 0x20, 0x63, 0x6f, 0x6c, 0x6f, 0x72, 0x29, 0x3b,
  0x0a, 0x0a, 0x20, 0x20, 0x20, 0x20, 0x66, 0x72, 0x61, 0x67, 0x43, 0x6f,
  0x6c, 0x6f, 0x72, 0x20, 0x3d, 0x20, 0x76, 0x65, 0x63, 0x34, 0x28, 0x6c,
  0x69, 0x6e, 0x65, 0x61, 0x72, 0x54, 0x6f, 0x53, 0x72, 0x67, 0x62, 0x28,
  0x63, 0x6f, 0x6c, 0x6f, 0x72, 0x29, 0x2c, 0x20, 0x31, 0x2e, 0x30, 0x29,
  0x3b, 0x0a, 0x7d, 0x0a, 0x00, 0x52, 0x45, 0x46, 0x4c, 0xd9, 0x03, 0x00,
  0x00, 0x01, 0x00, 0x00, 0x00, 0x00, 0x00, 0x00, 0x00, 0x04, 0x00, 0x00,
  0x00, 0x6d, 0x61, 0x69, 0x6e, 0x01, 0x00, 0x00, 0x00, 0x01, 0x00, 0x00,
  0x00, 0x00, 0x00, 0x00, 0x00, 0x0e, 0x00, 0x00, 0x00, 0x42, 0x61, 0x63,
  0x6b, 0x67, 0x72, 0x6f, 0x75, 0x6e, 0x64, 0x44, 0x61, 0x74, 0x61, 0x01,
  0x00, 0x00, 0x00, 0x00, 0x00, 0x00, 0x00, 0x00, 0x00, 0x00, 0x00, 0x00,
  0x00, 0x00, 0x00, 0x01, 0x00, 0x00, 0x00, 0x0f, 0x00, 0x00, 0x00, 0x01,
  0x00, 0x00, 0x00, 0x01, 0x00, 0x00, 0x00, 0x00, 0x00, 0x00, 0x00, 0x00,
  0x00, 0x00, 0x00, 0x00, 0x00, 0x00, 0x00, 0x02, 0x00, 0x00, 0x00, 0x00,
  0x00, 0x00, 0x00, 0x15, 0x00, 0x00, 0x00, 0x69, 0x6e, 0x76, 0x65, 0x72,
  0x73, 0x65, 0x56, 0x69, 0x65, 0x77, 0x50, 0x72, 0x6f, 0x6a, 0x65, 0x63,
  0x74, 0x69, 0x6f, 0x6e, 0x00, 0x00, 0x00, 0x00, 0x40, 0x00, 0x00, 0x00,
  0x00, 0x00, 0x00, 0x00, 0x10, 0x00, 0x00, 0x00, 0x0c, 0x00, 0x00, 0x00,
  0x04, 0x00, 0x00, 0x00, 0x04, 0x00, 0x00, 0x00, 0x20, 0x00, 0x00, 0x00,
  0x00, 0x00, 0x00, 0x00, 0x00, 0x00, 0x00, 0x00, 0x04, 0x00, 0x00, 0x00,
  0x69, 0x6e, 0x66, 0x6f, 0x40, 0x00, 0x00, 0x00, 0x10, 0x00, 0x00, 0x00,
  0x00, 0x00, 0x00, 0x00, 0x00, 0x00, 0x00, 0x00, 0x0c, 0x00, 0x00, 0x00,
  0x04, 0x00, 0x00, 0x00, 0x01, 0x00, 0x00, 0x00, 0x20, 0x00, 0x00, 0x00,
  0x00, 0x00, 0x00, 0x00, 0x00, 0x00, 0x00, 0x00, 0x00, 0x00, 0x00, 0x00,
  0x00, 0x00, 0x00, 0x00, 0x00, 0x00, 0x00, 0x50, 0x00, 0x00, 0x00, 0x44,
  0x00, 0x00, 0x00, 0x00, 0x00, 0x00, 0x00, 0xff, 0xff, 0xff, 0xff, 0x00,
  0x00, 0x00, 0x00, 0x00, 0x00, 0x00, 0x00, 0x01, 0x00, 0x00, 0x00, 0x00,
  0x00, 0x00, 0x00, 0x06, 0x00, 0x00, 0x00, 0x76, 0x5f, 0x63, 0x6c, 0x69,
  0x70, 0x03, 0x00, 0x00, 0x00, 0x00, 0x00, 0x00, 0x00, 0x00, 0x00, 0x00,
  0x00, 0x00, 0x00, 0x00, 0x00, 0x01, 0x00, 0x00, 0x00, 0x0c, 0x00, 0x00,
  0x00, 0x02, 0x00, 0x00, 0x00, 0x01, 0x00, 0x00, 0x00, 0x20, 0x00, 0x00,
  0x00, 0x00, 0x00, 0x00, 0x00, 0x00, 0x00, 0x00, 0x00, 0x00, 0x00, 0x00,
  0x00, 0x00, 0x00, 0x00, 0x00, 0x00, 0x00, 0x00, 0x00, 0x00, 0x00, 0x00,
  0x00, 0x00, 0x00, 0x00, 0x00, 0x00, 0x00, 0x00, 0x4c, 0x00, 0x00, 0x00,
  0xff, 0xff, 0xff, 0xff, 0xff, 0xff, 0xff, 0xff, 0x01, 0x00, 0x00, 0x00,
  0x00, 0x00, 0x00, 0x00, 0x09, 0x00, 0x00, 0x00, 0x66, 0x72, 0x61, 0x67,
  0x43, 0x6f, 0x6c, 0x6f, 0x72, 0x04, 0x00, 0x00, 0x00, 0x00, 0x00, 0x00,
  0x00, 0x00, 0x00, 0x00, 0x00, 0x00, 0x00, 0x00, 0x00, 0x01, 0x00, 0x00,
  0x00, 0x0c, 0x00, 0x00, 0x00, 0x04, 0x00, 0x00, 0x00, 0x01, 0x00, 0x00,
  0x00, 0x20, 0x00, 0x00, 0x00, 0x00, 0x00, 0x00, 0x00, 0x00, 0x00, 0x00,
  0x00, 0x00, 0x00, 0x00, 0x00, 0x00, 0x00, 0x00, 0x00, 0x00, 0x00, 0x00,
  0x00, 0x00, 0x00, 0x00, 0x00, 0x00, 0x00, 0x00, 0x00, 0x00, 0x00, 0x00,
  0xae, 0x00, 0x00, 0x00, 0xff, 0xff, 0xff, 0xff, 0xff, 0xff, 0xff, 0xff,
  0x00, 0x00, 0x00, 0x00, 0x00, 0x00, 0x00, 0x00, 0x00, 0x00, 0x00, 0x00,
  0x00, 0x00, 0x00, 0x00, 0x01, 0x00, 0x00, 0x00, 0x00, 0x00, 0x00, 0x00,
  0x28, 0x00, 0x00, 0x00, 0x79, 0x75, 0x70, 0x5f, 0x63, 0x6f, 0x6d, 0x62,
  0x69, 0x6e, 0x65, 0x64, 0x5f, 0x75, 0x5f, 0x65, 0x6e, 0x76, 0x69, 0x72,
  0x6f, 0x6e, 0x6d, 0x65, 0x6e, 0x74, 0x5f, 0x73, 0x5f, 0x65, 0x6e, 0x76,
  0x69, 0x72, 0x6f, 0x6e, 0x6d, 0x65, 0x6e, 0x74, 0x07, 0x00, 0x00, 0x00,
  0x00, 0x00, 0x00, 0x00, 0x01, 0x00, 0x00, 0x00, 0x00, 0x00, 0x00, 0x00,
  0x01, 0x00, 0x00, 0x00, 0x11, 0x00, 0x00, 0x00, 0x01, 0x00, 0x00, 0x00,
  0x01, 0x00, 0x00, 0x00, 0x00, 0x00, 0x00, 0x00, 0x00, 0x00, 0x00, 0x00,
  0x00, 0x00, 0x00, 0x00, 0x00, 0x00, 0x00, 0x00, 0x00, 0x00, 0x00, 0x00,
  0x02, 0x00, 0x00, 0x00, 0x00, 0x00, 0x00, 0x00, 0x00, 0x00, 0x00, 0x00,
  0x00, 0x00, 0x00, 0xb7, 0x00, 0x00, 0x00, 0x01, 0x00, 0x00, 0x00, 0xff,
  0xff, 0xff, 0xff, 0x00, 0x00, 0x00, 0x00, 0x00, 0x00, 0x00, 0x00, 0x00,
  0x00, 0x00, 0x00, 0x00, 0x00, 0x00, 0x00, 0x00, 0x00, 0x00, 0x00, 0x00,
  0x00, 0x00, 0x00, 0x00, 0x00, 0x00, 0x00, 0x00, 0x00, 0x00, 0x00, 0x00,
  0x00, 0x00, 0x00, 0x00, 0x00, 0x00, 0x00, 0x00, 0x00, 0x00, 0x00, 0x00,
  0x00, 0x00, 0x00, 0x01, 0x00, 0x00, 0x00, 0x00, 0x00, 0x00, 0x00, 0x0d,
  0x00, 0x00, 0x00, 0x75, 0x5f, 0x65, 0x6e, 0x76, 0x69, 0x72, 0x6f, 0x6e,
  0x6d, 0x65, 0x6e, 0x74, 0x0a, 0x00, 0x00, 0x00, 0x00, 0x00, 0x00, 0x00,
  0x01, 0x00, 0x00, 0x00, 0x00, 0x00, 0x00, 0x00, 0x01, 0x00, 0x00, 0x00,
  0x10, 0x00, 0x00, 0x00, 0x01, 0x00, 0x00, 0x00, 0x01, 0x00, 0x00, 0x00,
  0x00, 0x00, 0x00, 0x00, 0x00, 0x00, 0x00, 0x00, 0x00, 0x00, 0x00, 0x00,
  0x00, 0x00, 0x00, 0x00, 0x00, 0x00, 0x00, 0x00, 0x02, 0x00, 0x00, 0x00,
  0x00, 0x00, 0x00, 0x00, 0x00, 0x00, 0x00, 0x00, 0x00, 0x00, 0x00, 0x85,
  0x00, 0x00, 0x00, 0x01, 0x00, 0x00, 0x00, 0xff, 0xff, 0xff, 0xff, 0x01,
  0x00, 0x00, 0x00, 0x00, 0x00, 0x00, 0x00, 0x0d, 0x00, 0x00, 0x00, 0x73,
  0x5f, 0x65, 0x6e, 0x76, 0x69, 0x72, 0x6f, 0x6e, 0x6d, 0x65, 0x6e, 0x74,
  0x0b, 0x00, 0x00, 0x00, 0x00, 0x00, 0x00, 0x00, 0x02, 0x00, 0x00, 0x00,
  0x00, 0x00, 0x00, 0x00, 0x01, 0x00, 0x00, 0x00, 0x12, 0x00, 0x00, 0x00,
  0x01, 0x00, 0x00, 0x00, 0x01, 0x00, 0x00, 0x00, 0x00, 0x00, 0x00, 0x00,
  0x00, 0x00, 0x00, 0x00, 0x00, 0x00, 0x00, 0x00, 0x00, 0x00, 0x00, 0x00,
  0x00, 0x00, 0x00, 0x00, 0x00, 0x00, 0x00, 0x00, 0x00, 0x00, 0x00, 0x00,
  0x00, 0x00, 0x00, 0x00, 0x00, 0x00, 0x00, 0x89, 0x00, 0x00, 0x00, 0x01,
  0x00, 0x00, 0x00, 0xff, 0xff, 0xff, 0xff, 0x00, 0x00, 0x00, 0x00, 0x00,
  0x00, 0x00, 0x00, 0x00, 0x00, 0x00, 0x00, 0x00, 0x00, 0x00, 0x00, 0x00,
  0x00, 0x00, 0x00, 0x00, 0x00, 0x00, 0x00, 0x01, 0x00, 0x00, 0x00, 0x01,
  0x00, 0x00, 0x00, 0x01, 0x00, 0x00, 0x00, 0x00, 0x00, 0x00, 0x00, 0x00,
  0x00, 0x00, 0x00, 0x00, 0x00, 0x00, 0x00, 0x00, 0x00, 0x01, 0x00, 0x00,
  0x00, 0x00, 0x00, 0x00, 0x00, 0x0d, 0x00, 0x00, 0x00, 0x43, 0x61, 0x70,
  0x61, 0x62, 0x69, 0x6c, 0x69, 0x74, 0x79, 0x28, 0x31, 0x29, 0x00, 0x00,
  0x00, 0x00, 0x00, 0x00, 0x00, 0x00, 0x01, 0x00, 0x00, 0x00, 0x00, 0x00,
  0x00, 0x00, 0x28, 0x00, 0x00, 0x00, 0x79, 0x75, 0x70, 0x5f, 0x63, 0x6f,
  0x6d, 0x62, 0x69, 0x6e, 0x65, 0x64, 0x5f, 0x75, 0x5f, 0x65, 0x6e, 0x76,
  0x69, 0x72, 0x6f, 0x6e, 0x6d, 0x65, 0x6e, 0x74, 0x5f, 0x73, 0x5f, 0x65,
  0x6e, 0x76, 0x69, 0x72, 0x6f, 0x6e, 0x6d, 0x65, 0x6e, 0x74, 0x01, 0x00,
  0x00, 0x00, 0x00, 0x00, 0x56, 0x41, 0x52, 0x54, 0x45, 0x15, 0x00, 0x00,
  0x02, 0x00, 0x00, 0x00, 0x04, 0x00, 0x00, 0x00, 0x6d, 0x61, 0x69, 0x6e,
  0xfb, 0x07, 0x00, 0x00, 0x63, 0x62, 0x75, 0x66, 0x66, 0x65, 0x72, 0x20,
  0x42, 0x61, 0x63, 0x6b, 0x67, 0x72, 0x6f, 0x75, 0x6e, 0x64, 0x44, 0x61,
  0x74, 0x61, 0x20, 0x3a, 0x20, 0x72, 0x65, 0x67, 0x69, 0x73, 0x74, 0x65,
  0x72, 0x28, 0x62, 0x30, 0x29, 0x0a, 0x7b, 0x0a, 0x20, 0x20, 0x20, 0x20,
  0x72, 0x6f, 0x77, 0x5f, 0x6d, 0x61, 0x6a, 0x6f, 0x72, 0x20, 0x66, 0x6c,
  0x6f, 0x61, 0x74, 0x34, 0x78, 0x34, 0x20, 0x62, 0x61, 0x63, 0x6b, 0x67,
  0x72, 0x6f, 0x75, 0x6e, 0x64, 0x5f, 0x69, 0x6e, 0x76, 0x65, 0x72, 0x73,
  0x65, 0x56, 0x69, 0x65, 0x77, 0x50, 0x72, 0x6f, 0x6a, 0x65, 0x63, 0x74,
  0x69, 0x6f, 0x6e, 0x20, 0x3a, 0x20, 0x70, 0x61, 0x63, 0x6b, 0x6f, 0x66,
  0x66, 0x73, 0x65, 0x74, 0x28, 0x63, 0x30, 0x29, 0x3b, 0x0a, 0x20, 0x20,
  0x20, 0x20, 0x66, 0x6c, 0x6f, 0x61, 0x74, 0x34, 0x20, 0x62, 0x61, 0x63,
  0x6b, 0x67, 0x72, 0x6f, 0x75, 0x6e, 0x64, 0x5f, 0x69, 0x6e, 0x66, 0x6f,
  0x20, 0x3a, 0x20, 0x70, 0x61, 0x63, 0x6b, 0x6f, 0x66, 0x66, 0x73, 0x65,
  0x74, 0x28, 0x63, 0x34, 0x29, 0x3b, 0x0a, 0x7d, 0x3b, 0x0a, 0x0a, 0x54,
  0x65, 0x78, 0x74, 0x75, 0x72, 0x65, 0x32, 0x44, 0x3c, 0x66, 0x6c, 0x6f,
  0x61, 0x74, 0x34, 0x3e, 0x20, 0x75, 0x5f, 0x65, 0x6e, 0x76, 0x69, 0x72,
  0x6f, 0x6e, 0x6d, 0x65, 0x6e, 0x74, 0x20, 0x3a, 0x20, 0x72, 0x65, 0x67,
  0x69, 0x73, 0x74, 0x65, 0x72, 0x28, 0x74, 0x31, 0x29, 0x3b, 0x0a, 0x53,
  0x61, 0x6d, 0x70, 0x6c, 0x65, 0x72, 0x53, 0x74, 0x61, 0x74, 0x65, 0x20,
  0x73, 0x5f, 0x65, 0x6e, 0x76, 0x69, 0x72, 0x6f, 0x6e, 0x6d, 0x65, 0x6e,
  0x74, 0x20, 0x3a, 0x20, 0x72, 0x65, 0x67, 0x69, 0x73, 0x74, 0x65, 0x72,
  0x28, 0x73, 0x32, 0x29, 0x3b, 0x0a, 0x0a, 0x73, 0x74, 0x61, 0x74, 0x69,
  0x63, 0x20, 0x66, 0x6c, 0x6f, 0x61, 0x74, 0x32, 0x20, 0x76, 0x5f, 0x63,
  0x6c, 0x69, 0x70, 0x3b, 0x0a, 0x73, 0x74, 0x61, 0x74, 0x69, 0x63, 0x20,
  0x66, 0x6c, 0x6f, 0x61, 0x74, 0x34, 0x20, 0x66, 0x72, 0x61, 0x67, 0x43,
  0x6f, 0x6c, 0x6f, 0x72, 0x3b, 0x0a, 0x0a, 0x73, 0x74, 0x72, 0x75, 0x63,
  0x74, 0x20, 0x53, 0x50, 0x49, 0x52, 0x56, 0x5f, 0x43, 0x72, 0x6f, 0x73,
  0x73, 0x5f, 0x49, 0x6e, 0x70, 0x75, 0x74, 0x0a, 0x7b, 0x0a, 0x20, 0x20,
  0x20, 0x20, 0x66, 0x6c, 0x6f, 0x61, 0x74, 0x32, 0x20, 0x76, 0x5f, 0x63,
  0x6c, 0x69, 0x70, 0x20, 0x3a, 0x20, 0x54, 0x45, 0x58, 0x43, 0x4f, 0x4f,
  0x52, 0x44, 0x30, 0x3b, 0x0a, 0x7d, 0x3b, 0x0a, 0x0a, 0x73, 0x74, 0x72,
  0x75, 0x63, 0x74, 0x20, 0x53, 0x50, 0x49, 0x52, 0x56, 0x5f, 0x43, 0x72,
  0x6f, 0x73, 0x73, 0x5f, 0x4f, 0x75, 0x74, 0x70, 0x75, 0x74, 0x0a, 0x7b,
  0x0a, 0x20, 0x20, 0x20, 0x20, 0x66, 0x6c, 0x6f, 0x61, 0x74, 0x34, 0x20,
  0x66, 0x72, 0x61, 0x67, 0x43, 0x6f, 0x6c, 0x6f, 0x72, 0x20, 0x3a, 0x20,
  0x53, 0x56, 0x5f, 0x54, 0x61, 0x72, 0x67, 0x65, 0x74, 0x30, 0x3b, 0x0a,
  0x7d, 0x3b, 0x0a, 0x0a, 0x66, 0x6c, 0x6f, 0x61, 0x74, 0x33, 0x20, 0x61,
  0x63, 0x65, 0x73, 0x46, 0x69, 0x6c, 0x6d, 0x69, 0x63, 0x28, 0x66, 0x6c,
  0x6f, 0x61, 0x74, 0x33, 0x20, 0x78, 0x29, 0x0a, 0x7b, 0x0a, 0x20, 0x20,
  0x20, 0x20, 0x72, 0x65, 0x74, 0x75, 0x72, 0x6e, 0x20, 0x63, 0x6c, 0x61,
  0x6d, 0x70, 0x28, 0x28, 0x78, 0x20, 0x2a, 0x20, 0x28, 0x28, 0x78, 0x20,
  0x2a, 0x20, 0x32, 0x2e, 0x35, 0x30, 0x39, 0x39, 0x39, 0x39, 0x39, 0x39,
  0x30, 0x34, 0x36, 0x33, 0x32, 0x35, 0x36, 0x38, 0x33, 0x35, 0x39, 0x33,
  0x37, 0x35, 0x66, 0x29, 0x20, 0x2b, 0x20, 0x30, 0x2e, 0x30, 0x32, 0x39,
  0x39, 0x39, 0x39, 0x39, 0x39, 0x39, 0x33, 0x32, 0x39, 0x34, 0x34, 0x37,
  0x37, 0x34, 0x36, 0x32, 0x37, 0x36, 0x38, 0x35, 0x35, 0x34, 0x36, 0x38,
  0x37, 0x35, 0x66, 0x2e, 0x78, 0x78, 0x78, 0x29, 0x29, 0x20, 0x2f, 0x20,
  0x28, 0x28, 0x78, 0x20, 0x2a, 0x20, 0x28, 0x28, 0x78, 0x20, 0x2a, 0x20,
  0x32, 0x2e, 0x34, 0x33, 0x30, 0x30, 0x30, 0x30, 0x30, 0x36, 0x36, 0x37,
  0x35, 0x37, 0x32, 0x30, 0x32, 0x31, 0x34, 0x38, 0x34, 0x33, 0x37, 0x35,
  0x66, 0x29, 0x20, 0x2b, 0x20, 0x30, 0x2e, 0x35, 0x38, 0x39, 0x39, 0x39,
  0x39, 0x39, 0x37, 0x33, 0x37, 0x37, 0x33, 0x39, 0x35, 0x36, 0x32, 0x39,
  0x38, 0x38, 0x32, 0x38, 0x31, 0x32, 0x35, 0x66, 0x2e, 0x78, 0x78, 0x78,
  0x29, 0x29, 0x20, 0x2b, 0x20, 0x30, 0x2e, 0x31, 0x34, 0x30, 0x30, 0x30,
  0x30, 0x30, 0x30, 0x30, 0x35, 0x39, 0x36, 0x30, 0x34, 0x36, 0x34, 0x34,
  0x37, 0x37, 0x35, 0x33, 0x39, 0x30, 0x36, 0x32, 0x35, 0x66, 0x2e, 0x78,
  0x78, 0x78, 0x29, 0x2c, 0x20, 0x30, 0x2e, 0x30, 0x66, 0x2e, 0x78, 0x78,
  0x78, 0x2c, 0x20, 0x31, 0x2e, 0x30, 0x66, 0x2e, 0x78, 0x78, 0x78, 0x29,
  0x3b, 0x0a, 0x7d, 0x0a, 0x0a, 0x66, 0x6c, 0x6f, 0x61, 0x74, 0x33, 0x20,
  0x6c, 0x69, 0x6e, 0x65, 0x61, 0x72, 0x54, 0x6f, 0x53, 0x72, 0x67, 0x62,
  0x28, 0x66, 0x6c, 0x6f, 0x61, 0x74, 0x33, 0x20, 0x63, 0x29, 0x0a, 0x7b,
  0x0a, 0x20, 0x20, 0x20, 0x20, 0x72, 0x65, 0x74, 0x75, 0x72, 0x6e, 0x20,
  0x6c, 0x65, 0x72, 0x70, 0x28, 0x63, 0x20, 0x2a, 0x20, 0x31, 0x32, 0x2e,
  0x39, 0x32, 0x30, 0x30, 0x30, 0x30, 0x30, 0x37, 0x36, 0x32, 0x39, 0x33,
  0x39, 0x34, 0x35, 0x33, 0x31, 0x32, 0x35, 0x66, 0x2c, 0x20, 0x28, 0x70,
  0x6f, 0x77, 0x28, 0x63, 0x2c, 0x20, 0x30, 0x2e, 0x34, 0x31, 0x36, 0x36,
  0x36, 0x36, 0x36, 0x35, 0x36, 0x37, 0x33, 0x32, 0x35, 0x35, 0x39, 0x32,
  0x30, 0x34, 0x31, 0x30, 0x31, 0x35, 0x36, 0x32, 0x35, 0x66, 0x2e, 0x78,
  0x78, 0x78, 0x29, 0x20, 0x2a, 0x20, 0x31, 0x2e, 0x30, 0x35, 0x34, 0x39,
  0x39, 0x39, 0x39, 0x34, 0x37, 0x35, 0x34, 0x37, 0x39, 0x31, 0x32, 0x35,
  0x39, 0x37, 0x36, 0x35, 0x36, 0x32, 0x35, 0x66, 0x29, 0x20, 0x2d, 0x20,
  0x30, 0x2e, 0x30, 0x35, 0x34, 0x39, 0x39, 0x39, 0x39, 0x39, 0x39, 0x37,
  0x30, 0x31, 0x39, 0x37, 0x36, 0x37, 0x37, 0x36, 0x31, 0x32, 0x33, 0x30,
  0x34, 0x36, 0x38, 0x37, 0x35, 0x66, 0x2e, 0x78, 0x78, 0x78, 0x2c, 0x20,
  0x73, 0x74, 0x65, 0x70, 0x28, 0x30, 0x2e, 0x30, 0x30, 0x33, 0x31, 0x33,
  0x30, 0x38, 0x30, 0x30, 0x30, 0x39, 0x30, 0x37, 0x33, 0x30, 0x31, 0x39,
  0x30, 0x32, 0x37, 0x37, 0x30, 0x39, 0x39, 0x36, 0x30, 0x39, 0x33, 0x37,
  0x35, 0x66, 0x2e, 0x78, 0x78, 0x78, 0x2c, 0x20, 0x63, 0x29, 0x29, 0x3b,
  0x0a, 0x7d, 0x0a, 0x0a, 0x76, 0x6f, 0x69, 0x64, 0x20, 0x66, 0x72, 0x61,
  0x67, 0x5f, 0x6d, 0x61, 0x69, 0x6e, 0x28, 0x29, 0x0a, 0x7b, 0x0a, 0x20,
  0x20, 0x20, 0x20, 0x66, 0x6c, 0x6f, 0x61, 0x74, 0x34, 0x20, 0x6e, 0x65,
  0x61, 0x72, 0x50, 0x6f, 0x69, 0x6e, 0x74, 0x20, 0x3d, 0x20, 0x6d, 0x75,
  0x6c, 0x28, 0x66, 0x6c, 0x6f, 0x61, 0x74, 0x34, 0x28, 0x76, 0x5f, 0x63,
  0x6c, 0x69, 0x70, 0x2c, 0x20, 0x30, 0x2e, 0x30, 0x66, 0x2c, 0x20, 0x31,
  0x2e, 0x30, 0x66, 0x29, 0x2c, 0x20, 0x62, 0x61, 0x63, 0x6b, 0x67, 0x72,
  0x6f, 0x75, 0x6e, 0x64, 0x5f, 0x69, 0x6e, 0x76, 0x65, 0x72, 0x73, 0x65,
  0x56, 0x69, 0x65, 0x77, 0x50, 0x72, 0x6f, 0x6a, 0x65, 0x63, 0x74, 0x69,
  0x6f, 0x6e, 0x29, 0x3b, 0x0a, 0x20, 0x20, 0x20, 0x20, 0x66, 0x6c, 0x6f,
  0x61, 0x74, 0x34, 0x20, 0x66, 0x61, 0x72, 0x50, 0x6f, 0x69, 0x6e, 0x74,
  0x20, 0x3d, 0x20, 0x6d, 0x75, 0x6c, 0x28, 0x66, 0x6c, 0x6f, 0x61, 0x74,
  0x34, 0x28, 0x76, 0x5f, 0x63, 0x6c, 0x69, 0x70, 0x2c, 0x20, 0x31, 0x2e,
  0x30, 0x66, 0x2c, 0x20, 0x31, 0x2e, 0x30, 0x66, 0x29, 0x2c, 0x20, 0x62,
  0x61, 0x63, 0x6b, 0x67, 0x72, 0x6f, 0x75, 0x6e, 0x64, 0x5f, 0x69, 0x6e,
  0x76, 0x65, 0x72, 0x73, 0x65, 0x56, 0x69, 0x65, 0x77, 0x50, 0x72, 0x6f,
  0x6a, 0x65, 0x63, 0x74, 0x69, 0x6f, 0x6e, 0x29, 0x3b, 0x0a, 0x20, 0x20,
  0x20, 0x20, 0x66, 0x6c, 0x6f, 0x61, 0x74, 0x33, 0x20, 0x64, 0x20, 0x3d,
  0x20, 0x6e, 0x6f, 0x72, 0x6d, 0x61, 0x6c, 0x69, 0x7a, 0x65, 0x28, 0x28,
  0x66, 0x61, 0x72, 0x50, 0x6f, 0x69, 0x6e, 0x74, 0x2e, 0x78, 0x79, 0x7a,
  0x20, 0x2f, 0x20, 0x66, 0x61, 0x72, 0x50, 0x6f, 0x69, 0x6e, 0x74, 0x2e,
  0x77, 0x2e, 0x78, 0x78, 0x78, 0x29, 0x20, 0x2d, 0x20, 0x28, 0x6e, 0x65,
  0x61, 0x72, 0x50, 0x6f, 0x69, 0x6e, 0x74, 0x2e, 0x78, 0x79, 0x7a, 0x20,
  0x2f, 0x20, 0x6e, 0x65, 0x61, 0x72, 0x50, 0x6f, 0x69, 0x6e, 0x74, 0x2e,
  0x77, 0x2e, 0x78, 0x78, 0x78, 0x29, 0x29, 0x3b, 0x0a, 0x20, 0x20, 0x20,
  0x20, 0x66, 0x6c, 0x6f, 0x61, 0x74, 0x32, 0x20, 0x75, 0x76, 0x20, 0x3d,
  0x20, 0x66, 0x6c, 0x6f, 0x61, 0x74, 0x32, 0x28, 0x61, 0x74, 0x61, 0x6e,
  0x32, 0x28, 0x64, 0x2e, 0x78, 0x2c, 0x20, 0x64, 0x2e, 0x7a, 0x20, 0x2b,
  0x20, 0x39, 0x2e, 0x39, 0x39, 0x39, 0x39, 0x39, 0x39, 0x39, 0x37, 0x34,
  0x37, 0x35, 0x32, 0x34, 0x32, 0x37, 0x30, 0x37, 0x38, 0x37, 0x38, 0x33,
  0x35, 0x31, 0x32, 0x31, 0x31, 0x35, 0x34, 0x37, 0x38, 0x35, 0x65, 0x2d,
  0x30, 0x37, 0x66, 0x29, 0x20, 0x2f, 0x20, 0x36, 0x2e, 0x32, 0x38, 0x33,
  0x31, 0x38, 0x35, 0x34, 0x38, 0x32, 0x30, 0x32, 0x35, 0x31, 0x34, 0x36,
  0x34, 0x38, 0x34, 0x33, 0x37, 0x35, 0x66, 0x2c, 0x20, 0x61, 0x63, 0x6f,
  0x73, 0x28, 0x63, 0x6c, 0x61, 0x6d, 0x70, 0x28, 0x64, 0x2e, 0x79, 0x2c,
  0x20, 0x2d, 0x31, 0x2e, 0x30, 0x66, 0x2c, 0x20, 0x31, 0x2e, 0x30, 0x66,
  0x29, 0x29, 0x20, 0x2f, 0x20, 0x33, 0x2e, 0x31, 0x34, 0x31, 0x35, 0x39,
  0x32, 0x37, 0x34, 0x31, 0x30, 0x31, 0x32, 0x35, 0x37, 0x33, 0x32, 0x34,
  0x32, 0x31, 0x38, 0x37, 0x35, 0x66, 0x29, 0x3b, 0x0a, 0x20, 0x20, 0x20,
  0x20, 0x66, 0x6c, 0x6f, 0x61, 0x74, 0x33, 0x20, 0x63, 0x6f, 0x6c, 0x6f,
  0x72, 0x20, 0x3d, 0x20, 0x75, 0x5f, 0x65, 0x6e, 0x76, 0x69, 0x72, 0x6f,
  0x6e, 0x6d, 0x65, 0x6e, 0x74, 0x2e, 0x53, 0x61, 0x6d, 0x70, 0x6c, 0x65,
  0x4c, 0x65, 0x76, 0x65, 0x6c, 0x28, 0x73, 0x5f, 0x65, 0x6e, 0x76, 0x69,
  0x72, 0x6f, 0x6e, 0x6d, 0x65, 0x6e, 0x74, 0x2c, 0x20, 0x75, 0x76, 0x2c,
  0x20, 0x62, 0x61, 0x63, 0x6b, 0x67, 0x72, 0x6f, 0x75, 0x6e, 0x64, 0x5f,
  0x69, 0x6e, 0x66, 0x6f, 0x2e, 0x79, 0x29, 0x2e, 0x78, 0x79, 0x7a, 0x3b,
  0x0a, 0x20, 0x20, 0x20, 0x20, 0x63, 0x6f, 0x6c, 0x6f, 0x72, 0x20, 0x2a,
  0x3d, 0x20, 0x28, 0x62, 0x61, 0x63, 0x6b, 0x67, 0x72, 0x6f, 0x75, 0x6e,
  0x64, 0x5f, 0x69, 0x6e, 0x66, 0x6f, 0x2e, 0x78, 0x20, 0x2a, 0x20, 0x62,
  0x61, 0x63, 0x6b, 0x67, 0x72, 0x6f, 0x75, 0x6e, 0x64, 0x5f, 0x69, 0x6e,
  0x66, 0x6f, 0x2e, 0x77, 0x29, 0x3b, 0x0a, 0x20, 0x20, 0x20, 0x20, 0x66,
  0x6c, 0x6f, 0x61, 0x74, 0x33, 0x20, 0x5f, 0x31, 0x36, 0x30, 0x3b, 0x0a,
  0x20, 0x20, 0x20, 0x20, 0x69, 0x66, 0x20, 0x28, 0x62, 0x61, 0x63, 0x6b,
  0x67, 0x72, 0x6f, 0x75, 0x6e, 0x64, 0x5f, 0x69, 0x6e, 0x66, 0x6f, 0x2e,
  0x7a, 0x20, 0x3e, 0x20, 0x30, 0x2e, 0x35, 0x66, 0x29, 0x0a, 0x20, 0x20,
  0x20, 0x20, 0x7b, 0x0a, 0x20, 0x20, 0x20, 0x20, 0x20, 0x20, 0x20, 0x20,
  0x66, 0x6c, 0x6f, 0x61, 0x74, 0x33, 0x20, 0x70, 0x61, 0x72, 0x61, 0x6d,
  0x20, 0x3d, 0x20, 0x63, 0x6f, 0x6c, 0x6f, 0x72, 0x3b, 0x0a, 0x20, 0x20,
  0x20, 0x20, 0x20, 0x20, 0x20, 0x20, 0x5f, 0x31, 0x36, 0x30, 0x20, 0x3d,
  0x20, 0x61, 0x63, 0x65, 0x73, 0x46, 0x69, 0x6c, 0x6d, 0x69, 0x63, 0x28,
  0x70, 0x61, 0x72, 0x61, 0x6d, 0x29, 0x3b, 0x0a, 0x20, 0x20, 0x20, 0x20,
  0x7d, 0x0a, 0x20, 0x20, 0x20, 0x20, 0x65, 0x6c, 0x73, 0x65, 0x0a, 0x20,
  0x20, 0x20, 0x20, 0x7b, 0x0a, 0x20, 0x20, 0x20, 0x20, 0x20, 0x20, 0x20,
  0x20, 0x5f, 0x31, 0x36, 0x30, 0x20, 0x3d, 0x20, 0x63, 0x6f, 0x6c, 0x6f,
  0x72, 0x20, 0x2f, 0x20, 0x28, 0x31, 0x2e, 0x30, 0x66, 0x2e, 0x78, 0x78,
  0x78, 0x20, 0x2b, 0x20, 0x63, 0x6f, 0x6c, 0x6f, 0x72, 0x29, 0x3b, 0x0a,
  0x20, 0x20, 0x20, 0x20, 0x7d, 0x0a, 0x20, 0x20, 0x20, 0x20, 0x63, 0x6f,
  0x6c, 0x6f, 0x72, 0x20, 0x3d, 0x20, 0x5f, 0x31, 0x36, 0x30, 0x3b, 0x0a,
  0x20, 0x20, 0x20, 0x20, 0x66, 0x6c, 0x6f, 0x61, 0x74, 0x33, 0x20, 0x70,
  0x61, 0x72, 0x61, 0x6d, 0x5f, 0x31, 0x20, 0x3d, 0x20, 0x63, 0x6f, 0x6c,
  0x6f, 0x72, 0x3b, 0x0a, 0x20, 0x20, 0x20, 0x20, 0x66, 0x72, 0x61, 0x67,
  0x43, 0x6f, 0x6c, 0x6f, 0x72, 0x20, 0x3d, 0x20, 0x66, 0x6c, 0x6f, 0x61,
  0x74, 0x34, 0x28, 0x6c, 0x69, 0x6e, 0x65, 0x61, 0x72, 0x54, 0x6f, 0x53,
  0x72, 0x67, 0x62, 0x28, 0x70, 0x61, 0x72, 0x61, 0x6d, 0x5f, 0x31, 0x29,
  0x2c, 0x20, 0x31, 0x2e, 0x30, 0x66, 0x29, 0x3b, 0x0a, 0x7d, 0x0a, 0x0a,
  0x53, 0x50, 0x49, 0x52, 0x56, 0x5f, 0x43, 0x72, 0x6f, 0x73, 0x73, 0x5f,
  0x4f, 0x75, 0x74, 0x70, 0x75, 0x74, 0x20, 0x6d, 0x61, 0x69, 0x6e, 0x28,
  0x53, 0x50, 0x49, 0x52, 0x56, 0x5f, 0x43, 0x72, 0x6f, 0x73, 0x73, 0x5f,
  0x49, 0x6e, 0x70, 0x75, 0x74, 0x20, 0x73, 0x74, 0x61, 0x67, 0x65, 0x5f,
  0x69, 0x6e, 0x70, 0x75, 0x74, 0x29, 0x0a, 0x7b, 0x0a, 0x20, 0x20, 0x20,
  0x20, 0x76, 0x5f, 0x63, 0x6c, 0x69, 0x70, 0x20, 0x3d, 0x20, 0x73, 0x74,
  0x61, 0x67, 0x65, 0x5f, 0x69, 0x6e, 0x70, 0x75, 0x74, 0x2e, 0x76, 0x5f,
  0x63, 0x6c, 0x69, 0x70, 0x3b, 0x0a, 0x20, 0x20, 0x20, 0x20, 0x66, 0x72,
  0x61, 0x67, 0x5f, 0x6d, 0x61, 0x69, 0x6e, 0x28, 0x29, 0x3b, 0x0a, 0x20,
  0x20, 0x20, 0x20, 0x53, 0x50, 0x49, 0x52, 0x56, 0x5f, 0x43, 0x72, 0x6f,
  0x73, 0x73, 0x5f, 0x4f, 0x75, 0x74, 0x70, 0x75, 0x74, 0x20, 0x73, 0x74,
  0x61, 0x67, 0x65, 0x5f, 0x6f, 0x75, 0x74, 0x70, 0x75, 0x74, 0x3b, 0x0a,
  0x20, 0x20, 0x20, 0x20, 0x73, 0x74, 0x61, 0x67, 0x65, 0x5f, 0x6f, 0x75,
  0x74, 0x70, 0x75, 0x74, 0x2e, 0x66, 0x72, 0x61, 0x67, 0x43, 0x6f, 0x6c,
  0x6f, 0x72, 0x20, 0x3d, 0x20, 0x66, 0x72, 0x61, 0x67, 0x43, 0x6f, 0x6c,
  0x6f, 0x72, 0x3b, 0x0a, 0x20, 0x20, 0x20, 0x20, 0x72, 0x65, 0x74, 0x75,
  0x72, 0x6e, 0x20, 0x73, 0x74, 0x61, 0x67, 0x65, 0x5f, 0x6f, 0x75, 0x74,
  0x70, 0x75, 0x74, 0x3b, 0x0a, 0x7d, 0x0a, 0x49, 0x53, 0x52, 0x43, 0xfb,
  0x09, 0x00, 0x00, 0x2f, 0x2a, 0x0a, 0x20, 0x20, 0x3d, 0x3d, 0x3d, 0x3d,
  0x3d, 0x3d, 0x3d, 0x3d, 0x3d, 0x3d, 0x3d, 0x3d, 0x3d, 0x3d, 0x3d, 0x3d,
  0x3d, 0x3d, 0x3d, 0x3d, 0x3d, 0x3d, 0x3d, 0x3d, 0x3d, 0x3d, 0x3d, 0x3d,
  0x3d, 0x3d, 0x3d, 0x3d, 0x3d, 0x3d, 0x3d, 0x3d, 0x3d, 0x3d, 0x3d, 0x3d,
  0x3d, 0x3d, 0x3d, 0x3d, 0x3d, 0x3d, 0x3d, 0x3d, 0x3d, 0x3d, 0x3d, 0x3d,
  0x3d, 0x3d, 0x3d, 0x3d, 0x3d, 0x3d, 0x3d, 0x3d, 0x3d, 0x3d, 0x3d, 0x3d,
  0x3d, 0x3d, 0x3d, 0x3d, 0x3d, 0x3d, 0x3d, 0x3d, 0x3d, 0x3d, 0x3d, 0x3d,
  0x3d, 0x3d, 0x0a, 0x0a, 0x20, 0x20, 0x20, 0x54, 0x68, 0x69, 0x73, 0x20,
  0x66, 0x69, 0x6c, 0x65, 0x20, 0x69, 0x73, 0x20, 0x70, 0x61, 0x72, 0x74,
  0x20, 0x6f, 0x66, 0x20, 0x74, 0x68, 0x65, 0x20, 0x59, 0x55, 0x50, 0x20,
  0x6c, 0x69, 0x62, 0x72, 0x61, 0x72, 0x79, 0x2e, 0x0a, 0x20, 0x20, 0x20,
  0x43, 0x6f, 0x70, 0x79, 0x72, 0x69, 0x67, 0x68, 0x74, 0x20, 0x28, 0x63,
  0x29, 0x20, 0x32, 0x30, 0x32, 0x36, 0x20, 0x2d, 0x20, 0x6b, 0x75, 0x6e,
  0x69, 0x74, 0x6f, 0x6b, 0x69, 0x40, 0x67, 0x6d, 0x61, 0x69, 0x6c, 0x2e,
  0x63, 0x6f, 0x6d, 0x0a, 0x0a, 0x20, 0x20, 0x20, 0x59, 0x55, 0x50, 0x20,
  0x69, 0x73, 0x20, 0x61, 0x6e, 0x20, 0x6f, 0x70, 0x65, 0x6e, 0x20, 0x73,
  0x6f, 0x75, 0x72, 0x63, 0x65, 0x20, 0x6c, 0x69, 0x62, 0x72, 0x61, 0x72,
  0x79, 0x20, 0x73, 0x75, 0x62, 0x6a, 0x65, 0x63, 0x74, 0x20, 0x74, 0x6f,
  0x20, 0x6f, 0x70, 0x65, 0x6e, 0x2d, 0x73, 0x6f, 0x75, 0x72, 0x63, 0x65,
  0x20, 0x6c, 0x69, 0x63, 0x65, 0x6e, 0x73, 0x69, 0x6e, 0x67, 0x2e, 0x0a,
  0x0a, 0x20, 0x20, 0x20, 0x54, 0x68, 0x65, 0x20, 0x63, 0x6f, 0x64, 0x65,
  0x20, 0x69, 0x6e, 0x63, 0x6c, 0x75, 0x64, 0x65, 0x64, 0x20, 0x69, 0x6e,
  0x20, 0x74, 0x68, 0x69, 0x73, 0x20, 0x66, 0x69, 0x6c, 0x65, 0x20, 0x69,
  0x73, 0x20, 0x70, 0x72, 0x6f, 0x76, 0x69, 0x64, 0x65, 0x64, 0x20, 0x75,
  0x6e, 0x64, 0x65, 0x72, 0x20, 0x74, 0x68, 0x65, 0x20, 0x74, 0x65, 0x72,
  0x6d, 0x73, 0x20, 0x6f, 0x66, 0x20, 0x74, 0x68, 0x65, 0x20, 0x49, 0x53,
  0x43, 0x20, 0x6c, 0x69, 0x63, 0x65, 0x6e, 0x73, 0x65, 0x0a, 0x20, 0x20,
  0x20, 0x68, 0x74, 0x74, 0x70, 0x3a, 0x2f, 0x2f, 0x77, 0x77, 0x77, 0x2e,
  0x69, 0x73, 0x63, 0x2e, 0x6f, 0x72, 0x67, 0x2f, 0x64, 0x6f, 0x77, 0x6e,
  0x6c, 0x6f, 0x61, 0x64, 0x73, 0x2f, 0x73, 0x6f, 0x66, 0x74, 0x77, 0x61,
  0x72, 0x65, 0x2d, 0x73, 0x75, 0x70, 0x70, 0x6f, 0x72, 0x74, 0x2d, 0x70,
  0x6f, 0x6c, 0x69, 0x63, 0x79, 0x2f, 0x69, 0x73, 0x63, 0x2d, 0x6c, 0x69,
  0x63, 0x65, 0x6e, 0x73, 0x65, 0x2e, 0x20, 0x50, 0x65, 0x72, 0x6d, 0x69,
  0x73, 0x73, 0x69, 0x6f, 0x6e, 0x0a, 0x20, 0x20, 0x20, 0x74, 0x6f, 0x20,
  0x75, 0x73, 0x65, 0x2c, 0x20, 0x63, 0x6f, 0x70, 0x79, 0x2c, 0x20, 0x6d,
  0x6f, 0x64, 0x69, 0x66, 0x79, 0x2c, 0x20, 0x61, 0x6e, 0x64, 0x2f, 0x6f,
  0x72, 0x20, 0x64, 0x69, 0x73, 0x74, 0x72, 0x69, 0x62, 0x75, 0x74, 0x65,
  0x20, 0x74, 0x68, 0x69, 0x73, 0x20, 0x73, 0x6f, 0x66, 0x74, 0x77, 0x61,
  0x72, 0x65, 0x20, 0x66, 0x6f, 0x72, 0x20, 0x61, 0x6e, 0x79, 0x20, 0x70,
  0x75, 0x72, 0x70, 0x6f, 0x73, 0x65, 0x20, 0x77, 0x69, 0x74, 0x68, 0x20,
  0x6f, 0x72, 0x0a, 0x20, 0x20, 0x20, 0x77, 0x69, 0x74, 0x68, 0x6f, 0x75,
  0x74, 0x20, 0x66, 0x65, 0x65, 0x20, 0x69, 0x73, 0x20, 0x68, 0x65, 0x72,
  0x65, 0x62, 0x79, 0x20, 0x67, 0x72, 0x61, 0x6e, 0x74, 0x65, 0x64, 0x20,
  0x70, 0x72, 0x6f, 0x76, 0x69, 0x64, 0x65, 0x64, 0x20, 0x74, 0x68, 0x61,
  0x74, 0x20, 0x74, 0x68, 0x65, 0x20, 0x61, 0x62, 0x6f, 0x76, 0x65, 0x20,
  0x63, 0x6f, 0x70, 0x79, 0x72, 0x69, 0x67, 0x68, 0x74, 0x20, 0x6e, 0x6f,
  0x74, 0x69, 0x63, 0x65, 0x20, 0x61, 0x6e, 0x64, 0x0a, 0x20, 0x20, 0x20,
  0x74, 0x68, 0x69, 0x73, 0x20, 0x70, 0x65, 0x72, 0x6d, 0x69, 0x73, 0x73,
  0x69, 0x6f, 0x6e, 0x20, 0x6e, 0x6f, 0x74, 0x69, 0x63, 0x65, 0x20, 0x61,
  0x70, 0x70, 0x65, 0x61, 0x72, 0x20, 0x69, 0x6e, 0x20, 0x61, 0x6c, 0x6c,
  0x20, 0x63, 0x6f, 0x70, 0x69, 0x65, 0x73, 0x2e, 0x0a, 0x0a, 0x20, 0x20,
  0x20, 0x59, 0x55, 0x50, 0x20, 0x49, 0x53, 0x20, 0x50, 0x52, 0x4f, 0x56,
  0x49, 0x44, 0x45, 0x44, 0x20, 0x22, 0x41, 0x53, 0x20, 0x49, 0x53, 0x22,
  0x20, 0x57, 0x49, 0x54, 0x48, 0x4f, 0x55, 0x54, 0x20, 0x41, 0x4e, 0x59,
  0x20, 0x57, 0x41, 0x52, 0x52, 0x41, 0x4e, 0x54, 0x59, 0x2c, 0x20, 0x41,
  0x4e, 0x44, 0x20, 0x41, 0x4c, 0x4c, 0x20, 0x57, 0x41, 0x52, 0x52, 0x41,
  0x4e, 0x54, 0x49, 0x45, 0x53, 0x2c, 0x20, 0x57, 0x48, 0x45, 0x54, 0x48,
  0x45, 0x52, 0x0a, 0x20, 0x20, 0x20, 0x45, 0x58, 0x50, 0x52, 0x45, 0x53,
  0x53, 0x45, 0x44, 0x20, 0x4f, 0x52, 0x20, 0x49, 0x4d, 0x50, 0x4c, 0x49,
  0x45, 0x44, 0x2c, 0x20, 0x49, 0x4e, 0x43, 0x4c, 0x55, 0x44, 0x49, 0x4e,
  0x47, 0x20, 0x4d, 0x45, 0x52, 0x43, 0x48, 0x41, 0x4e, 0x54, 0x41, 0x42,
  0x49, 0x4c, 0x49, 0x54, 0x59, 0x20, 0x41, 0x4e, 0x44, 0x20, 0x46, 0x49,
  0x54, 0x4e, 0x45, 0x53, 0x53, 0x20, 0x46, 0x4f, 0x52, 0x20, 0x50, 0x55,
  0x52, 0x50, 0x4f, 0x53, 0x45, 0x2c, 0x20, 0x41, 0x52, 0x45, 0x0a, 0x20,
  0x20, 0x20, 0x44, 0x49, 0x53, 0x43, 0x4c, 0x41, 0x49, 0x4d, 0x45, 0x44,
  0x2e, 0x0a, 0x0a, 0x20, 0x20, 0x3d, 0x3d, 0x3d, 0x3d, 0x3d, 0x3d, 0x3d,
  0x3d, 0x3d, 0x3d, 0x3d, 0x3d, 0x3d, 0x3d, 0x3d, 0x3d, 0x3d, 0x3d, 0x3d,
  0x3d, 0x3d, 0x3d, 0x3d, 0x3d, 0x3d, 0x3d, 0x3d, 0x3d, 0x3d, 0x3d, 0x3d,
  0x3d, 0x3d, 0x3d, 0x3d, 0x3d, 0x3d, 0x3d, 0x3d, 0x3d, 0x3d, 0x3d, 0x3d,
  0x3d, 0x3d, 0x3d, 0x3d, 0x3d, 0x3d, 0x3d, 0x3d, 0x3d, 0x3d, 0x3d, 0x3d,
  0x3d, 0x3d, 0x3d, 0x3d, 0x3d, 0x3d, 0x3d, 0x3d, 0x3d, 0x3d, 0x3d, 0x3d,
  0x3d, 0x3d, 0x3d, 0x3d, 0x3d, 0x3d, 0x3d, 0x3d, 0x3d, 0x3d, 0x3d, 0x0a,
  0x2a, 0x2f, 0x0a, 0x0a, 0x23, 0x76, 0x65, 0x72, 0x73, 0x69, 0x6f, 0x6e,
  0x20, 0x34, 0x35, 0x30, 0x0a, 0x0a, 0x2f, 0x2f, 0x20, 0x53, 0x68, 0x6f,
  0x77, 0x73, 0x20, 0x74, 0x68, 0x65, 0x20, 0x65, 0x6e, 0x76, 0x69, 0x72,
  0x6f, 0x6e, 0x6d, 0x65, 0x6e, 0x74, 0x20, 0x62, 0x65, 0x68, 0x69, 0x6e,
  0x64, 0x20, 0x74, 0x68, 0x65, 0x20, 0x73, 0x63, 0x65, 0x6e, 0x65, 0x2c,
  0x20, 0x62, 0x6c, 0x75, 0x72, 0x72, 0x65, 0x64, 0x20, 0x74, 0x6f, 0x20,
  0x6f, 0x6e, 0x65, 0x20, 0x6f, 0x66, 0x20, 0x69, 0x74, 0x73, 0x20, 0x72,
  0x6f, 0x75, 0x67, 0x68, 0x6e, 0x65, 0x73, 0x73, 0x20, 0x6c, 0x65, 0x76,
  0x65, 0x6c, 0x73, 0x2c, 0x20, 0x65, 0x78, 0x70, 0x6f, 0x73, 0x65, 0x64,
  0x20, 0x61, 0x6e, 0x64, 0x0a, 0x2f, 0x2f, 0x20, 0x74, 0x6f, 0x6e, 0x65,
  0x20, 0x6d, 0x61, 0x70, 0x70, 0x65, 0x64, 0x20, 0x6c, 0x69, 0x6b, 0x65,
  0x20, 0x74, 0x68, 0x65, 0x20, 0x73, 0x75, 0x72, 0x66, 0x61, 0x63, 0x65,
  0x73, 0x2e, 0x0a, 0x0a, 0x2f, 0x2f, 0x20, 0x4d, 0x75, 0x73, 0x74, 0x20,
  0x6d, 0x61, 0x74, 0x63, 0x68, 0x20, 0x42, 0x61, 0x63, 0x6b, 0x67, 0x72,
  0x6f, 0x75, 0x6e, 0x64, 0x44, 0x61, 0x74, 0x61, 0x20, 0x69, 0x6e, 0x20,
  0x79, 0x75, 0x70, 0x5f, 0x53, 0x63, 0x65, 0x6e, 0x65, 0x52, 0x65, 0x6e,
  0x64, 0x65, 0x72, 0x65, 0x72, 0x2e, 0x63, 0x70, 0x70, 0x0a, 0x6c, 0x61,
  0x79, 0x6f, 0x75, 0x74, 0x28, 0x73, 0x65, 0x74, 0x20, 0x3d, 0x20, 0x30,
  0x2c, 0x20, 0x62, 0x69, 0x6e, 0x64, 0x69, 0x6e, 0x67, 0x20, 0x3d, 0x20,
  0x30, 0x29, 0x20, 0x75, 0x6e, 0x69, 0x66, 0x6f, 0x72, 0x6d, 0x20, 0x42,
  0x61, 0x63, 0x6b, 0x67, 0x72, 0x6f, 0x75, 0x6e, 0x64, 0x44, 0x61, 0x74,
  0x61, 0x0a, 0x7b, 0x0a, 0x20, 0x20, 0x20, 0x20, 0x6d, 0x61, 0x74, 0x34,
  0x20, 0x69, 0x6e, 0x76, 0x65, 0x72, 0x73, 0x65, 0x56, 0x69, 0x65, 0x77,
  0x50, 0x72, 0x6f, 0x6a, 0x65, 0x63, 0x74, 0x69, 0x6f, 0x6e, 0x3b, 0x0a,
  0x20, 0x20, 0x20, 0x20, 0x76, 0x65, 0x63, 0x34, 0x20, 0x69, 0x6e, 0x66,
  0x6f, 0x3b, 0x20, 0x20, 0x20, 0x20, 0x20, 0x20, 0x20, 0x20, 0x20, 0x20,
  0x20, 0x20, 0x20, 0x20, 0x20, 0x20, 0x2f, 0x2f, 0x20, 0x78, 0x20, 0x69,
  0x6e, 0x74, 0x65, 0x6e, 0x73, 0x69, 0x74, 0x79, 0x2c, 0x20, 0x79, 0x20,
  0x6c, 0x65, 0x76, 0x65, 0x6c, 0x2c, 0x20, 0x7a, 0x20, 0x74, 0x6f, 0x6e,
  0x65, 0x20, 0x6d, 0x61, 0x70, 0x70, 0x69, 0x6e, 0x67, 0x20, 0x28, 0x30,
  0x20, 0x52, 0x65, 0x69, 0x6e, 0x68, 0x61, 0x72, 0x64, 0x2c, 0x20, 0x31,
  0x20, 0x41, 0x43, 0x45, 0x53, 0x29, 0x2c, 0x20, 0x77, 0x20, 0x65, 0x78,
  0x70, 0x6f, 0x73, 0x75, 0x72, 0x65, 0x0a, 0x7d, 0x20, 0x62, 0x61, 0x63,
  0x6b, 0x67, 0x72, 0x6f, 0x75, 0x6e, 0x64, 0x3b, 0x0a, 0x0a, 0x6c, 0x61,
  0x79, 0x6f, 0x75, 0x74, 0x28, 0x73, 0x65, 0x74, 0x20, 0x3d, 0x20, 0x30,
  0x2c, 0x20, 0x62, 0x69, 0x6e, 0x64, 0x69, 0x6e, 0x67, 0x20, 0x3d, 0x20,
  0x31, 0x29, 0x20, 0x75, 0x6e, 0x69, 0x66, 0x6f, 0x72, 0x6d, 0x20, 0x74,
  0x65, 0x78, 0x74, 0x75, 0x72, 0x65, 0x32, 0x44, 0x20, 0x75, 0x5f, 0x65,
  0x6e, 0x76, 0x69, 0x72, 0x6f, 0x6e, 0x6d, 0x65, 0x6e, 0x74, 0x3b, 0x0a,
  0x6c, 0x61, 0x79, 0x6f, 0x75, 0x74, 0x28, 0x73, 0x65, 0x74, 0x20, 0x3d,
  0x20, 0x30, 0x2c, 0x20, 0x62, 0x69, 0x6e, 0x64, 0x69, 0x6e, 0x67, 0x20,
  0x3d, 0x20, 0x32, 0x29, 0x20, 0x75, 0x6e, 0x69, 0x66, 0x6f, 0x72, 0x6d,
  0x20, 0x73, 0x61, 0x6d, 0x70, 0x6c, 0x65, 0x72, 0x20, 0x73, 0x5f, 0x65,
  0x6e, 0x76, 0x69, 0x72, 0x6f, 0x6e, 0x6d, 0x65, 0x6e, 0x74, 0x3b, 0x0a,
  0x0a, 0x6c, 0x61, 0x79, 0x6f, 0x75, 0x74, 0x28, 0x6c, 0x6f, 0x63, 0x61,
  0x74, 0x69, 0x6f, 0x6e, 0x20, 0x3d, 0x20, 0x30, 0x29, 0x20, 0x69, 0x6e,
  0x20, 0x76, 0x65, 0x63, 0x32, 0x20, 0x76, 0x5f, 0x63, 0x6c, 0x69, 0x70,
  0x3b, 0x0a, 0x0a, 0x6c, 0x61, 0x79, 0x6f, 0x75, 0x74, 0x28, 0x6c, 0x6f,
  0x63, 0x61, 0x74, 0x69, 0x6f, 0x6e, 0x20, 0x3d, 0x20, 0x30, 0x29, 0x20,
  0x6f, 0x75, 0x74, 0x20, 0x76, 0x65, 0x63, 0x34, 0x20, 0x66, 0x72, 0x61,
  0x67, 0x43, 0x6f, 0x6c, 0x6f, 0x72, 0x3b, 0x0a, 0x0a, 0x63, 0x6f, 0x6e,
  0x73, 0x74, 0x20, 0x66, 0x6c, 0x6f, 0x61, 0x74, 0x20, 0x50, 0x49, 0x20,
  0x3d, 0x20, 0x33, 0x2e, 0x31, 0x34, 0x31, 0x35, 0x39, 0x32, 0x36, 0x35,
  0x33, 0x35, 0x39, 0x3b, 0x0a, 0x0a, 0x76, 0x65, 0x63, 0x33, 0x20, 0x6c,
  0x69, 0x6e, 0x65, 0x61, 0x72, 0x54, 0x6f, 0x53, 0x72, 0x67, 0x62, 0x28,
  0x76, 0x65, 0x63, 0x33, 0x20, 0x63, 0x29, 0x0a, 0x7b, 0x0a, 0x20, 0x20,
  0x20, 0x20, 0x72, 0x65, 0x74, 0x75, 0x72, 0x6e, 0x20, 0x6d, 0x69, 0x78,
  0x28, 0x63, 0x20, 0x2a, 0x20, 0x31, 0x32, 0x2e, 0x39, 0x32, 0x2c, 0x20,
  0x31, 0x2e, 0x30, 0x35, 0x35, 0x20, 0x2a, 0x20, 0x70, 0x6f, 0x77, 0x28,
  0x63, 0x2c, 0x20, 0x76, 0x65, 0x63, 0x33, 0x28, 0x31, 0x2e, 0x30, 0x20,
  0x2f, 0x20, 0x32, 0x2e, 0x34, 0x29, 0x29, 0x20, 0x2d, 0x20, 0x30, 0x2e,
  0x30, 0x35, 0x35, 0x2c, 0x20, 0x73, 0x74, 0x65, 0x70, 0x28, 0x76, 0x65,
  0x63, 0x33, 0x28, 0x30, 0x2e, 0x30, 0x30, 0x33, 0x31, 0x33, 0x30, 0x38,
  0x29, 0x2c, 0x20, 0x63, 0x29, 0x29, 0x3b, 0x0a, 0x7d, 0x0a, 0x0a, 0x76,
  0x65, 0x63, 0x33, 0x20, 0x61, 0x63, 0x65, 0x73, 0x46, 0x69, 0x6c, 0x6d,
  0x69, 0x63, 0x28, 0x76, 0x65, 0x63, 0x33, 0x20, 0x78, 0x29, 0x0a, 0x7b,
  0x0a, 0x20, 0x20, 0x20, 0x20, 0x72, 0x65, 0x74, 0x75, 0x72, 0x6e, 0x20,
  0x63, 0x6c, 0x61, 0x6d, 0x70, 0x28, 0x28, 0x78, 0x20, 0x2a, 0x20, 0x28,
  0x32, 0x2e, 0x35, 0x31, 0x20, 0x2a, 0x20, 0x78, 0x20, 0x2b, 0x20, 0x30,
  0x2e, 0x30, 0x33, 0x29, 0x29, 0x20, 0x2f, 0x20, 0x28, 0x78, 0x20, 0x2a,
  0x20, 0x28, 0x32, 0x2e, 0x34, 0x33, 0x20, 0x2a, 0x20, 0x78, 0x20, 0x2b,
  0x20, 0x30, 0x2e, 0x35, 0x39, 0x29, 0x20, 0x2b, 0x20, 0x30, 0x2e, 0x31,
  0x34, 0x29, 0x2c, 0x20, 0x30, 0x2e, 0x30, 0x2c, 0x20, 0x31, 0x2e, 0x30,
  0x29, 0x3b, 0x0a, 0x7d, 0x0a, 0x0a, 0x76, 0x6f, 0x69, 0x64, 0x20, 0x6d,
  0x61, 0x69, 0x6e, 0x28, 0x29, 0x0a, 0x7b, 0x0a, 0x20, 0x20, 0x20, 0x20,
  0x2f, 0x2f, 0x20, 0x46, 0x72, 0x6f, 0x6d, 0x20, 0x74, 0x68, 0x65, 0x20,
  0x6e, 0x65, 0x61, 0x72, 0x20, 0x74, 0x6f, 0x20, 0x74, 0x68, 0x65, 0x20,
  0x66, 0x61, 0x72, 0x20, 0x70, 0x6c, 0x61, 0x6e, 0x65, 0x20, 0x74, 0x68,
  0x72, 0x6f, 0x75, 0x67, 0x68, 0x20, 0x74, 0x68, 0x69, 0x73, 0x20, 0x70,
  0x69, 0x78, 0x65, 0x6c, 0x2c, 0x20, 0x66, 0x6f, 0x72, 0x20, 0x70, 0x65,
  0x72, 0x73, 0x70, 0x65, 0x63, 0x74, 0x69, 0x76, 0x65, 0x20, 0x61, 0x6e,
  0x64, 0x20, 0x6f, 0x72, 0x74, 0x68, 0x6f, 0x67, 0x72, 0x61, 0x70, 0x68,
  0x69, 0x63, 0x20, 0x63, 0x61, 0x6d, 0x65, 0x72, 0x61, 0x73, 0x0a, 0x20,
  0x20, 0x20, 0x20, 0x76, 0x65, 0x63, 0x34, 0x20, 0x6e, 0x65, 0x61, 0x72,
  0x50, 0x6f, 0x69, 0x6e, 0x74, 0x20, 0x3d, 0x20, 0x62, 0x61, 0x63, 0x6b,
  0x67, 0x72, 0x6f, 0x75, 0x6e, 0x64, 0x2e, 0x69, 0x6e, 0x76, 0x65, 0x72,
  0x73, 0x65, 0x56, 0x69, 0x65, 0x77, 0x50, 0x72, 0x6f, 0x6a, 0x65, 0x63,
  0x74, 0x69, 0x6f, 0x6e, 0x20, 0x2a, 0x20, 0x76, 0x65, 0x63, 0x34, 0x28,
  0x76, 0x5f, 0x63, 0x6c, 0x69, 0x70, 0x2c, 0x20, 0x30, 0x2e, 0x30, 0x2c,
  0x20, 0x31, 0x2e, 0x30, 0x29, 0x3b, 0x0a, 0x20, 0x20, 0x20, 0x20, 0x76,
  0x65, 0x63, 0x34, 0x20, 0x66, 0x61, 0x72, 0x50, 0x6f, 0x69, 0x6e, 0x74,
  0x20, 0x3d, 0x20, 0x62, 0x61, 0x63, 0x6b, 0x67, 0x72, 0x6f, 0x75, 0x6e,
  0x64, 0x2e, 0x69, 0x6e, 0x76, 0x65, 0x72, 0x73, 0x65, 0x56, 0x69, 0x65,
  0x77, 0x50, 0x72, 0x6f, 0x6a, 0x65, 0x63, 0x74, 0x69, 0x6f, 0x6e, 0x20,
  0x2a, 0x20, 0x76, 0x65, 0x63, 0x34, 0x28, 0x76, 0x5f, 0x63, 0x6c, 0x69,
  0x70, 0x2c, 0x20, 0x31, 0x2e, 0x30, 0x2c, 0x20, 0x31, 0x2e, 0x30, 0x29,
  0x3b, 0x0a, 0x20, 0x20, 0x20, 0x20, 0x76, 0x65, 0x63, 0x33, 0x20, 0x64,
  0x20, 0x3d, 0x20, 0x6e, 0x6f, 0x72, 0x6d, 0x61, 0x6c, 0x69, 0x7a, 0x65,
  0x28, 0x66, 0x61, 0x72, 0x50, 0x6f, 0x69, 0x6e, 0x74, 0x2e, 0x78, 0x79,
  0x7a, 0x20, 0x2f, 0x20, 0x66, 0x61, 0x72, 0x50, 0x6f, 0x69, 0x6e, 0x74,
  0x2e, 0x77, 0x20, 0x2d, 0x20, 0x6e, 0x65, 0x61, 0x72, 0x50, 0x6f, 0x69,
  0x6e, 0x74, 0x2e, 0x78, 0x79, 0x7a, 0x20, 0x2f, 0x20, 0x6e, 0x65, 0x61,
  0x72, 0x50, 0x6f, 0x69, 0x6e, 0x74, 0x2e, 0x77, 0x29, 0x3b, 0x0a, 0x0a,
  0x20, 0x20, 0x20, 0x20, 0x2f, 0x2f, 0x20, 0x61, 0x74, 0x61, 0x6e, 0x20,
  0x69, 0x73, 0x20, 0x75, 0x6e, 0x64, 0x65, 0x66, 0x69, 0x6e, 0x65, 0x64,
  0x20, 0x61, 0x74, 0x20, 0x74, 0x68, 0x65, 0x20, 0x70, 0x6f, 0x6c, 0x65,
  0x73, 0x2c, 0x20, 0x77, 0x68, 0x65, 0x72, 0x65, 0x20, 0x62, 0x6f, 0x74,
  0x68, 0x20, 0x61, 0x72, 0x67, 0x75, 0x6d, 0x65, 0x6e, 0x74, 0x73, 0x20,
  0x61, 0x72, 0x65, 0x20, 0x7a, 0x65, 0x72, 0x6f, 0x0a, 0x20, 0x20, 0x20,
  0x20, 0x76, 0x65, 0x63, 0x32, 0x20, 0x75, 0x76, 0x20, 0x3d, 0x20, 0x76,
  0x65, 0x63, 0x32, 0x28, 0x61, 0x74, 0x61, 0x6e, 0x28, 0x64, 0x2e, 0x78,
  0x2c, 0x20, 0x64, 0x2e, 0x7a, 0x20, 0x2b, 0x20, 0x31, 0x2e, 0x30, 0x65,
  0x2d, 0x36, 0x29, 0x20, 0x2f, 0x20, 0x28, 0x32, 0x2e, 0x30, 0x20, 0x2a,
  0x20, 0x50, 0x49, 0x29, 0x2c, 0x20, 0x61, 0x63, 0x6f, 0x73, 0x28, 0x63,
  0x6c, 0x61, 0x6d, 0x70, 0x28, 0x64, 0x2e, 0x79, 0x2c, 0x20, 0x2d, 0x31,
  0x2e, 0x30, 0x2c, 0x20, 0x31, 0x2e, 0x30, 0x29, 0x29, 0x20, 0x2f, 0x20,
  0x50, 0x49, 0x29, 0x3b, 0x0a, 0x20, 0x20, 0x20, 0x20, 0x76, 0x65, 0x63,
  0x33, 0x20, 0x63, 0x6f, 0x6c, 0x6f, 0x72, 0x20, 0x3d, 0x20, 0x74, 0x65,
  0x78, 0x74, 0x75, 0x72, 0x65, 0x4c, 0x6f, 0x64, 0x28, 0x73, 0x61, 0x6d,
  0x70, 0x6c, 0x65, 0x72, 0x32, 0x44, 0x28, 0x75, 0x5f, 0x65, 0x6e, 0x76,
  0x69, 0x72, 0x6f, 0x6e, 0x6d, 0x65, 0x6e, 0x74, 0x2c, 0x20, 0x73, 0x5f,
  0x65, 0x6e, 0x76, 0x69, 0x72, 0x6f, 0x6e, 0x6d, 0x65, 0x6e, 0x74, 0x29,
  0x2c, 0x20, 0x75, 0x76, 0x2c, 0x20, 0x62, 0x61, 0x63, 0x6b, 0x67, 0x72,
  0x6f, 0x75, 0x6e, 0x64, 0x2e, 0x69, 0x6e, 0x66, 0x6f, 0x2e, 0x79, 0x29,
  0x2e, 0x72, 0x67, 0x62, 0x3b, 0x0a, 0x0a, 0x20, 0x20, 0x20, 0x20, 0x63,
  0x6f, 0x6c, 0x6f, 0x72, 0x20, 0x3d, 0x20, 0x63, 0x6f, 0x6c, 0x6f, 0x72,
  0x20, 0x2a, 0x20, 0x28, 0x62, 0x61, 0x63, 0x6b, 0x67, 0x72, 0x6f, 0x75,
  0x6e, 0x64, 0x2e, 0x69, 0x6e, 0x66, 0x6f, 0x2e, 0x78, 0x20, 0x2a, 0x20,
  0x62, 0x61, 0x63, 0x6b, 0x67, 0x72, 0x6f, 0x75, 0x6e, 0x64, 0x2e, 0x69,
  0x6e, 0x66, 0x6f, 0x2e, 0x77, 0x29, 0x3b, 0x0a, 0x20, 0x20, 0x20, 0x20,
  0x63, 0x6f, 0x6c, 0x6f, 0x72, 0x20, 0x3d, 0x20, 0x62, 0x61, 0x63, 0x6b,
  0x67, 0x72, 0x6f, 0x75, 0x6e, 0x64, 0x2e, 0x69, 0x6e, 0x66, 0x6f, 0x2e,
  0x7a, 0x20, 0x3e, 0x20, 0x30, 0x2e, 0x35, 0x20, 0x3f, 0x20, 0x61, 0x63,
  0x65, 0x73, 0x46, 0x69, 0x6c, 0x6d, 0x69, 0x63, 0x28, 0x63, 0x6f, 0x6c,
  0x6f, 0x72, 0x29, 0x20, 0x3a, 0x20, 0x63, 0x6f, 0x6c, 0x6f, 0x72, 0x20,
  0x2f, 0x20, 0x28, 0x76, 0x65, 0x63, 0x33, 0x28, 0x31, 0x2e, 0x30, 0x29,
  0x20, 0x2b, 0x20, 0x63, 0x6f, 0x6c, 0x6f, 0x72, 0x29, 0x3b, 0x0a, 0x0a,
  0x20, 0x20, 0x20, 0x20, 0x66, 0x72, 0x61, 0x67, 0x43, 0x6f, 0x6c, 0x6f,
  0x72, 0x20, 0x3d, 0x20, 0x76, 0x65, 0x63, 0x34, 0x28, 0x6c, 0x69, 0x6e,
  0x65, 0x61, 0x72, 0x54, 0x6f, 0x53, 0x72, 0x67, 0x62, 0x28, 0x63, 0x6f,
  0x6c, 0x6f, 0x72, 0x29, 0x2c, 0x20, 0x31, 0x2e, 0x30, 0x29, 0x3b, 0x0a,
  0x7d, 0x0a, 0x00, 0x52, 0x45, 0x46, 0x4c, 0x2e, 0x03, 0x00, 0x00, 0x01,
  0x00, 0x00, 0x00, 0x00, 0x00, 0x00, 0x00, 0x04, 0x00, 0x00, 0x00, 0x6d,
  0x61, 0x69, 0x6e, 0x01, 0x00, 0x00, 0x00, 0x01, 0x00, 0x00, 0x00, 0x00,
  0x00, 0x00, 0x00, 0x0e, 0x00, 0x00, 0x00, 0x42, 0x61, 0x63, 0x6b, 0x67,
  0x72, 0x6f, 0x75, 0x6e, 0x64, 0x44, 0x61, 0x74, 0x61, 0x01, 0x00, 0x00,
  0x00, 0x00, 0x00, 0x00, 0x00, 0x00, 0x00, 0x00, 0x00, 0x00, 0x00, 0x00,
  0x00, 0x01, 0x00, 0x00, 0x00, 0x0f, 0x00, 0x00, 0x00, 0x01, 0x00, 0x00,
  0x00, 0x01, 0x00, 0x00, 0x00, 0x00, 0x00, 0x00, 0x00, 0x00, 0x00, 0x00,
  0x00, 0x00, 0x00, 0x00, 0x00, 0x02, 0x00, 0x00, 0x00, 0x00, 0x00, 0x00,
  0x00, 0x15, 0x00, 0x00, 0x00, 0x69, 0x6e, 0x76, 0x65, 0x72, 0x73, 0x65,
  0x56, 0x69, 0x65, 0x77, 0x50, 0x72, 0x6f, 0x6a, 0x65, 0x63, 0x74, 0x69,
  0x6f, 0x6e, 0x00, 0x00, 0x00, 0x00, 0x40, 0x00, 0x00, 0x00, 0x00, 0x00,
  0x00, 0x00, 0x10, 0x00, 0x00, 0x00, 0x0c, 0x00, 0x00, 0x00, 0x04, 0x00,
  0x00, 0x00, 0x04, 0x00, 0x00, 0x00, 0x20, 0x00, 0x00, 0x00, 0x00, 0x00,
  0x00, 0x00, 0x00, 0x00, 0x00, 0x00, 0x04, 0x00, 0x00, 0x00, 0x69, 0x6e,
  0x66, 0x6f, 0x40, 0x00, 0x00, 0x00, 0x10, 0x00, 0x00, 0x00, 0x00, 0x00,
  0x00, 0x00, 0x00, 0x00, 0x00, 0x00, 0x0c, 0x00, 0x00, 0x00, 0x04, 0x00,
  0x00, 0x00, 0x01, 0x00, 0x00, 0x00, 0x20, 0x00, 0x00, 0x00, 0x00, 0x00,
  0x00, 0x00, 0x00, 0x00, 0x00, 0x00, 0x00, 0x00, 0x00, 0x00, 0x00, 0x00,
  0x00, 0x00, 0x00, 0x00, 0x00, 0x50, 0x00, 0x00, 0x00, 0x44, 0x00, 0x00,
  0x00, 0x00, 0x00, 0x00, 0x00, 0xff, 0xff, 0xff, 0xff, 0x00, 0x00, 0x00,
  0x00, 0x00, 0x00, 0x00, 0x00, 0x01, 0x00, 0x00, 0x00, 0x00, 0x00, 0x00,
  0x00, 0x06, 0x00, 0x00, 0x00, 0x76, 0x5f, 0x63, 0x6c, 0x69, 0x70, 0x03,
  0x00, 0x00, 0x00, 0x00, 0x00, 0x00, 0x00, 0x00, 0x00, 0x00, 0x00, 0x00,
  0x00, 0x00, 0x00, 0x01, 0x00, 0x00, 0x00, 0x0c, 0x00, 0x00, 0x00, 0x02,
  0x00, 0x00, 0x00, 0x01, 0x00, 0x00, 0x00, 0x20, 0x00, 0x00, 0x00, 0x00,
  0x00, 0x00, 0x00, 0x00, 0x00, 0x00, 0x00, 0x00, 0x00, 0x00, 0x00, 0x00,
  0x00, 0x00, 0x00, 0x00, 0x00, 0x00, 0x00, 0x00, 0x00, 0x00, 0x00, 0x00,
  0x00, 0x00, 0x00, 0x00, 0x00, 0x00, 0x4c, 0x00, 0x00, 0x00, 0xff, 0xff,
  0xff, 0xff, 0xff, 0xff, 0xff, 0xff, 0x01, 0x00, 0x00, 0x00, 0x00, 0x00,
  0x00, 0x00, 0x09, 0x00, 0x00, 0x00, 0x66, 0x72, 0x61, 0x67, 0x43, 0x6f,
  0x6c, 0x6f, 0x72, 0x04, 0x00, 0x00, 0x00, 0x00, 0x00, 0x00, 0x00, 0x00,
  0x00, 0x00, 0x00, 0x00, 0x00, 0x00, 0x00, 0x01, 0x00, 0x00, 0x00, 0x0c,
  0x00, 0x00, 0x00, 0x04, 0x00, 0x00, 0x00, 0x01, 0x00, 0x00, 0x00, 0x20,
  0x00, 0x00, 0x00, 0x00, 0x00, 0x00, 0x00, 0x00, 0x00, 0x00, 0x00, 0x00,
  0x00, 0x00, 0x00, 0x00, 0x00, 0x00, 0x00, 0x00, 0x00, 0x00, 0x00, 0x00,
  0x00, 0x00, 0x00, 0x00, 0x00, 0x00, 0x00, 0x00, 0x00, 0x00, 0xae, 0x00,
  0x00, 0x00, 0xff, 0xff, 0xff, 0xff, 0xff, 0xff, 0xff, 0xff, 0x00, 0x00,
  0x00, 0x00, 0x00, 0x00, 0x00, 0x00, 0x00, 0x00, 0x00, 0x00, 0x00, 0x00,
  0x00, 0x00, 0x00, 0x00, 0x00, 0x00, 0x00, 0x00, 0x00, 0x00, 0x00, 0x00,
  0x00, 0x00, 0x00, 0x00, 0x00, 0x00, 0x00, 0x00, 0x00, 0x00, 0x00, 0x00,
  0x00, 0x00, 0x00, 0x00, 0x00, 0x00, 0x00, 0x00, 0x00, 0x00, 0x00, 0x00,
  0x00, 0x00, 0x00, 0x00, 0x00, 0x00, 0x00, 0x00, 0x00, 0x00, 0x00, 0x00,
  0x00, 0x00, 0x00, 0x00, 0x00, 0x00, 0x00, 0x00, 0x00, 0x00, 0x01, 0x00,
  0x00, 0x00, 0x00, 0x00, 0x00, 0x00, 0x0d, 0x00, 0x00, 0x00, 0x75, 0x5f,
  0x65, 0x6e, 0x76, 0x69, 0x72, 0x6f, 0x6e, 0x6d, 0x65, 0x6e, 0x74, 0x0a,
  0x00, 0x00, 0x00, 0x00, 0x00, 0x00, 0x00, 0x01, 0x00, 0x00, 0x00, 0x00,
  0x00, 0x00, 0x00, 0x01, 0x00, 0x00, 0x00, 0x10, 0x00, 0x00, 0x00, 0x01,
  0x00, 0x00, 0x00, 0x01, 0x00, 0x00, 0x00, 0x00, 0x00, 0x00, 0x00, 0x00,
  0x00, 0x00, 0x00, 0x00, 0x00, 0x00, 0x00, 0x00, 0x00, 0x00, 0x00, 0x00,
  0x00, 0x00, 0x00, 0x02, 0x00, 0x00, 0x00, 0x00, 0x00, 0x00, 0x00, 0x00,
  0x00, 0x00, 0x00, 0x00, 0x00, 0x00, 0x85, 0x00, 0x00, 0x00, 0x01, 0x00,
  0x00, 0x00, 0xff, 0xff, 0xff, 0xff, 0x01, 0x00, 0x00, 0x00, 0x00, 0x00,
  0x00, 0x00, 0x0d, 0x00, 0x00, 0x00, 0x73, 0x5f, 0x65, 0x6e, 0x76, 0x69,
  0x72, 0x6f, 0x6e, 0x6d, 0x65, 0x6e, 0x74, 0x0b, 0x00, 0x00, 0x00, 0x00,
  0x00, 0x00, 0x00, 0x02, 0x00, 0x00, 0x00, 0x00, 0x00, 0x00, 0x00, 0x01,
  0x00, 0x00, 0x00, 0x12, 0x00, 0x00, 0x00, 0x01, 0x00, 0x00, 0x00, 0x01,
  0x00, 0x00, 0x00, 0x00, 0x00, 0x00, 0x00, 0x00, 0x00, 0x00, 0x00, 0x00,
  0x00, 0x00, 0x00, 0x00, 0x00, 0x00, 0x00, 0x00, 0x00, 0x00, 0x00, 0x00,
  0x00, 0x00, 0x00, 0x00, 0x00, 0x00, 0x00, 0x00, 0x00, 0x00, 0x00, 0x00,
  0x00, 0x00, 0x89, 0x00, 0x00, 0x00, 0x02, 0x00, 0x00, 0x00, 0xff, 0xff,
  0xff, 0xff, 0x00, 0x00, 0x00, 0x00, 0x00, 0x00, 0x00, 0x00, 0x00, 0x00,
  0x00, 0x00, 0x00, 0x00, 0x00, 0x00, 0x00, 0x00, 0x00, 0x00, 0x00, 0x00,
  0x00, 0x00, 0x01, 0x00, 0x00, 0x00, 0x01, 0x00, 0x00, 0x00, 0x01, 0x00,
  0x00, 0x00, 0x00, 0x00, 0x00, 0x00, 0x00, 0x00, 0x00, 0x00, 0x00, 0x00,
  0x00, 0x00, 0x00, 0x00, 0x01, 0x00, 0x00, 0x00, 0x00, 0x00, 0x00, 0x00,
  0x0d, 0x00, 0x00, 0x00, 0x43, 0x61, 0x70, 0x61, 0x62, 0x69, 0x6c, 0x69,
  0x74, 0x79, 0x28, 0x31, 0x29, 0x00, 0x00, 0x00, 0x00, 0x00, 0x00, 0x00,
  0x00, 0x00, 0x00, 0x00, 0x00, 0x00, 0x00, 0x00, 0x00, 0x00, 0x56, 0x41,
  0x52, 0x54, 0x82, 0x15, 0x00, 0x00, 0x03, 0x00, 0x00, 0x00, 0x04, 0x00,
  0x00, 0x00, 0x6d, 0x61, 0x69, 0x6e, 0x38, 0x08, 0x00, 0x00, 0x23, 0x70,
  0x72, 0x61, 0x67, 0x6d, 0x61, 0x20, 0x63, 0x6c, 0x61, 0x6e, 0x67, 0x20,
  0x64, 0x69, 0x61, 0x67, 0x6e, 0x6f, 0x73, 0x74, 0x69, 0x63, 0x20, 0x69,
  0x67, 0x6e, 0x6f, 0x72, 0x65, 0x64, 0x20, 0x22, 0x2d, 0x57, 0x6d, 0x69,
  0x73, 0x73, 0x69, 0x6e, 0x67, 0x2d, 0x70, 0x72, 0x6f, 0x74, 0x6f, 0x74,
  0x79, 0x70, 0x65, 0x73, 0x22, 0x0a, 0x0a, 0x23, 0x69, 0x6e, 0x63, 0x6c,
  0x75, 0x64, 0x65, 0x20, 0x3c, 0x6d, 0x65, 0x74, 0x61, 0x6c, 0x5f, 0x73,
  0x74, 0x64, 0x6c, 0x69, 0x62, 0x3e, 0x0a, 0x23, 0x69, 0x6e, 0x63, 0x6c,
  0x75, 0x64, 0x65, 0x20, 0x3c, 0x73, 0x69, 0x6d, 0x64, 0x2f, 0x73, 0x69,
  0x6d, 0x64, 0x2e, 0x68, 0x3e, 0x0a, 0x0a, 0x75, 0x73, 0x69, 0x6e, 0x67,
  0x20, 0x6e, 0x61, 0x6d, 0x65, 0x73, 0x70, 0x61, 0x63, 0x65, 0x20, 0x6d,
  0x65, 0x74, 0x61, 0x6c, 0x3b, 0x0a, 0x0a, 0x73, 0x74, 0x72, 0x75, 0x63,
  0x74, 0x20, 0x42, 0x61, 0x63, 0x6b, 0x67, 0x72, 0x6f, 0x75, 0x6e, 0x64,
  0x44, 0x61, 0x74, 0x61, 0x0a, 0x7b, 0x0a, 0x20, 0x20, 0x20, 0x20, 0x66,
  0x6c, 0x6f, 0x61, 0x74, 0x34, 0x78, 0x34, 0x20, 0x69, 0x6e, 0x76, 0x65,
  0x72, 0x73, 0x65, 0x56, 0x69, 0x65, 0x77, 0x50, 0x72, 0x6f, 0x6a, 0x65,
  0x63, 0x74, 0x69, 0x6f, 0x6e, 0x3b, 0x0a, 0x20, 0x20, 0x20, 0x20, 0x66,
  0x6c, 0x6f, 0x61, 0x74, 0x34, 0x20, 0x69, 0x6e, 0x66, 0x6f, 0x3b, 0x0a,
  0x7d, 0x3b, 0x0a, 0x0a, 0x73, 0x74, 0x72, 0x75, 0x63, 0x74, 0x20, 0x6d,
  0x61, 0x69, 0x6e, 0x30, 0x5f, 0x6f, 0x75, 0x74, 0x0a, 0x7b, 0x0a, 0x20,
  0x20, 0x20, 0x20, 0x66, 0x6c, 0x6f, 0x61, 0x74, 0x34, 0x20, 0x66, 0x72,
  0x61, 0x67, 0x43, 0x6f, 0x6c, 0x6f, 0x72, 0x20, 0x5b, 0x5b, 0x63, 0x6f,
  0x6c, 0x6f, 0x72, 0x28, 0x30, 0x29, 0x5d, 0x5d, 0x3b, 0x0a, 0x7d, 0x3b,
  0x0a, 0x0a, 0x73, 0x74, 0x72, 0x75, 0x63, 0x74, 0x20, 0x6d, 0x61, 0x69,
  0x6e, 0x30, 0x5f, 0x69, 0x6e, 0x0a, 0x7b, 0x0a, 0x20, 0x20, 0x20, 0x20,
  0x66, 0x6c, 0x6f, 0x61, 0x74, 0x32, 0x20, 0x76, 0x5f, 0x63, 0x6c, 0x69,
  0x70, 0x20, 0x5b, 0x5b, 0x75, 0x73, 0x65, 0x72, 0x28, 0x6c, 0x6f, 0x63,
  0x6e, 0x30, 0x29, 0x5d, 0x5d, 0x3b, 0x0a, 0x7d, 0x3b, 0x0a, 0x0a, 0x73,
  0x74, 0x61, 0x74, 0x69, 0x63, 0x20, 0x69, 0x6e, 0x6c, 0x69, 0x6e, 0x65,
  0x20, 0x5f, 0x5f, 0x61, 0x74, 0x74, 0x72, 0x69, 0x62, 0x75, 0x74, 0x65,
  0x5f, 0x5f, 0x28, 0x28, 0x61, 0x6c, 0x77, 0x61, 0x79, 0x73, 0x5f, 0x69,
  0x6e, 0x6c, 0x69, 0x6e, 0x65, 0x29, 0x29, 0x0a, 0x66, 0x6c, 0x6f, 0x61,
  0x74, 0x33, 0x20, 0x61, 0x63, 0x65, 0x73, 0x46, 0x69, 0x6c, 0x6d, 0x69,
  0x63, 0x28, 0x74, 0x68, 0x72, 0x65, 0x61, 0x64, 0x20, 0x63, 0x6f, 0x6e,
  0x73, 0x74, 0x20, 0x66, 0x6c, 0x6f, 0x61, 0x74, 0x33, 0x26, 0x20, 0x78,
  0x29, 0x0a, 0x7b, 0x0a, 0x20, 0x20, 0x20, 0x20, 0x72, 0x65, 0x74, 0x75,
  0x72, 0x6e, 0x20, 0x66, 0x61, 0x73, 0x74, 0x3a, 0x3a, 0x63, 0x6c, 0x61,
  0x6d, 0x70, 0x28, 0x28, 0x78, 0x20, 0x2a, 0x20, 0x28, 0x28, 0x78, 0x20,
  0x2a, 0x20, 0x32, 0x2e, 0x35, 0x30, 0x39, 0x39, 0x39, 0x39, 0x39, 0x39,
  0x30, 0x34, 0x36, 0x33, 0x32, 0x35, 0x36, 0x38, 0x33, 0x35, 0x39, 0x33,
  0x37, 0x35, 0x29, 0x20, 0x2b, 0x20, 0x66, 0x6c, 0x6f, 0x61, 0x74, 0x33,
  0x28, 0x30, 0x2e, 0x30, 0x32, 0x39, 0x39, 0x39, 0x39, 0x39, 0x39, 0x39,
  0x33, 0x32, 0x39, 0x34, 0x34, 0x37, 0x37, 0x34, 0x36, 0x32, 0x37, 0x36,
  0x38, 0x35, 0x35, 0x34, 0x36, 0x38, 0x37, 0x35, 0x29, 0x29, 0x29, 0x20,
  0x2f, 0x20, 0x28, 0x28, 0x78, 0x20, 0x2a, 0x20, 0x28, 0x28, 0x78, 0x20,
  0x2a, 0x20, 0x32, 0x2e, 0x34, 0x33, 0x30, 0x30, 0x30, 0x30, 0x30, 0x36,
  0x36, 0x37, 0x35, 0x37, 0x32, 0x30, 0x32, 0x31, 0x34, 0x38, 0x34, 0x33,
  0x37, 0x35, 0x29, 0x20, 0x2b, 0x20, 0x66, 0x6c, 0x6f, 0x61, 0x74, 0x33,
  0x28, 0x30, 0x2e, 0x35, 0x38, 0x39, 0x39, 0x39, 0x39, 0x39, 0x37, 0x33,
  0x37, 0x37, 0x33, 0x39, 0x35, 0x36, 0x32, 0x39, 0x38, 0x38, 0x32, 0x38,
  0x31, 0x32, 0x35, 0x29, 0x29, 0x29, 0x20, 0x2b, 0x20, 0x66, 0x6c, 0x6f,
  0x61, 0x74, 0x33, 0x28, 0x30, 0x2e, 0x31, 0x34, 0x30, 0x30, 0x30, 0x30,
  0x30, 0x30, 0x30, 0x35, 0x39, 0x36, 0x30, 0x34, 0x36, 0x34, 0x34, 0x37,
  0x37, 0x35, 0x33, 0x39, 0x30, 0x36, 0x32, 0x35, 0x29, 0x29, 0x2c, 0x20,
  0x66, 0x6c, 0x6f, 0x61, 0x74, 0x33, 0x28, 0x30, 0x2e, 0x30, 0x29, 0x2c,
  0x20, 0x66, 0x6c, 0x6f, 0x61, 0x74, 0x33, 0x28, 0x31, 0x2e, 0x30, 0x29,
  0x29, 0x3b, 0x0a, 0x7d, 0x0a, 0x0a, 0x73, 0x74, 0x61, 0x74, 0x69, 0x63,
  0x20, 0x69, 0x6e, 0x6c, 0x69, 0x6e, 0x65, 0x20, 0x5f, 0x5f, 0x61, 0x74,
  0x74, 0x72, 0x69, 0x62, 0x75, 0x74, 0x65, 0x5f, 0x5f, 0x28, 0x28, 0x61,
  0x6c, 0x77, 0x61, 0x79, 0x73, 0x5f, 0x69, 0x6e, 0x6c, 0x69, 0x6e, 0x65,
  0x29, 0x29, 0x0a, 0x66, 0x6c, 0x6f, 0x61, 0x74, 0x33, 0x20, 0x6c, 0x69,
  0x6e, 0x65, 0x61, 0x72, 0x54, 0x6f, 0x53, 0x72, 0x67, 0x62, 0x28, 0x74,
  0x68, 0x72, 0x65, 0x61, 0x64, 0x20, 0x63, 0x6f, 0x6e, 0x73, 0x74, 0x20,
  0x66, 0x6c, 0x6f, 0x61, 0x74, 0x33, 0x26, 0x20, 0x63, 0x29, 0x0a, 0x7b,
  0x0a, 0x20, 0x20, 0x20, 0x20, 0x72, 0x65, 0x74, 0x75, 0x72, 0x6e, 0x20,
  0x6d, 0x69, 0x78, 0x28, 0x63, 0x20, 0x2a, 0x20, 0x31, 0x32, 0x2e, 0x39,
  0x32, 0x30, 0x30, 0x30, 0x30, 0x30, 0x37, 0x36, 0x32, 0x39, 0x33, 0x39,
  0x34, 0x35, 0x33, 0x31, 0x32, 0x35, 0x2c, 0x20, 0x28, 0x70, 0x6f, 0x77,
  0x72, 0x28, 0x63, 0x2c, 0x20, 0x66, 0x6c, 0x6f, 0x61, 0x74, 0x33, 0x28,
  0x30, 0x2e, 0x34, 0x31, 0x36, 0x36, 0x36, 0x36, 0x36, 0x35, 0x36, 0x37,
  0x33, 0x32, 0x35, 0x35, 0x39, 0x32, 0x30, 0x34, 0x31, 0x30, 0x31, 0x35,
  0x36, 0x32, 0x35, 0x29, 0x29, 0x20, 0x2a, 0x20, 0x31, 0x2e, 0x30, 0x35,
  0x34, 0x39, 0x39, 0x39, 0x39, 0x34, 0x37, 0x35, 0x34, 0x37, 0x39, 0x31,
  0x32, 0x35, 0x39, 0x37, 0x36, 0x35, 0x36, 0x32, 0x35, 0x29, 0x20, 0x2d,
  0x20, 0x66, 0x6c, 0x6f, 0x61, 0x74, 0x33, 0x28, 0x30, 0x2e, 0x30, 0x35,
  0x34, 0x39, 0x39, 0x39, 0x39, 0x39, 0x39, 0x37, 0x30, 0x31, 0x39, 0x37,
  0x36, 0x37, 0x37, 0x36, 0x31, 0x32, 0x33, 0x30, 0x34, 0x36, 0x38, 0x37,
  0x35, 0x29, 0x2c, 0x20, 0x73, 0x74, 0x65, 0x70, 0x28, 0x66, 0x6c, 0x6f,
  0x61, 0x74, 0x33, 0x28, 0x30, 0x2e, 0x30, 0x30, 0x33, 0x31, 0x33, 0x30,
  0x38, 0x30, 0x30, 0x30, 0x39, 0x30, 0x37, 0x33, 0x30, 0x31, 0x39, 0x30,
  0x32, 0x37, 0x37, 0x30, 0x39, 0x39, 0x36, 0x30, 0x39, 0x33, 0x37, 0x35,
  0x29, 0x2c, 0x20, 0x63, 0x29, 0x29, 0x3b, 0x0a, 0x7d, 0x0a, 0x0a, 0x66,
  0x72, 0x61, 0x67, 0x6d, 0x65, 0x6e, 0x74, 0x20, 0x6d, 0x61, 0x69, 0x6e,
  0x30, 0x5f, 0x6f, 0x75, 0x74, 0x20, 0x6d, 0x61, 0x69, 0x6e, 0x30, 0x28,
  0x6d, 0x61, 0x69, 0x6e, 0x30, 0x5f, 0x69, 0x6e, 0x20, 0x69, 0x6e, 0x20,
  0x5b, 0x5b, 0x73, 0x74, 0x61, 0x67, 0x65, 0x5f, 0x69, 0x6e, 0x5d, 0x5d,
  0x2c, 0x20, 0x63, 0x6f, 0x6e, 0x73, 0x74, 0x61, 0x6e, 0x74, 0x20, 0x42,
  0x61, 0x63, 0x6b, 0x67, 0x72, 0x6f, 0x75, 0x6e, 0x64, 0x44, 0x61, 0x74,
  0x61, 0x26, 0x20, 0x62, 0x61, 0x63, 0x6b, 0x67, 0x72, 0x6f, 0x75, 0x6e,
  0x64, 0x20, 0x5b, 0x5b, 0x62, 0x75, 0x66, 0x66, 0x65, 0x72, 0x28, 0x30,
  0x29, 0x5d, 0x5d, 0x2c, 0x20, 0x74, 0x65, 0x78, 0x74, 0x75, 0x72, 0x65,
  0x32, 0x64, 0x3c, 0x66, 0x6c, 0x6f, 0x61, 0x74, 0x3e, 0x20, 0x75, 0x5f,
  0x65, 0x6e, 0x76, 0x69, 0x72, 0x6f, 0x6e, 0x6d, 0x65, 0x6e, 0x74, 0x20,
  0x5b, 0x5b, 0x74, 0x65, 0x78, 0x74, 0x75, 0x72, 0x65, 0x28, 0x31, 0x29,
  0x5d, 0x5d, 0x2c, 0x20, 0x73, 0x61, 0x6d, 0x70, 0x6c, 0x65, 0x72, 0x20,
  0x73, 0x5f, 0x65, 0x6e, 0x76, 0x69, 0x72, 0x6f, 0x6e, 0x6d, 0x65, 0x6e,
  0x74, 0x20, 0x5b, 0x5b, 0x73, 0x61, 0x6d, 0x70, 0x6c, 0x65, 0x72, 0x28,
  0x32, 0x29, 0x5d, 0x5d, 0x29, 0x0a, 0x7b, 0x0a, 0x20, 0x20, 0x20, 0x20,
  0x6d, 0x61, 0x69, 0x6e, 0x30, 0x5f, 0x6f, 0x75, 0x74, 0x20, 0x6f, 0x75,
  0x74, 0x20, 0x3d, 0x20, 0x7b, 0x7d, 0x3b, 0x0a, 0x20, 0x20, 0x20, 0x20,
  0x66, 0x6c, 0x6f, 0x61, 0x74, 0x34, 0x20, 0x6e, 0x65, 0x61, 0x72, 0x50,
  0x6f, 0x69, 0x6e, 0x74, 0x20, 0x3d, 0x20, 0x62, 0x61, 0x63, 0x6b, 0x67,
  0x72, 0x6f, 0x75, 0x6e, 0x64, 0x2e, 0x69, 0x6e, 0x76, 0x65, 0x72, 0x73,
  0x65, 0x56, 0x69, 0x65, 0x77, 0x50, 0x72, 0x6f, 0x6a, 0x65, 0x63, 0x74,
  0x69, 0x6f, 0x6e, 0x20, 0x2a, 0x20, 0x66, 0x6c, 0x6f, 0x61, 0x74, 0x34,
  0x28, 0x69, 0x6e, 0x2e, 0x76, 0x5f, 0x63, 0x6c, 0x69, 0x70, 0x2c, 0x20,
  0x30, 0x2e, 0x30, 0x2c, 0x20, 0x31, 0x2e, 0x30, 0x29, 0x3b, 0x0a, 0x20,
  0x20, 0x20, 0x20, 0x66, 0x6c, 0x6f, 0x61, 0x74, 0x34, 0x20, 0x66, 0x61,
  0x72, 0x50, 0x6f, 0x69, 0x6e, 0x74, 0x20, 0x3d, 0x20, 0x62, 0x61, 0x63,
  0x6b, 0x67, 0x72, 0x6f, 0x75, 0x6e, 0x64, 0x2e, 0x69, 0x6e, 0x76, 0x65,
  0x72, 0x73, 0x65, 0x56, 0x69, 0x65, 0x77, 0x50, 0x72, 0x6f, 0x6a, 0x65,
  0x63, 0x74, 0x69, 0x6f, 0x6e, 0x20, 0x2a, 0x20, 0x66, 0x6c, 0x6f, 0x61,
  0x74, 0x34, 0x28, 0x69, 0x6e, 0x2e, 0x76, 0x5f, 0x63, 0x6c, 0x69, 0x70,
  0x2c, 0x20, 0x31, 0x2e, 0x30, 0x2c, 0x20, 0x31, 0x2e, 0x30, 0x29, 0x3b,
  0x0a, 0x20, 0x20, 0x20, 0x20, 0x66, 0x6c, 0x6f, 0x61, 0x74, 0x33, 0x20,
  0x64, 0x20, 0x3d, 0x20, 0x66, 0x61, 0x73, 0x74, 0x3a, 0x3a, 0x6e, 0x6f,
  0x72, 0x6d, 0x61, 0x6c, 0x69, 0x7a, 0x65, 0x28, 0x28, 0x66, 0x61, 0x72,
  0x50, 0x6f, 0x69, 0x6e, 0x74, 0x2e, 0x78, 0x79, 0x7a, 0x20, 0x2f, 0x20,
  0x66, 0x6c, 0x6f, 0x61, 0x74, 0x33, 0x28, 0x66, 0x61, 0x72, 0x50, 0x6f,
  0x69, 0x6e, 0x74, 0x2e, 0x77, 0x29, 0x29, 0x20, 0x2d, 0x20, 0x28, 0x6e,
  0x65, 0x61, 0x72, 0x50, 0x6f, 0x69, 0x6e, 0x74, 0x2e, 0x78, 0x79, 0x7a,
  0x20, 0x2f, 0x20, 0x66, 0x6c, 0x6f, 0x61, 0x74, 0x33, 0x28, 0x6e, 0x65,
  0x61, 0x72, 0x50, 0x6f, 0x69, 0x6e, 0x74, 0x2e, 0x77, 0x29, 0x29, 0x29,
  0x3b, 0x0a, 0x20, 0x20, 0x20, 0x20, 0x66, 0x6c, 0x6f, 0x61, 0x74, 0x32,
  0x20, 0x75, 0x76, 0x20, 0x3d, 0x20, 0x66, 0x6c, 0x6f, 0x61, 0x74, 0x32,
  0x28, 0x70, 0x72, 0x65, 0x63, 0x69, 0x73, 0x65, 0x3a, 0x3a, 0x61, 0x74,
  0x61, 0x6e, 0x32, 0x28, 0x64, 0x2e, 0x78, 0x2c, 0x20, 0x64, 0x2e, 0x7a,
  0x20, 0x2b, 0x20, 0x39, 0x2e, 0x39, 0x39, 0x39, 0x39, 0x39, 0x39, 0x39,
  0x37, 0x34, 0x37, 0x35, 0x32, 0x34, 0x32, 0x37, 0x30, 0x37, 0x38, 0x37,
  0x38, 0x33, 0x35, 0x31, 0x32, 0x31, 0x31, 0x35, 0x34, 0x37, 0x38, 0x35,
  0x65, 0x2d, 0x30, 0x37, 0x29, 0x20, 0x2f, 0x20, 0x36, 0x2e, 0x32, 0x38,
  0x33, 0x31, 0x38, 0x35, 0x34, 0x38, 0x32, 0x30, 0x32, 0x35, 0x31, 0x34,
  0x36, 0x34, 0x38, 0x34, 0x33, 0x37, 0x35, 0x2c, 0x20, 0x61, 0x63, 0x6f,
  0x73, 0x28, 0x66, 0x61, 0x73, 0x74, 0x3a, 0x3a, 0x63, 0x6c, 0x61, 0x6d,
  0x70, 0x28, 0x64, 0x2e, 0x79, 0x2c, 0x20, 0x2d, 0x31, 0x2e, 0x30, 0x2c,
  0x20, 0x31, 0x2e, 0x30, 0x29, 0x29, 0x20, 0x2f, 0x20, 0x33, 0x2e, 0x31,
  0x34, 0x31, 0x35, 0x39, 0x32, 0x37, 0x34, 0x31, 0x30, 0x31, 0x32, 0x35,
  0x37, 0x33, 0x32, 0x34, 0x32, 0x31, 0x38, 0x37, 0x35, 0x29, 0x3b, 0x0a,
  0x20, 0x20, 0x20, 0x20, 0x66, 0x6c, 0x6f, 0x61, 0x74, 0x33, 0x20, 0x63,
  0x6f, 0x6c, 0x6f, 0x72, 0x20, 0x3d, 0x20, 0x75, 0x5f, 0x65, 0x6e, 0x76,
  0x69, 0x72, 0x6f, 0x6e, 0x6d, 0x65, 0x6e, 0x74, 0x2e, 0x73, 0x61, 0x6d,
  0x70, 0x6c, 0x65, 0x28, 0x73, 0x5f, 0x65, 0x6e, 0x76, 0x69, 0x72, 0x6f,
  0x6e, 0x6d, 0x65, 0x6e, 0x74, 0x2c, 0x20, 0x75, 0x76, 0x2c, 0x20, 0x6c,
  0x65, 0x76, 0x65, 0x6c, 0x28, 0x62, 0x61, 0x63, 0x6b, 0x67, 0x72, 0x6f,
  0x75, 0x6e, 0x64, 0x2e, 0x69, 0x6e, 0x66, 0x6f, 0x2e, 0x79, 0x29, 0x29,
  0x2e, 0x78, 0x79, 0x7a, 0x3b, 0x0a, 0x20, 0x20, 0x20, 0x20, 0x63, 0x6f,
  0x6c, 0x6f, 0x72, 0x20, 0x2a, 0x3d, 0x20, 0x28, 0x62, 0x61, 0x63, 0x6b,
  0x67, 0x72, 0x6f, 0x75, 0x6e, 0x64, 0x2e, 0x69, 0x6e, 0x66, 0x6f, 0x2e,
  0x78, 0x20, 0x2a, 0x20, 0x62, 0x61, 0x63, 0x6b, 0x67, 0x72, 0x6f, 0x75,
  0x6e, 0x64, 0x2e, 0x69, 0x6e, 0x66, 0x6f, 0x2e, 0x77, 0x29, 0x3b, 0x0a,
  0x20, 0x20, 0x20, 0x20, 0x66, 0x6c, 0x6f, 0x61, 0x74, 0x33, 0x20, 0x5f,
  0x31, 0x36, 0x30, 0x3b, 0x0a, 0x20, 0x20, 0x20, 0x20, 0x69, 0x66, 0x20,
  0x28, 0x62, 0x61, 0x63, 0x6b, 0x67, 0x72, 0x6f, 0x75, 0x6e, 0x64, 0x2e,
  0x69, 0x6e, 0x66, 0x6f, 0x2e, 0x7a, 0x20, 0x3e, 0x20, 0x30, 0x2e, 0x35,
  0x29, 0x0a, 0x20, 0x20, 0x20, 0x20, 0x7b, 0x0a, 0x20, 0x20, 0x20, 0x20,
  0x20, 0x20, 0x20, 0x20, 0x66, 0x6c, 0x6f, 0x61, 0x74, 0x33, 0x20, 0x70,
  0x61, 0x72, 0x61, 0x6d, 0x20, 0x3d, 0x20, 0x63, 0x6f, 0x6c, 0x6f, 0x72,
  0x3b, 0x0a, 0x20, 0x20, 0x20, 0x20, 0x20, 0x20, 0x20, 0x20, 0x5f, 0x31,
  0x36, 0x30, 0x20, 0x3d, 0x20, 0x61, 0x63, 0x65, 0x73, 0x46, 0x69, 0x6c,
  0x6d, 0x69, 0x63, 0x28, 0x70, 0x61, 0x72, 0x61, 0x6d, 0x29, 0x3b, 0x0a,
  0x20, 0x20, 0x20, 0x20, 0x7d, 0x0a, 0x20, 0x20, 0x20, 0x20, 0x65, 0x6c,
  0x73, 0x65, 0x0a, 0x20, 0x20, 0x20, 0x20, 0x7b, 0x0a, 0x20, 0x20, 0x20,
  0x20, 0x20, 0x20, 0x20, 0x20, 0x5f, 0x31, 0x36, 0x30, 0x20, 0x3d, 0x20,
  0x63, 0x6f, 0x6c, 0x6f, 0x72, 0x20, 0x2f, 0x20, 0x28, 0x66, 0x6c, 0x6f,
  0x61, 0x74, 0x33, 0x28, 0x31, 0x2e, 0x30, 0x29, 0x20, 0x2b, 0x20, 0x63,
  0x6f, 0x6c, 0x6f, 0x72, 0x29, 0x3b, 0x0a, 0x20, 0x20, 0x20, 0x20, 0x7d,
  0x0a, 0x20, 0x20, 0x20, 0x20, 0x63, 0x6f, 0x6c, 0x6f, 0x72, 0x20, 0x3d,
  0x20, 0x5f, 0x31, 0x36, 0x30, 0x3b, 0x0a, 0x20, 0x20, 0x20, 0x20, 0x66,
  0x6c, 0x6f, 0x61, 0x74, 0x33, 0x20, 0x70, 0x61, 0x72, 0x61, 0x6d, 0x5f,
  0x31, 0x20, 0x3d, 0x20, 0x63, 0x6f, 0x6c, 0x6f, 0x72, 0x3b, 0x0a, 0x20,
  0x20, 0x20, 0x20, 0x6f, 0x75, 0x74, 0x2e, 0x66, 0x72, 0x61, 0x67, 0x43,
  0x6f, 0x6c, 0x6f, 0x72, 0x20, 0x3d, 0x20, 0x66, 0x6c, 0x6f, 0x61, 0x74,
  0x34, 0x28, 0x6c, 0x69, 0x6e, 0x65, 0x61, 0x72, 0x54, 0x6f, 0x53, 0x72,
  0x67, 0x62, 0x28, 0x70, 0x61, 0x72, 0x61, 0x6d, 0x5f, 0x31, 0x29, 0x2c,
  0x20, 0x31, 0x2e, 0x30, 0x29, 0x3b, 0x0a, 0x20, 0x20, 0x20, 0x20, 0x72,
  0x65, 0x74, 0x75, 0x72, 0x6e, 0x20, 0x6f, 0x75, 0x74, 0x3b, 0x0a, 0x7d,
  0x0a, 0x0a, 0x49, 0x53, 0x52, 0x43, 0xfb, 0x09, 0x00, 0x00, 0x2f, 0x2a,
  0x0a, 0x20, 0x20, 0x3d, 0x3d, 0x3d, 0x3d, 0x3d, 0x3d, 0x3d, 0x3d, 0x3d,
  0x3d, 0x3d, 0x3d, 0x3d, 0x3d, 0x3d, 0x3d, 0x3d, 0x3d, 0x3d, 0x3d, 0x3d,
  0x3d, 0x3d, 0x3d, 0x3d, 0x3d, 0x3d, 0x3d, 0x3d, 0x3d, 0x3d, 0x3d, 0x3d,
  0x3d, 0x3d, 0x3d, 0x3d, 0x3d, 0x3d, 0x3d, 0x3d, 0x3d, 0x3d, 0x3d, 0x3d,
  0x3d, 0x3d, 0x3d, 0x3d, 0x3d, 0x3d, 0x3d, 0x3d, 0x3d, 0x3d, 0x3d, 0x3d,
  0x3d, 0x3d, 0x3d, 0x3d, 0x3d, 0x3d, 0x3d, 0x3d, 0x3d, 0x3d, 0x3d, 0x3d,
  0x3d, 0x3d, 0x3d, 0x3d, 0x3d, 0x3d, 0x3d, 0x3d, 0x3d, 0x0a, 0x0a, 0x20,
  0x20, 0x20, 0x54, 0x68, 0x69, 0x73, 0x20, 0x66, 0x69, 0x6c, 0x65, 0x20,
  0x69, 0x73, 0x20, 0x70, 0x61, 0x72, 0x74, 0x20, 0x6f, 0x66, 0x20, 0x74,
  0x68, 0x65, 0x20, 0x59, 0x55, 0x50, 0x20, 0x6c, 0x69, 0x62, 0x72, 0x61,
  0x72, 0x79, 0x2e, 0x0a, 0x20, 0x20, 0x20, 0x43, 0x6f, 0x70, 0x79, 0x72,
  0x69, 0x67, 0x68, 0x74, 0x20, 0x28, 0x63, 0x29, 0x20, 0x32, 0x30, 0x32,
  0x36, 0x20, 0x2d, 0x20, 0x6b, 0x75, 0x6e, 0x69, 0x74, 0x6f, 0x6b, 0x69,
  0x40, 0x67, 0x6d, 0x61, 0x69, 0x6c, 0x2e, 0x63, 0x6f, 0x6d, 0x0a, 0x0a,
  0x20, 0x20, 0x20, 0x59, 0x55, 0x50, 0x20, 0x69, 0x73, 0x20, 0x61, 0x6e,
  0x20, 0x6f, 0x70, 0x65, 0x6e, 0x20, 0x73, 0x6f, 0x75, 0x72, 0x63, 0x65,
  0x20, 0x6c, 0x69, 0x62, 0x72, 0x61, 0x72, 0x79, 0x20, 0x73, 0x75, 0x62,
  0x6a, 0x65, 0x63, 0x74, 0x20, 0x74, 0x6f, 0x20, 0x6f, 0x70, 0x65, 0x6e,
  0x2d, 0x73, 0x6f, 0x75, 0x72, 0x63, 0x65, 0x20, 0x6c, 0x69, 0x63, 0x65,
  0x6e, 0x73, 0x69, 0x6e, 0x67, 0x2e, 0x0a, 0x0a, 0x20, 0x20, 0x20, 0x54,
  0x68, 0x65, 0x20, 0x63, 0x6f, 0x64, 0x65, 0x20, 0x69, 0x6e, 0x63, 0x6c,
  0x75, 0x64, 0x65, 0x64, 0x20, 0x69, 0x6e, 0x20, 0x74, 0x68, 0x69, 0x73,
  0x20, 0x66, 0x69, 0x6c, 0x65, 0x20, 0x69, 0x73, 0x20, 0x70, 0x72, 0x6f,
  0x76, 0x69, 0x64, 0x65, 0x64, 0x20, 0x75, 0x6e, 0x64, 0x65, 0x72, 0x20,
  0x74, 0x68, 0x65, 0x20, 0x74, 0x65, 0x72, 0x6d, 0x73, 0x20, 0x6f, 0x66,
  0x20, 0x74, 0x68, 0x65, 0x20, 0x49, 0x53, 0x43, 0x20, 0x6c, 0x69, 0x63,
  0x65, 0x6e, 0x73, 0x65, 0x0a, 0x20, 0x20, 0x20, 0x68, 0x74, 0x74, 0x70,
  0x3a, 0x2f, 0x2f, 0x77, 0x77, 0x77, 0x2e, 0x69, 0x73, 0x63, 0x2e, 0x6f,
  0x72, 0x67, 0x2f, 0x64, 0x6f, 0x77, 0x6e, 0x6c, 0x6f, 0x61, 0x64, 0x73,
  0x2f, 0x73, 0x6f, 0x66, 0x74, 0x77, 0x61, 0x72, 0x65, 0x2d, 0x73, 0x75,
  0x70, 0x70, 0x6f, 0x72, 0x74, 0x2d, 0x70, 0x6f, 0x6c, 0x69, 0x63, 0x79,
  0x2f, 0x69, 0x73, 0x63, 0x2d, 0x6c, 0x69, 0x63, 0x65, 0x6e, 0x73, 0x65,
  0x2e, 0x20, 0x50, 0x65, 0x72, 0x6d, 0x69, 0x73, 0x73, 0x69, 0x6f, 0x6e,
  0x0a, 0x20, 0x20, 0x20, 0x74, 0x6f, 0x20, 0x75, 0x73, 0x65, 0x2c, 0x20,
  0x63, 0x6f, 0x70, 0x79, 0x2c, 0x20, 0x6d, 0x6f, 0x64, 0x69, 0x66, 0x79,
  0x2c, 0x20, 0x61, 0x6e, 0x64, 0x2f, 0x6f, 0x72, 0x20, 0x64, 0x69, 0x73,
  0x74, 0x72, 0x69, 0x62, 0x75, 0x74, 0x65, 0x20, 0x74, 0x68, 0x69, 0x73,
  0x20, 0x73, 0x6f, 0x66, 0x74, 0x77, 0x61, 0x72, 0x65, 0x20, 0x66, 0x6f,
  0x72, 0x20, 0x61, 0x6e, 0x79, 0x20, 0x70, 0x75, 0x72, 0x70, 0x6f, 0x73,
  0x65, 0x20, 0x77, 0x69, 0x74, 0x68, 0x20, 0x6f, 0x72, 0x0a, 0x20, 0x20,
  0x20, 0x77, 0x69, 0x74, 0x68, 0x6f, 0x75, 0x74, 0x20, 0x66, 0x65, 0x65,
  0x20, 0x69, 0x73, 0x20, 0x68, 0x65, 0x72, 0x65, 0x62, 0x79, 0x20, 0x67,
  0x72, 0x61, 0x6e, 0x74, 0x65, 0x64, 0x20, 0x70, 0x72, 0x6f, 0x76, 0x69,
  0x64, 0x65, 0x64, 0x20, 0x74, 0x68, 0x61, 0x74, 0x20, 0x74, 0x68, 0x65,
  0x20, 0x61, 0x62, 0x6f, 0x76, 0x65, 0x20, 0x63, 0x6f, 0x70, 0x79, 0x72,
  0x69, 0x67, 0x68, 0x74, 0x20, 0x6e, 0x6f, 0x74, 0x69, 0x63, 0x65, 0x20,
  0x61, 0x6e, 0x64, 0x0a, 0x20, 0x20, 0x20, 0x74, 0x68, 0x69, 0x73, 0x20,
  0x70, 0x65, 0x72, 0x6d, 0x69, 0x73, 0x73, 0x69, 0x6f, 0x6e, 0x20, 0x6e,
  0x6f, 0x74, 0x69, 0x63, 0x65, 0x20, 0x61, 0x70, 0x70, 0x65, 0x61, 0x72,
  0x20, 0x69, 0x6e, 0x20, 0x61, 0x6c, 0x6c, 0x20, 0x63, 0x6f, 0x70, 0x69,
  0x65, 0x73, 0x2e, 0x0a, 0x0a, 0x20, 0x20, 0x20, 0x59, 0x55, 0x50, 0x20,
  0x49, 0x53, 0x20, 0x50, 0x52, 0x4f, 0x56, 0x49, 0x44, 0x45, 0x44, 0x20,
  0x22, 0x41, 0x53, 0x20, 0x49, 0x53, 0x22, 0x20, 0x57, 0x49, 0x54, 0x48,
  0x4f, 0x55, 0x54, 0x20, 0x41, 0x4e, 0x59, 0x20, 0x57, 0x41, 0x52, 0x52,
  0x41, 0x4e, 0x54, 0x59, 0x2c, 0x20, 0x41, 0x4e, 0x44, 0x20, 0x41, 0x4c,
  0x4c, 0x20, 0x57, 0x41, 0x52, 0x52, 0x41, 0x4e, 0x54, 0x49, 0x45, 0x53,
  0x2c, 0x20, 0x57, 0x48, 0x45, 0x54, 0x48, 0x45, 0x52, 0x0a, 0x20, 0x20,
  0x20, 0x45, 0x58, 0x50, 0x52, 0x45, 0x53, 0x53, 0x45, 0x44, 0x20, 0x4f,
  0x52, 0x20, 0x49, 0x4d, 0x50, 0x4c, 0x49, 0x45, 0x44, 0x2c, 0x20, 0x49,
  0x4e, 0x43, 0x4c, 0x55, 0x44, 0x49, 0x4e, 0x47, 0x20, 0x4d, 0x45, 0x52,
  0x43, 0x48, 0x41, 0x4e, 0x54, 0x41, 0x42, 0x49, 0x4c, 0x49, 0x54, 0x59,
  0x20, 0x41, 0x4e, 0x44, 0x20, 0x46, 0x49, 0x54, 0x4e, 0x45, 0x53, 0x53,
  0x20, 0x46, 0x4f, 0x52, 0x20, 0x50, 0x55, 0x52, 0x50, 0x4f, 0x53, 0x45,
  0x2c, 0x20, 0x41, 0x52, 0x45, 0x0a, 0x20, 0x20, 0x20, 0x44, 0x49, 0x53,
  0x43, 0x4c, 0x41, 0x49, 0x4d, 0x45, 0x44, 0x2e, 0x0a, 0x0a, 0x20, 0x20,
  0x3d, 0x3d, 0x3d, 0x3d, 0x3d, 0x3d, 0x3d, 0x3d, 0x3d, 0x3d, 0x3d, 0x3d,
  0x3d, 0x3d, 0x3d, 0x3d, 0x3d, 0x3d, 0x3d, 0x3d, 0x3d, 0x3d, 0x3d, 0x3d,
  0x3d, 0x3d, 0x3d, 0x3d, 0x3d, 0x3d, 0x3d, 0x3d, 0x3d, 0x3d, 0x3d, 0x3d,
  0x3d, 0x3d, 0x3d, 0x3d, 0x3d, 0x3d, 0x3d, 0x3d, 0x3d, 0x3d, 0x3d, 0x3d,
  0x3d, 0x3d, 0x3d, 0x3d, 0x3d, 0x3d, 0x3d, 0x3d, 0x3d, 0x3d, 0x3d, 0x3d,
  0x3d, 0x3d, 0x3d, 0x3d, 0x3d, 0x3d, 0x3d, 0x3d, 0x3d, 0x3d, 0x3d, 0x3d,
  0x3d, 0x3d, 0x3d, 0x3d, 0x3d, 0x3d, 0x0a, 0x2a, 0x2f, 0x0a, 0x0a, 0x23,
  0x76, 0x65, 0x72, 0x73, 0x69, 0x6f, 0x6e, 0x20, 0x34, 0x35, 0x30, 0x0a,
  0x0a, 0x2f, 0x2f, 0x20, 0x53, 0x68, 0x6f, 0x77, 0x73, 0x20, 0x74, 0x68,
  0x65, 0x20, 0x65, 0x6e, 0x76, 0x69, 0x72, 0x6f, 0x6e, 0x6d, 0x65, 0x6e,
  0x74, 0x20, 0x62, 0x65, 0x68, 0x69, 0x6e, 0x64, 0x20, 0x74, 0x68, 0x65,
  0x20, 0x73, 0x63, 0x65, 0x6e, 0x65, 0x2c, 0x20, 0x62, 0x6c, 0x75, 0x72,
  0x72, 0x65, 0x64, 0x20, 0x74, 0x6f, 0x20, 0x6f, 0x6e, 0x65, 0x20, 0x6f,
  0x66, 0x20, 0x69, 0x74, 0x73, 0x20, 0x72, 0x6f, 0x75, 0x67, 0x68, 0x6e,
  0x65, 0x73, 0x73, 0x20, 0x6c, 0x65, 0x76, 0x65, 0x6c, 0x73, 0x2c, 0x20,
  0x65, 0x78, 0x70, 0x6f, 0x73, 0x65, 0x64, 0x20, 0x61, 0x6e, 0x64, 0x0a,
  0x2f, 0x2f, 0x20, 0x74, 0x6f, 0x6e, 0x65, 0x20, 0x6d, 0x61, 0x70, 0x70,
  0x65, 0x64, 0x20, 0x6c, 0x69, 0x6b, 0x65, 0x20, 0x74, 0x68, 0x65, 0x20,
  0x73, 0x75, 0x72, 0x66, 0x61, 0x63, 0x65, 0x73, 0x2e, 0x0a, 0x0a, 0x2f,
  0x2f, 0x20, 0x4d, 0x75, 0x73, 0x74, 0x20, 0x6d, 0x61, 0x74, 0x63, 0x68,
  0x20, 0x42, 0x61, 0x63, 0x6b, 0x67, 0x72, 0x6f, 0x75, 0x6e, 0x64, 0x44,
  0x61, 0x74, 0x61, 0x20, 0x69, 0x6e, 0x20, 0x79, 0x75, 0x70, 0x5f, 0x53,
  0x63, 0x65, 0x6e, 0x65, 0x52, 0x65, 0x6e, 0x64, 0x65, 0x72, 0x65, 0x72,
  0x2e, 0x63, 0x70, 0x70, 0x0a, 0x6c, 0x61, 0x79, 0x6f, 0x75, 0x74, 0x28,
  0x73, 0x65, 0x74, 0x20, 0x3d, 0x20, 0x30, 0x2c, 0x20, 0x62, 0x69, 0x6e,
  0x64, 0x69, 0x6e, 0x67, 0x20, 0x3d, 0x20, 0x30, 0x29, 0x20, 0x75, 0x6e,
  0x69, 0x66, 0x6f, 0x72, 0x6d, 0x20, 0x42, 0x61, 0x63, 0x6b, 0x67, 0x72,
  0x6f, 0x75, 0x6e, 0x64, 0x44, 0x61, 0x74, 0x61, 0x0a, 0x7b, 0x0a, 0x20,
  0x20, 0x20, 0x20, 0x6d, 0x61, 0x74, 0x34, 0x20, 0x69, 0x6e, 0x76, 0x65,
  0x72, 0x73, 0x65, 0x56, 0x69, 0x65, 0x77, 0x50, 0x72, 0x6f, 0x6a, 0x65,
  0x63, 0x74, 0x69, 0x6f, 0x6e, 0x3b, 0x0a, 0x20, 0x20, 0x20, 0x20, 0x76,
  0x65, 0x63, 0x34, 0x20, 0x69, 0x6e, 0x66, 0x6f, 0x3b, 0x20, 0x20, 0x20,
  0x20, 0x20, 0x20, 0x20, 0x20, 0x20, 0x20, 0x20, 0x20, 0x20, 0x20, 0x20,
  0x20, 0x2f, 0x2f, 0x20, 0x78, 0x20, 0x69, 0x6e, 0x74, 0x65, 0x6e, 0x73,
  0x69, 0x74, 0x79, 0x2c, 0x20, 0x79, 0x20, 0x6c, 0x65, 0x76, 0x65, 0x6c,
  0x2c, 0x20, 0x7a, 0x20, 0x74, 0x6f, 0x6e, 0x65, 0x20, 0x6d, 0x61, 0x70,
  0x70, 0x69, 0x6e, 0x67, 0x20, 0x28, 0x30, 0x20, 0x52, 0x65, 0x69, 0x6e,
  0x68, 0x61, 0x72, 0x64, 0x2c, 0x20, 0x31, 0x20, 0x41, 0x43, 0x45, 0x53,
  0x29, 0x2c, 0x20, 0x77, 0x20, 0x65, 0x78, 0x70, 0x6f, 0x73, 0x75, 0x72,
  0x65, 0x0a, 0x7d, 0x20, 0x62, 0x61, 0x63, 0x6b, 0x67, 0x72, 0x6f, 0x75,
  0x6e, 0x64, 0x3b, 0x0a, 0x0a, 0x6c, 0x61, 0x79, 0x6f, 0x75, 0x74, 0x28,
  0x73, 0x65, 0x74, 0x20, 0x3d, 0x20, 0x30, 0x2c, 0x20, 0x62, 0x69, 0x6e,
  0x64, 0x69, 0x6e, 0x67, 0x20, 0x3d, 0x20, 0x31, 0x29, 0x20, 0x75, 0x6e,
  0x69, 0x66, 0x6f, 0x72, 0x6d, 0x20, 0x74, 0x65, 0x78, 0x74, 0x75, 0x72,
  0x65, 0x32, 0x44, 0x20, 0x75, 0x5f, 0x65, 0x6e, 0x76, 0x69, 0x72, 0x6f,
  0x6e, 0x6d, 0x65, 0x6e, 0x74, 0x3b, 0x0a, 0x6c, 0x61, 0x79, 0x6f, 0x75,
  0x74, 0x28, 0x73, 0x65, 0x74, 0x20, 0x3d, 0x20, 0x30, 0x2c, 0x20, 0x62,
  0x69, 0x6e, 0x64, 0x69, 0x6e, 0x67, 0x20, 0x3d, 0x20, 0x32, 0x29, 0x20,
  0x75, 0x6e, 0x69, 0x66, 0x6f, 0x72, 0x6d, 0x20, 0x73, 0x61, 0x6d, 0x70,
  0x6c, 0x65, 0x72, 0x20, 0x73, 0x5f, 0x65, 0x6e, 0x76, 0x69, 0x72, 0x6f,
  0x6e, 0x6d, 0x65, 0x6e, 0x74, 0x3b, 0x0a, 0x0a, 0x6c, 0x61, 0x79, 0x6f,
  0x75, 0x74, 0x28, 0x6c, 0x6f, 0x63, 0x61, 0x74, 0x69, 0x6f, 0x6e, 0x20,
  0x3d, 0x20, 0x30, 0x29, 0x20, 0x69, 0x6e, 0x20, 0x76, 0x65, 0x63, 0x32,
  0x20, 0x76, 0x5f, 0x63, 0x6c, 0x69, 0x70, 0x3b, 0x0a, 0x0a, 0x6c, 0x61,
  0x79, 0x6f, 0x75, 0x74, 0x28, 0x6c, 0x6f, 0x63, 0x61, 0x74, 0x69, 0x6f,
  0x6e, 0x20, 0x3d, 0x20, 0x30, 0x29, 0x20, 0x6f, 0x75, 0x74, 0x20, 0x76,
  0x65, 0x63, 0x34, 0x20, 0x66, 0x72, 0x61, 0x67, 0x43, 0x6f, 0x6c, 0x6f,
  0x72, 0x3b, 0x0a, 0x0a, 0x63, 0x6f, 0x6e, 0x73, 0x74, 0x20, 0x66, 0x6c,
  0x6f, 0x61, 0x74, 0x20, 0x50, 0x49, 0x20, 0x3d, 0x20, 0x33, 0x2e, 0x31,
  0x34, 0x31, 0x35, 0x39, 0x32, 0x36, 0x35, 0x33, 0x35, 0x39, 0x3b, 0x0a,
  0x0a, 0x76, 0x65, 0x63, 0x33, 0x20, 0x6c, 0x69, 0x6e, 0x65, 0x61, 0x72,
  0x54, 0x6f, 0x53, 0x72, 0x67, 0x62, 0x28, 0x76, 0x65, 0x63, 0x33, 0x20,
  0x63, 0x29, 0x0a, 0x7b, 0x0a, 0x20, 0x20, 0x20, 0x20, 0x72, 0x65, 0x74,
  0x75, 0x72, 0x6e, 0x20, 0x6d, 0x69, 0x78, 0x28, 0x63, 0x20, 0x2a, 0x20,
  0x31, 0x32, 0x2e, 0x39, 0x32, 0x2c, 0x20, 0x31, 0x2e, 0x30, 0x35, 0x35,
  0x20, 0x2a, 0x20, 0x70, 0x6f, 0x77, 0x28, 0x63, 0x2c, 0x20, 0x76, 0x65,
  0x63, 0x33, 0x28, 0x31, 0x2e, 0x30, 0x20, 0x2f, 0x20, 0x32, 0x2e, 0x34,
  0x29, 0x29, 0x20, 0x2d, 0x20, 0x30, 0x2e, 0x30, 0x35, 0x35, 0x2c, 0x20,
  0x73, 0x74, 0x65, 0x70, 0x28, 0x76, 0x65, 0x63, 0x33, 0x28, 0x30, 0x2e,
  0x30, 0x30, 0x33, 0x31, 0x33, 0x30, 0x38, 0x29, 0x2c, 0x20, 0x63, 0x29,
  0x29, 0x3b, 0x0a, 0x7d, 0x0a, 0x0a, 0x76, 0x65, 0x63, 0x33, 0x20, 0x61,
  0x63, 0x65, 0x73, 0x46, 0x69, 0x6c, 0x6d, 0x69, 0x63, 0x28, 0x76, 0x65,
  0x63, 0x33, 0x20, 0x78, 0x29, 0x0a, 0x7b, 0x0a, 0x20, 0x20, 0x20, 0x20,
  0x72, 0x65, 0x74, 0x75, 0x72, 0x6e, 0x20, 0x63, 0x6c, 0x61, 0x6d, 0x70,
  0x28, 0x28, 0x78, 0x20, 0x2a, 0x20, 0x28, 0x32, 0x2e, 0x35, 0x31, 0x20,
  0x2a, 0x20, 0x78, 0x20, 0x2b, 0x20, 0x30, 0x2e, 0x30, 0x33, 0x29, 0x29,
  0x20, 0x2f, 0x20, 0x28, 0x78, 0x20, 0x2a, 0x20, 0x28, 0x32, 0x2e, 0x34,
  0x33, 0x20, 0x2a, 0x20, 0x78, 0x20, 0x2b, 0x20, 0x30, 0x2e, 0x35, 0x39,
  0x29, 0x20, 0x2b, 0x20, 0x30, 0x2e, 0x31, 0x34, 0x29, 0x2c, 0x20, 0x30,
  0x2e, 0x30, 0x2c, 0x20, 0x31, 0x2e, 0x30, 0x29, 0x3b, 0x0a, 0x7d, 0x0a,
  0x0a, 0x76, 0x6f, 0x69, 0x64, 0x20, 0x6d, 0x61, 0x69, 0x6e, 0x28, 0x29,
  0x0a, 0x7b, 0x0a, 0x20, 0x20, 0x20, 0x20, 0x2f, 0x2f, 0x20, 0x46, 0x72,
  0x6f, 0x6d, 0x20, 0x74, 0x68, 0x65, 0x20, 0x6e, 0x65, 0x61, 0x72, 0x20,
  0x74, 0x6f, 0x20, 0x74, 0x68, 0x65, 0x20, 0x66, 0x61, 0x72, 0x20, 0x70,
  0x6c, 0x61, 0x6e, 0x65, 0x20, 0x74, 0x68, 0x72, 0x6f, 0x75, 0x67, 0x68,
  0x20, 0x74, 0x68, 0x69, 0x73, 0x20, 0x70, 0x69, 0x78, 0x65, 0x6c, 0x2c,
  0x20, 0x66, 0x6f, 0x72, 0x20, 0x70, 0x65, 0x72, 0x73, 0x70, 0x65, 0x63,
  0x74, 0x69, 0x76, 0x65, 0x20, 0x61, 0x6e, 0x64, 0x20, 0x6f, 0x72, 0x74,
  0x68, 0x6f, 0x67, 0x72, 0x61, 0x70, 0x68, 0x69, 0x63, 0x20, 0x63, 0x61,
  0x6d, 0x65, 0x72, 0x61, 0x73, 0x0a, 0x20, 0x20, 0x20, 0x20, 0x76, 0x65,
  0x63, 0x34, 0x20, 0x6e, 0x65, 0x61, 0x72, 0x50, 0x6f, 0x69, 0x6e, 0x74,
  0x20, 0x3d, 0x20, 0x62, 0x61, 0x63, 0x6b, 0x67, 0x72, 0x6f, 0x75, 0x6e,
  0x64, 0x2e, 0x69, 0x6e, 0x76, 0x65, 0x72, 0x73, 0x65, 0x56, 0x69, 0x65,
  0x77, 0x50, 0x72, 0x6f, 0x6a, 0x65, 0x63, 0x74, 0x69, 0x6f, 0x6e, 0x20,
  0x2a, 0x20, 0x76, 0x65, 0x63, 0x34, 0x28, 0x76, 0x5f, 0x63, 0x6c, 0x69,
  0x70, 0x2c, 0x20, 0x30, 0x2e, 0x30, 0x2c, 0x20, 0x31, 0x2e, 0x30, 0x29,
  0x3b, 0x0a, 0x20, 0x20, 0x20, 0x20, 0x76, 0x65, 0x63, 0x34, 0x20, 0x66,
  0x61, 0x72, 0x50, 0x6f, 0x69, 0x6e, 0x74, 0x20, 0x3d, 0x20, 0x62, 0x61,
  0x63, 0x6b, 0x67, 0x72, 0x6f, 0x75, 0x6e, 0x64, 0x2e, 0x69, 0x6e, 0x76,
  0x65, 0x72, 0x73, 0x65, 0x56, 0x69, 0x65, 0x77, 0x50, 0x72, 0x6f, 0x6a,
  0x65, 0x63, 0x74, 0x69, 0x6f, 0x6e, 0x20, 0x2a, 0x20, 0x76, 0x65, 0x63,
  0x34, 0x28, 0x76, 0x5f, 0x63, 0x6c, 0x69, 0x70, 0x2c, 0x20, 0x31, 0x2e,
  0x30, 0x2c, 0x20, 0x31, 0x2e, 0x30, 0x29, 0x3b, 0x0a, 0x20, 0x20, 0x20,
  0x20, 0x76, 0x65, 0x63, 0x33, 0x20, 0x64, 0x20, 0x3d, 0x20, 0x6e, 0x6f,
  0x72, 0x6d, 0x61, 0x6c, 0x69, 0x7a, 0x65, 0x28, 0x66, 0x61, 0x72, 0x50,
  0x6f, 0x69, 0x6e, 0x74, 0x2e, 0x78, 0x79, 0x7a, 0x20, 0x2f, 0x20, 0x66,
  0x61, 0x72, 0x50, 0x6f, 0x69, 0x6e, 0x74, 0x2e, 0x77, 0x20, 0x2d, 0x20,
  0x6e, 0x65, 0x61, 0x72, 0x50, 0x6f, 0x69, 0x6e, 0x74, 0x2e, 0x78, 0x79,
  0x7a, 0x20, 0x2f, 0x20, 0x6e, 0x65, 0x61, 0x72, 0x50, 0x6f, 0x69, 0x6e,
  0x74, 0x2e, 0x77, 0x29, 0x3b, 0x0a, 0x0a, 0x20, 0x20, 0x20, 0x20, 0x2f,
  0x2f, 0x20, 0x61, 0x74, 0x61, 0x6e, 0x20, 0x69, 0x73, 0x20, 0x75, 0x6e,
  0x64, 0x65, 0x66, 0x69, 0x6e, 0x65, 0x64, 0x20, 0x61, 0x74, 0x20, 0x74,
  0x68, 0x65, 0x20, 0x70, 0x6f, 0x6c, 0x65, 0x73, 0x2c, 0x20, 0x77, 0x68,
  0x65, 0x72, 0x65, 0x20, 0x62, 0x6f, 0x74, 0x68, 0x20, 0x61, 0x72, 0x67,
  0x75, 0x6d, 0x65, 0x6e, 0x74, 0x73, 0x20, 0x61, 0x72, 0x65, 0x20, 0x7a,
  0x65, 0x72, 0x6f, 0x0a, 0x20, 0x20, 0x20, 0x20, 0x76, 0x65, 0x63, 0x32,
  0x20, 0x75, 0x76, 0x20, 0x3d, 0x20, 0x76, 0x65, 0x63, 0x32, 0x28, 0x61,
  0x74, 0x61, 0x6e, 0x28, 0x64, 0x2e, 0x78, 0x2c, 0x20, 0x64, 0x2e, 0x7a,
  0x20, 0x2b, 0x20, 0x31, 0x2e, 0x30, 0x65, 0x2d, 0x36, 0x29, 0x20, 0x2f,
  0x20, 0x28, 0x32, 0x2e, 0x30, 0x20, 0x2a, 0x20, 0x50, 0x49, 0x29, 0x2c,
  0x20, 0x61, 0x63, 0x6f, 0x73, 0x28, 0x63, 0x6c, 0x61, 0x6d, 0x70, 0x28,
  0x64, 0x2e, 0x79, 0x2c, 0x20, 0x2d, 0x31, 0x2e, 0x30, 0x2c, 0x20, 0x31,
  0x2e, 0x30, 0x29, 0x29, 0x20, 0x2f, 0x20, 0x50, 0x49, 0x29, 0x3b, 0x0a,
  0x20, 0x20, 0x20, 0x20, 0x76, 0x65, 0x63, 0x33, 0x20, 0x63, 0x6f, 0x6c,
  0x6f, 0x72, 0x20, 0x3d, 0x20, 0x74, 0x65, 0x78, 0x74, 0x75, 0x72, 0x65,
  0x4c, 0x6f, 0x64, 0x28, 0x73, 0x61, 0x6d, 0x70, 0x6c, 0x65, 0x72, 0x32,
  0x44, 0x28, 0x75, 0x5f, 0x65, 0x6e, 0x76, 0x69, 0x72, 0x6f, 0x6e, 0x6d,
  0x65, 0x6e, 0x74, 0x2c, 0x20, 0x73, 0x5f, 0x65, 0x6e, 0x76, 0x69, 0x72,
  0x6f, 0x6e, 0x6d, 0x65, 0x6e, 0x74, 0x29, 0x2c, 0x20, 0x75, 0x76, 0x2c,
  0x20, 0x62, 0x61, 0x63, 0x6b, 0x67, 0x72, 0x6f, 0x75, 0x6e, 0x64, 0x2e,
  0x69, 0x6e, 0x66, 0x6f, 0x2e, 0x79, 0x29, 0x2e, 0x72, 0x67, 0x62, 0x3b,
  0x0a, 0x0a, 0x20, 0x20, 0x20, 0x20, 0x63, 0x6f, 0x6c, 0x6f, 0x72, 0x20,
  0x3d, 0x20, 0x63, 0x6f, 0x6c, 0x6f, 0x72, 0x20, 0x2a, 0x20, 0x28, 0x62,
  0x61, 0x63, 0x6b, 0x67, 0x72, 0x6f, 0x75, 0x6e, 0x64, 0x2e, 0x69, 0x6e,
  0x66, 0x6f, 0x2e, 0x78, 0x20, 0x2a, 0x20, 0x62, 0x61, 0x63, 0x6b, 0x67,
  0x72, 0x6f, 0x75, 0x6e, 0x64, 0x2e, 0x69, 0x6e, 0x66, 0x6f, 0x2e, 0x77,
  0x29, 0x3b, 0x0a, 0x20, 0x20, 0x20, 0x20, 0x63, 0x6f, 0x6c, 0x6f, 0x72,
  0x20, 0x3d, 0x20, 0x62, 0x61, 0x63, 0x6b, 0x67, 0x72, 0x6f, 0x75, 0x6e,
  0x64, 0x2e, 0x69, 0x6e, 0x66, 0x6f, 0x2e, 0x7a, 0x20, 0x3e, 0x20, 0x30,
  0x2e, 0x35, 0x20, 0x3f, 0x20, 0x61, 0x63, 0x65, 0x73, 0x46, 0x69, 0x6c,
  0x6d, 0x69, 0x63, 0x28, 0x63, 0x6f, 0x6c, 0x6f, 0x72, 0x29, 0x20, 0x3a,
  0x20, 0x63, 0x6f, 0x6c, 0x6f, 0x72, 0x20, 0x2f, 0x20, 0x28, 0x76, 0x65,
  0x63, 0x33, 0x28, 0x31, 0x2e, 0x30, 0x29, 0x20, 0x2b, 0x20, 0x63, 0x6f,
  0x6c, 0x6f, 0x72, 0x29, 0x3b, 0x0a, 0x0a, 0x20, 0x20, 0x20, 0x20, 0x66,
  0x72, 0x61, 0x67, 0x43, 0x6f, 0x6c, 0x6f, 0x72, 0x20, 0x3d, 0x20, 0x76,
  0x65, 0x63, 0x34, 0x28, 0x6c, 0x69, 0x6e, 0x65, 0x61, 0x72, 0x54, 0x6f,
  0x53, 0x72, 0x67, 0x62, 0x28, 0x63, 0x6f, 0x6c, 0x6f, 0x72, 0x29, 0x2c,
  0x20, 0x31, 0x2e, 0x30, 0x29, 0x3b, 0x0a, 0x7d, 0x0a, 0x00, 0x52, 0x45,
  0x46, 0x4c, 0x2e, 0x03, 0x00, 0x00, 0x01, 0x00, 0x00, 0x00, 0x00, 0x00,
  0x00, 0x00, 0x04, 0x00, 0x00, 0x00, 0x6d, 0x61, 0x69, 0x6e, 0x01, 0x00,
  0x00, 0x00, 0x01, 0x00, 0x00, 0x00, 0x00, 0x00, 0x00, 0x00, 0x0e, 0x00,
  0x00, 0x00, 0x42, 0x61, 0x63, 0x6b, 0x67, 0x72, 0x6f, 0x75, 0x6e, 0x64,
  0x44, 0x61, 0x74, 0x61, 0x01, 0x00, 0x00, 0x00, 0x00, 0x00, 0x00, 0x00,
  0x00, 0x00, 0x00, 0x00, 0x00, 0x00, 0x00, 0x00, 0x01, 0x00, 0x00, 0x00,
  0x0f, 0x00, 0x00, 0x00, 0x01, 0x00, 0x00, 0x00, 0x01, 0x00, 0x00, 0x00,
  0x00, 0x00, 0x00, 0x00, 0x00, 0x00, 0x00, 0x00, 0x00, 0x00, 0x00, 0x00,
  0x02, 0x00, 0x00, 0x00, 0x00, 0x00, 0x00, 0x00, 0x15, 0x00, 0x00, 0x00,
  0x69, 0x6e, 0x76, 0x65, 0x72, 0x73, 0x65, 0x56, 0x69, 0x65, 0x77, 0x50,
  0x72, 0x6f, 0x6a, 0x65, 0x63, 0x74, 0x69, 0x6f, 0x6e, 0x00, 0x00, 0x00,
  0x00, 0x40, 0x00, 0x00, 0x00, 0x00, 0x00, 0x00, 0x00, 0x10, 0x00, 0x00,
  0x00, 0x0c, 0x00, 0x00, 0x00, 0x04, 0x00, 0x00, 0x00, 0x04, 0x00, 0x00,
  0x00, 0x20, 0x00, 0x00, 0x00, 0x00, 0x00, 0x00, 0x00, 0x00, 0x00, 0x00,
  0x00, 0x04, 0x00, 0x00, 0x00, 0x69, 0x6e, 0x66, 0x6f, 0x40, 0x00, 0x00,
  0x00, 0x10, 0x00, 0x00, 0x00, 0x00, 0x00, 0x00, 0x00, 0x00, 0x00, 0x00,
  0x00, 0x0c, 0x00, 0x00, 0x00, 0x04, 0x00, 0x00, 0x00, 0x01, 0x00, 0x00,
  0x00, 0x20, 0x00, 0x00, 0x00, 0x00, 0x00, 0x00, 0x00, 0x00, 0x00, 0x00,
  0x00, 0x00, 0x00, 0x00, 0x00, 0x00, 0x00, 0x00, 0x00, 0x00, 0x00, 0x00,
  0x50, 0x00, 0x00, 0x00, 0x44, 0x00, 0x00, 0x00, 0x00, 0x00, 0x00, 0x00,
  0xff, 0xff, 0xff, 0xff, 0x00, 0x00, 0x00, 0x00, 0x00, 0x00, 0x00, 0x00,
  0x01, 0x00, 0x00, 0x00, 0x00, 0x00, 0x00, 0x00, 0x06, 0x00, 0x00, 0x00,
  0x76, 0x5f, 0x63, 0x6c, 0x69, 0x70, 0x03, 0x00, 0x00, 0x00, 0x00, 0x00,
  0x00, 0x00, 0x00, 0x00, 0x00, 0x00, 0x00, 0x00, 0x00, 0x00, 0x01, 0x00,
  0x00, 0x00, 0x0c, 0x00, 0x00, 0x00, 0x02, 0x00, 0x00, 0x00, 0x01, 0x00,
  0x00, 0x00, 0x20, 0x00, 0x00, 0x00, 0x00, 0x00, 0x00, 0x00, 0x00, 0x00,
  0x00, 0x00, 0x00, 0x00, 0x00, 0x00, 0x00, 0x00, 0x00, 0x00, 0x00, 0x00,
  0x00, 0x00, 0x00, 0x00, 0x00, 0x00, 0x00, 0x00, 0x00, 0x00, 0x00, 0x00,
  0x00, 0x4c, 0x00, 0x00, 0x00, 0xff, 0xff, 0xff, 0xff, 0xff, 0xff, 0xff,
  0xff, 0x01, 0x00, 0x00, 0x00, 0x00, 0x00, 0x00, 0x00, 0x09, 0x00, 0x00,
  0x00, 0x66, 0x72, 0x61, 0x67, 0x43, 0x6f, 0x6c, 0x6f, 0x72, 0x04, 0x00,
  0x00, 0x00, 0x00, 0x00, 0x00, 0x00, 0x00, 0x00, 0x00, 0x00, 0x00, 0x00,
  0x00, 0x00, 0x01, 0x00, 0x00, 0x00, 0x0c, 0x00, 0x00, 0x00, 0x04, 0x00,
  0x00, 0x00, 0x01, 0x00, 0x00, 0x00, 0x20, 0x00, 0x00, 0x00, 0x00, 0x00,
  0x00, 0x00, 0x00, 0x00, 0x00, 0x00, 0x00, 0x00, 0x00, 0x00, 0x00, 0x00,
  0x00, 0x00, 0x00, 0x00, 0x00, 0x00, 0x00, 0x00, 0x00, 0x00, 0x00, 0x00,
  0x00, 0x00, 0x00, 0x00, 0x00, 0xae, 0x00, 0x00, 0x00, 0xff, 0xff, 0xff,
  0xff, 0xff, 0xff, 0xff, 0xff, 0x00, 0x00, 0x00, 0x00, 0x00, 0x00, 0x00,
  0x00, 0x00, 0x00, 0x00, 0x00, 0x00, 0x00, 0x00, 0x00, 0x00, 0x00, 0x00,
  0x00, 0x00, 0x00, 0x00, 0x00, 0x00, 0x00, 0x00, 0x00, 0x00, 0x00, 0x00,
  0x00, 0x00, 0x00, 0x00, 0x00, 0x00, 0x00, 0x00, 0x00, 0x00, 0x00, 0x00,
  0x00, 0x00, 0x00, 0x00, 0x00, 0x00, 0x00, 0x00, 0x00, 0x00, 0x00, 0x00,
  0x00, 0x00, 0x00, 0x00, 0x00, 0x00, 0x00, 0x00, 0x00, 0x00, 0x00, 0x00,
  0x00, 0x00, 0x00, 0x00, 0x00, 0x01, 0x00, 0x00, 0x00, 0x00, 0x00, 0x00,
  0x00, 0x0d, 0x00, 0x00, 0x00, 0x75, 0x5f, 0x65, 0x6e, 0x76, 0x69, 0x72,
  0x6f, 0x6e, 0x6d, 0x65, 0x6e, 0x74, 0x0a, 0x00, 0x00, 0x00, 0x00, 0x00,
  0x00, 0x00, 0x01, 0x00, 0x00, 0x00, 0x00, 0x00, 0x00, 0x00, 0x01, 0x00,
  0x00, 0x00, 0x10, 0x00, 0x00, 0x00, 0x01, 0x00, 0x00, 0x00, 0x01, 0x00,
  0x00, 0x00, 0x00, 0x00, 0x00, 0x00, 0x00, 0x00, 0x00, 0x00, 0x00, 0x00,
  0x00, 0x00, 0x00, 0x00, 0x00, 0x00, 0x00, 0x00, 0x00, 0x00, 0x02, 0x00,
  0x00, 0x00, 0x00, 0x00, 0x00, 0x00, 0x00, 0x00, 0x00, 0x00, 0x00, 0x00,
  0x00, 0x85, 0x00, 0x00, 0x00, 0x01, 0x00, 0x00, 0x00, 0xff, 0xff, 0xff,
  0xff, 0x01, 0x00, 0x00, 0x00, 0x00, 0x00, 0x00, 0x00, 0x0d, 0x00, 0x00,
  0x00, 0x73, 0x5f, 0x65, 0x6e, 0x76, 0x69, 0x72, 0x6f, 0x6e, 0x6d, 0x65,
  0x6e, 0x74, 0x0b, 0x00, 0x00, 0x00, 0x00, 0x00, 0x00, 0x00, 0x02, 0x00,
  0x00, 0x00, 0x00, 0x00, 0x00, 0x00, 0x01, 0x00, 0x00, 0x00, 0x12, 0x00,
  0x00, 0x00, 0x01, 0x00, 0x00, 0x00, 0x01, 0x00, 0x00, 0x00, 0x00, 0x00,
  0x00, 0x00, 0x00, 0x00, 0x00, 0x00, 0x00, 0x00, 0x00, 0x00, 0x00, 0x00,
  0x00, 0x00, 0x00, 0x00, 0x00, 0x00, 0x00, 0x00, 0x00, 0x00, 0x00, 0x00,
  0x00, 0x00, 0x00, 0x00, 0x00, 0x00, 0x00, 0x00, 0x00, 0x89, 0x00, 0x00,
  0x00, 0x02, 0x00, 0x00, 0x00, 0xff, 0xff, 0xff, 0xff, 0x00, 0x00, 0x00,
  0x00, 0x00, 0x00, 0x00, 0x00, 0x00, 0x00, 0x00, 0x00, 0x00, 0x00, 0x00,
  0x00, 0x00, 0x00, 0x00, 0x00, 0x00, 0x00, 0x00, 0x00, 0x01, 0x00, 0x00,
  0x00, 0x01, 0x00, 0x00, 0x00, 0x01, 0x00, 0x00, 0x00, 0x00, 0x00, 0x00,
  0x00, 0x00, 0x00, 0x00, 0x00, 0x00, 0x00, 0x00, 0x00, 0x00, 0x00, 0x01,
  0x00, 0x00, 0x00, 0x00, 0x00, 0x00, 0x00, 0x0d, 0x00, 0x00, 0x00, 0x43,
  0x61, 0x70, 0x61, 0x62, 0x69, 0x6c, 0x69, 0x74, 0x79, 0x28, 0x31, 0x29,
  0x00, 0x00, 0x00, 0x00, 0x00, 0x00, 0x00, 0x00, 0x00, 0x00, 0x00, 0x00,
  0x00, 0x00, 0x00, 0x00, 0x56, 0x41, 0x52, 0x54, 0x73, 0x15, 0x00, 0x00,
  0x05, 0x00, 0x00, 0x00, 0x04, 0x00, 0x00, 0x00, 0x6d, 0x61, 0x69, 0x6e,
  0x29, 0x08, 0x00, 0x00, 0x64, 0x69, 0x61, 0x67, 0x6e, 0x6f, 0x73, 0x74,
  0x69, 0x63, 0x28, 0x6f, 0x66, 0x66, 0x2c, 0x20, 0x64, 0x65, 0x72, 0x69,
  0x76, 0x61, 0x74, 0x69, 0x76, 0x65, 0x5f, 0x75, 0x6e, 0x69, 0x66, 0x6f,
  0x72, 0x6d, 0x69, 0x74, 0x79, 0x29, 0x3b, 0x0a, 0x0a, 0x73, 0x74, 0x72,
  0x75, 0x63, 0x74, 0x20, 0x42, 0x61, 0x63, 0x6b, 0x67, 0x72, 0x6f, 0x75,
  0x6e, 0x64, 0x44, 0x61, 0x74, 0x61, 0x20, 0x7b, 0x0a, 0x20, 0x20, 0x20,
  0x20, 0x69, 0x6e, 0x76, 0x65, 0x72, 0x73, 0x65, 0x56, 0x69, 0x65, 0x77,
  0x50, 0x72, 0x6f, 0x6a, 0x65, 0x63, 0x74, 0x69, 0x6f, 0x6e, 0x3a, 0x20,
  0x6d, 0x61, 0x74, 0x34, 0x78, 0x34, 0x3c, 0x66, 0x33, 0x32, 0x3e, 0x2c,
  0x0a, 0x20, 0x20, 0x20, 0x20, 0x69, 0x6e, 0x66, 0x6f, 0x3a, 0x20, 0x76,
  0x65, 0x63, 0x34, 0x3c, 0x66, 0x33, 0x32, 0x3e, 0x2c, 0x0a, 0x7d, 0x0a,
  0x0a, 0x76, 0x61, 0x72, 0x3c, 0x70, 0x72, 0x69, 0x76, 0x61, 0x74, 0x65,
  0x3e, 0x20, 0x67, 0x6c, 0x5f, 0x46, 0x72, 0x61, 0x67, 0x43, 0x6f, 0x6f,
  0x72, 0x64, 0x3a, 0x20, 0x76, 0x65, 0x63, 0x34, 0x3c, 0x66, 0x33, 0x32,
  0x3e, 0x3b, 0x0a, 0x76, 0x61, 0x72, 0x3c, 0x70, 0x72, 0x69, 0x76, 0x61,
  0x74, 0x65, 0x3e, 0x20, 0x67, 0x6c, 0x5f, 0x46, 0x72, 0x6f, 0x6e, 0x74,
  0x46, 0x61, 0x63, 0x69, 0x6e, 0x67, 0x3a, 0x20, 0x62, 0x6f, 0x6f, 0x6c,
  0x3b, 0x0a, 0x40, 0x67, 0x72, 0x6f, 0x75, 0x70, 0x28, 0x30, 0x29, 0x20,
  0x40, 0x62, 0x69, 0x6e, 0x64, 0x69, 0x6e, 0x67, 0x28, 0x30, 0x29, 0x20,
  0x76, 0x61, 0x72, 0x3c, 0x75, 0x6e, 0x69, 0x66, 0x6f, 0x72, 0x6d, 0x3e,
  0x20, 0x62, 0x61, 0x63, 0x6b, 0x67, 0x72, 0x6f, 0x75, 0x6e, 0x64, 0x3a,
  0x20, 0x42, 0x61, 0x63, 0x6b, 0x67, 0x72, 0x6f, 0x75, 0x6e, 0x64, 0x44,
  0x61, 0x74, 0x61, 0x3b, 0x0a, 0x40, 0x67, 0x72, 0x6f, 0x75, 0x70, 0x28,
  0x30, 0x29, 0x20, 0x40, 0x62, 0x69, 0x6e, 0x64, 0x69, 0x6e, 0x67, 0x28,
  0x31, 0x29, 0x20, 0x76, 0x61, 0x72, 0x20, 0x75, 0x5f, 0x65, 0x6e, 0x76,
  0x69, 0x72, 0x6f, 0x6e, 0x6d, 0x65, 0x6e, 0x74, 0x3a, 0x20, 0x74, 0x65,
  0x78, 0x74, 0x75, 0x72, 0x65, 0x5f, 0x32, 0x64, 0x3c, 0x66, 0x33, 0x32,
  0x3e, 0x3b, 0x0a, 0x40, 0x67, 0x72, 0x6f, 0x75, 0x70, 0x28, 0x30, 0x29,
  0x20, 0x40, 0x62, 0x69, 0x6e, 0x64, 0x69, 0x6e, 0x67, 0x28, 0x32, 0x29,
  0x20, 0x76, 0x61, 0x72, 0x20, 0x73, 0x5f, 0x65, 0x6e, 0x76, 0x69, 0x72,
  0x6f, 0x6e, 0x6d, 0x65, 0x6e, 0x74, 0x3a, 0x20, 0x73, 0x61, 0x6d, 0x70,
  0x6c, 0x65, 0x72, 0x3b, 0x0a, 0x76, 0x61, 0x72, 0x3c, 0x70, 0x72, 0x69,
  0x76, 0x61, 0x74, 0x65, 0x3e, 0x20, 0x76, 0x5f, 0x63, 0x6c, 0x69, 0x70,
  0x3a, 0x20, 0x76, 0x65, 0x63, 0x32, 0x3c, 0x66, 0x33, 0x32, 0x3e, 0x3b,
  0x0a, 0x76, 0x61, 0x72, 0x3c, 0x70, 0x72, 0x69, 0x76, 0x61, 0x74, 0x65,
  0x3e, 0x20, 0x66, 0x72, 0x61, 0x67, 0x43, 0x6f, 0x6c, 0x6f, 0x72, 0x3a,
  0x20, 0x76, 0x65, 0x63, 0x34, 0x3c, 0x66, 0x33, 0x32, 0x3e, 0x3b, 0x0a,
  0x63, 0x6f, 0x6e, 0x73, 0x74, 0x20, 0x50, 0x49, 0x3a, 0x20, 0x66, 0x33,
  0x32, 0x20, 0x3d, 0x20, 0x33, 0x2e, 0x31, 0x34, 0x31, 0x35, 0x39, 0x32,
  0x37, 0x3b, 0x0a, 0x0a, 0x66, 0x6e, 0x20, 0x6c, 0x69, 0x6e, 0x65, 0x61,
  0x72, 0x54, 0x6f, 0x53, 0x72, 0x67, 0x62, 0x28, 0x63, 0x3a, 0x20, 0x76,
  0x65, 0x63, 0x33, 0x3c, 0x66, 0x33, 0x32, 0x3e, 0x29, 0x20, 0x2d, 0x3e,
  0x20, 0x76, 0x65, 0x63, 0x33, 0x3c, 0x66, 0x33, 0x32, 0x3e, 0x20, 0x7b,
  0x0a, 0x20, 0x20, 0x20, 0x20, 0x72, 0x65, 0x74, 0x75, 0x72, 0x6e, 0x20,
  0x6d, 0x69, 0x78, 0x28, 0x28, 0x63, 0x20, 0x2a, 0x20, 0x31, 0x32, 0x2e,
  0x39, 0x32, 0x29, 0x2c, 0x20, 0x28, 0x28, 0x31, 0x2e, 0x30, 0x35, 0x35,
  0x20, 0x2a, 0x20, 0x70, 0x6f, 0x77, 0x28, 0x63, 0x2c, 0x20, 0x76, 0x65,
  0x63, 0x33, 0x3c, 0x66, 0x33, 0x32, 0x3e, 0x28, 0x28, 0x31, 0x2e, 0x30,
  0x20, 0x2f, 0x20, 0x32, 0x2e, 0x34, 0x29, 0x29, 0x29, 0x29, 0x20, 0x2d,
  0x20, 0x30, 0x2e, 0x30, 0x35, 0x35, 0x29, 0x2c, 0x20, 0x73, 0x74, 0x65,
  0x70, 0x28, 0x76, 0x65, 0x63, 0x33, 0x3c, 0x66, 0x33, 0x32, 0x3e, 0x28,
  0x30, 0x2e, 0x30, 0x30, 0x33, 0x31, 0x33, 0x30, 0x38, 0x29, 0x2c, 0x20,
  0x63, 0x29, 0x29, 0x3b, 0x0a, 0x7d, 0x0a, 0x0a, 0x66, 0x6e, 0x20, 0x61,
  0x63, 0x65, 0x73, 0x46, 0x69, 0x6c, 0x6d, 0x69, 0x63, 0x28, 0x78, 0x3a,
  0x20, 0x76, 0x65, 0x63, 0x33, 0x3c, 0x66, 0x33, 0x32, 0x3e, 0x29, 0x20,
  0x2d, 0x3e, 0x20, 0x76, 0x65, 0x63, 0x33, 0x3c, 0x66, 0x33, 0x32, 0x3e,
  0x20, 0x7b, 0x0a, 0x20, 0x20, 0x20, 0x20, 0x72, 0x65, 0x74, 0x75, 0x72,
  0x6e, 0x20, 0x63, 0x6c, 0x61, 0x6d, 0x70, 0x28, 0x28, 0x28, 0x28, 0x78,
  0x20, 0x2a, 0x20, 0x28, 0x28, 0x28, 0x32, 0x2e, 0x35, 0x31, 0x20, 0x2a,
  0x20, 0x78, 0x29, 0x20, 0x2b, 0x20, 0x30, 0x2e, 0x30, 0x33, 0x29, 0x29,
  0x29, 0x29, 0x20, 0x2f, 0x20, 0x28, 0x28, 0x28, 0x78, 0x20, 0x2a, 0x20,
  0x28, 0x28, 0x28, 0x32, 0x2e, 0x34, 0x33, 0x20, 0x2a, 0x20, 0x78, 0x29,
  0x20, 0x2b, 0x20, 0x30, 0x2e, 0x35, 0x39, 0x29, 0x29, 0x29, 0x20, 0x2b,
  0x20, 0x30, 0x2e, 0x31, 0x34, 0x29, 0x29, 0x29, 0x2c, 0x20, 0x76, 0x65,
  0x63, 0x33, 0x3c, 0x66, 0x33, 0x32, 0x3e, 0x28, 0x30, 0x2e, 0x30, 0x29,
  0x2c, 0x20, 0x76, 0x65, 0x63, 0x33, 0x3c, 0x66, 0x33, 0x32, 0x3e, 0x28,
  0x31, 0x2e, 0x30, 0x29, 0x29, 0x3b, 0x0a, 0x7d, 0x0a, 0x0a, 0x66, 0x6e,
  0x20, 0x6d, 0x61, 0x69, 0x6e, 0x5f, 0x69, 0x6e, 0x6e, 0x65, 0x72, 0x28,
  0x29, 0x20, 0x7b, 0x0a, 0x20, 0x20, 0x20, 0x20, 0x76, 0x61, 0x72, 0x20,
  0x6e, 0x65, 0x61, 0x72, 0x50, 0x6f, 0x69, 0x6e, 0x74, 0x3a, 0x20, 0x76,
  0x65, 0x63, 0x34, 0x3c, 0x66, 0x33, 0x32, 0x3e, 0x20, 0x3d, 0x20, 0x28,
  0x62, 0x61, 0x63, 0x6b, 0x67, 0x72, 0x6f, 0x75, 0x6e, 0x64, 0x2e, 0x69,
  0x6e, 0x76, 0x65, 0x72, 0x73, 0x65, 0x56, 0x69, 0x65, 0x77, 0x50, 0x72,
  0x6f, 0x6a, 0x65, 0x63, 0x74, 0x69, 0x6f, 0x6e, 0x20, 0x2a, 0x20, 0x76,
  0x65, 0x63, 0x34, 0x3c, 0x66, 0x33, 0x32, 0x3e, 0x28, 0x76, 0x5f, 0x63,
  0x6c, 0x69, 0x70, 0x2c, 0x20, 0x30, 0x2e, 0x30, 0x2c, 0x20, 0x31, 0x2e,
  0x30, 0x29, 0x29, 0x3b, 0x0a, 0x20, 0x20, 0x20, 0x20, 0x76, 0x61, 0x72,
  0x20, 0x66, 0x61, 0x72, 0x50, 0x6f, 0x69, 0x6e, 0x74, 0x3a, 0x20, 0x76,
  0x65, 0x63, 0x34, 0x3c, 0x66, 0x33, 0x32, 0x3e, 0x20, 0x3d, 0x20, 0x28,
  0x62, 0x61, 0x63, 0x6b, 0x67, 0x72, 0x6f, 0x75, 0x6e, 0x64, 0x2e, 0x69,
  0x6e, 0x76, 0x65, 0x72, 0x73, 0x65, 0x56, 0x69, 0x65, 0x77, 0x50, 0x72,
  0x6f, 0x6a, 0x65, 0x63, 0x74, 0x69, 0x6f, 0x6e, 0x20, 0x2a, 0x20, 0x76,
  0x65, 0x63, 0x34, 0x3c, 0x66, 0x33, 0x32, 0x3e, 0x28, 0x76, 0x5f, 0x63,
  0x6c, 0x69, 0x70, 0x2c, 0x20, 0x31, 0x2e, 0x30, 0x2c, 0x20, 0x31, 0x2e,
  0x30, 0x29, 0x29, 0x3b, 0x0a, 0x20, 0x20, 0x20, 0x20, 0x76, 0x61, 0x72,
  0x20, 0x64, 0x3a, 0x20, 0x76, 0x65, 0x63, 0x33, 0x3c, 0x66, 0x33, 0x32,
  0x3e, 0x20, 0x3d, 0x20, 0x6e, 0x6f, 0x72, 0x6d, 0x61, 0x6c, 0x69, 0x7a,
  0x65, 0x28, 0x28, 0x28, 0x66, 0x61, 0x72, 0x50, 0x6f, 0x69, 0x6e, 0x74,
  0x2e, 0x78, 0x79, 0x7a, 0x20, 0x2f, 0x20, 0x66, 0x61, 0x72, 0x50, 0x6f,
  0x69, 0x6e, 0x74, 0x2e, 0x77, 0x29, 0x20, 0x2d, 0x20, 0x28, 0x6e, 0x65,
  0x61, 0x72, 0x50, 0x6f, 0x69, 0x6e, 0x74, 0x2e, 0x78, 0x79, 0x7a, 0x20,
  0x2f, 0x20, 0x6e, 0x65, 0x61, 0x72, 0x50, 0x6f, 0x69, 0x6e, 0x74, 0x2e,
  0x77, 0x29, 0x29, 0x29, 0x3b, 0x0a, 0x20, 0x20, 0x20, 0x20, 0x76, 0x61,
  0x72, 0x20, 0x75, 0x76, 0x3a, 0x20, 0x76, 0x65, 0x63, 0x32, 0x3c, 0x66,
  0x33, 0x32, 0x3e, 0x20, 0x3d, 0x20, 0x76, 0x65, 0x63, 0x32, 0x3c, 0x66,
  0x33, 0x32, 0x3e, 0x28, 0x28, 0x61, 0x74, 0x61, 0x6e, 0x32, 0x28, 0x64,
  0x2e, 0x78, 0x2c, 0x20, 0x28, 0x64, 0x2e, 0x7a, 0x20, 0x2b, 0x20, 0x31,
  0x65, 0x2d, 0x30, 0x36, 0x29, 0x29, 0x20, 0x2f, 0x20, 0x28, 0x28, 0x32,
  0x2e, 0x30, 0x20, 0x2a, 0x20, 0x50, 0x49, 0x29, 0x29, 0x29, 0x2c, 0x20,
  0x28, 0x61, 0x63, 0x6f, 0x73, 0x28, 0x63, 0x6c, 0x61, 0x6d, 0x70, 0x28,
  0x64, 0x2e, 0x79, 0x2c, 0x20, 0x2d, 0x31, 0x2e, 0x30, 0x2c, 0x20, 0x31,
  0x2e, 0x30, 0x29, 0x29, 0x20, 0x2f, 0x20, 0x50, 0x49, 0x29, 0x29, 0x3b,
  0x0a, 0x20, 0x20, 0x20, 0x20, 0x76, 0x61, 0x72, 0x20, 0x63, 0x6f, 0x6c,
  0x6f, 0x72, 0x3a, 0x20, 0x76, 0x65, 0x63, 0x33, 0x3c, 0x66, 0x33, 0x32,
  0x3e, 0x20, 0x3d, 0x20, 0x74, 0x65, 0x78, 0x74, 0x75, 0x72, 0x65, 0x53,
  0x61, 0x6d, 0x70, 0x6c, 0x65, 0x4c, 0x65, 0x76, 0x65, 0x6c, 0x28, 0x75,
  0x5f, 0x65, 0x6e, 0x76, 0x69, 0x72, 0x6f, 0x6e, 0x6d, 0x65, 0x6e, 0x74,
  0x2c, 0x20, 0x73, 0x5f, 0x65, 0x6e, 0x76, 0x69, 0x72, 0x6f, 0x6e, 0x6d,
  0x65, 0x6e, 0x74, 0x2c, 0x20, 0x75, 0x76, 0x2c, 0x20, 0x62, 0x61, 0x63,
  0x6b, 0x67, 0x72, 0x6f, 0x75, 0x6e, 0x64, 0x2e, 0x69, 0x6e, 0x66, 0x6f,
  0x2e, 0x79, 0x29, 0x2e, 0x72, 0x67, 0x62, 0x3b, 0x0a, 0x20, 0x20, 0x20,
  0x20, 0x63, 0x6f, 0x6c, 0x6f, 0x72, 0x20, 0x3d, 0x20, 0x28, 0x63, 0x6f,
  0x6c, 0x6f, 0x72, 0x20, 0x2a, 0x20, 0x28, 0x28, 0x62, 0x61, 0x63, 0x6b,
  0x67, 0x72, 0x6f, 0x75, 0x6e, 0x64, 0x2e, 0x69, 0x6e, 0x66, 0x6f, 0x2e,
  0x78, 0x20, 0x2a, 0x20, 0x62, 0x61, 0x63, 0x6b, 0x67, 0x72, 0x6f, 0x75,
  0x6e, 0x64, 0x2e, 0x69, 0x6e, 0x66, 0x6f, 0x2e, 0x77, 0x29, 0x29, 0x29,
  0x3b, 0x0a, 0x20, 0x20, 0x20, 0x20, 0x76, 0x61, 0x72, 0x20, 0x5f, 0x74,
  0x3a, 0x20, 0x76, 0x65, 0x63, 0x33, 0x3c, 0x66, 0x33, 0x32, 0x3e, 0x3b,
  0x0a, 0x20, 0x20, 0x20, 0x20, 0x69, 0x66, 0x20, 0x28, 0x28, 0x62, 0x61,
  0x63, 0x6b, 0x67, 0x72, 0x6f, 0x75, 0x6e, 0x64, 0x2e, 0x69, 0x6e, 0x66,
  0x6f, 0x2e, 0x7a, 0x20, 0x3e, 0x20, 0x30, 0x2e, 0x35, 0x29, 0x29, 0x20,
  0x7b, 0x0a, 0x20, 0x20, 0x20, 0x20, 0x20, 0x20, 0x20, 0x20, 0x5f, 0x74,
  0x20, 0x3d, 0x20, 0x61, 0x63, 0x65, 0x73, 0x46, 0x69, 0x6c, 0x6d, 0x69,
  0x63, 0x28, 0x63, 0x6f, 0x6c, 0x6f, 0x72, 0x29, 0x3b, 0x0a, 0x20, 0x20,
  0x20, 0x20, 0x7d, 0x0a, 0x20, 0x20, 0x20, 0x20, 0x65, 0x6c, 0x73, 0x65,
  0x20, 0x7b, 0x0a, 0x20, 0x20, 0x20, 0x20, 0x20, 0x20, 0x20, 0x20, 0x5f,
  0x74, 0x20, 0x3d, 0x20, 0x28, 0x63, 0x6f, 0x6c, 0x6f, 0x72, 0x20, 0x2f,
  0x20, 0x28, 0x28, 0x76, 0x65, 0x63, 0x33, 0x3c, 0x66, 0x33, 0x32, 0x3e,
  0x28, 0x31, 0x2e, 0x30, 0x29, 0x20, 0x2b, 0x20, 0x63, 0x6f, 0x6c, 0x6f,
  0x72, 0x29, 0x29, 0x29, 0x3b, 0x0a, 0x20, 0x20, 0x20, 0x20, 0x7d, 0x0a,
  0x20, 0x20, 0x20, 0x20, 0x63, 0x6f, 0x6c, 0x6f, 0x72, 0x20, 0x3d, 0x20,
  0x5f, 0x74, 0x3b, 0x0a, 0x20, 0x20, 0x20, 0x20, 0x66, 0x72, 0x61, 0x67,
  0x43, 0x6f, 0x6c, 0x6f, 0x72, 0x20, 0x3d, 0x20, 0x76, 0x65, 0x63, 0x34,
  0x3c, 0x66, 0x33, 0x32, 0x3e, 0x28, 0x6c, 0x69, 0x6e, 0x65, 0x61, 0x72,
  0x54, 0x6f, 0x53, 0x72, 0x67, 0x62, 0x28, 0x63, 0x6f, 0x6c, 0x6f, 0x72,
  0x29, 0x2c, 0x20, 0x31, 0x2e, 0x30, 0x29, 0x3b, 0x0a, 0x7d, 0x0a, 0x0a,
  0x73, 0x74, 0x72, 0x75, 0x63, 0x74, 0x20, 0x46, 0x53, 0x49, 0x6e, 0x70,
  0x75, 0x74, 0x20, 0x7b, 0x0a, 0x20, 0x20, 0x20, 0x20, 0x40, 0x6c, 0x6f,
  0x63, 0x61, 0x74, 0x69, 0x6f, 0x6e, 0x28, 0x30, 0x29, 0x20, 0x76, 0x5f,
  0x63, 0x6c, 0x69, 0x70, 0x3a, 0x20, 0x76, 0x65, 0x63, 0x32, 0x3c, 0x66,
  0x33, 0x32, 0x3e, 0x2c, 0x0a, 0x20, 0x20, 0x20, 0x20, 0x40, 0x62, 0x75,
  0x69, 0x6c, 0x74, 0x69, 0x6e, 0x28, 0x70, 0x6f, 0x73, 0x69, 0x74, 0x69,
  0x6f, 0x6e, 0x29, 0x20, 0x66, 0x72, 0x61, 0x67, 0x5f, 0x63, 0x6f, 0x6f,
  0x72, 0x64, 0x3a, 0x20, 0x76, 0x65, 0x63, 0x34, 0x3c, 0x66, 0x33, 0x32,
  0x3e, 0x2c, 0x0a, 0x20, 0x20, 0x20, 0x20, 0x40, 0x62, 0x75, 0x69, 0x6c,
  0x74, 0x69, 0x6e, 0x28, 0x66, 0x72, 0x6f, 0x6e, 0x74, 0x5f, 0x66, 0x61,
  0x63, 0x69, 0x6e, 0x67, 0x29, 0x20, 0x66, 0x72, 0x6f, 0x6e, 0x74, 0x5f,
  0x66, 0x61, 0x63, 0x69, 0x6e, 0x67, 0x3a, 0x20, 0x62, 0x6f, 0x6f, 0x6c,
  0x2c, 0x0a, 0x7d, 0x0a, 0x0a, 0x73, 0x74, 0x72, 0x75, 0x63, 0x74, 0x20,
  0x46, 0x53, 0x4f, 0x75, 0x74, 0x70, 0x75, 0x74, 0x20, 0x7b, 0x0a, 0x20,
  0x20, 0x20, 0x20, 0x40, 0x6c, 0x6f, 0x63, 0x61, 0x74, 0x69, 0x6f, 0x6e,
  0x28, 0x30, 0x29, 0x20, 0x66, 0x72, 0x61, 0x67, 0x43, 0x6f, 0x6c, 0x6f,
  0x72, 0x3a, 0x20, 0x76, 0x65, 0x63, 0x34, 0x3c, 0x66, 0x33, 0x32, 0x3e,
  0x2c, 0x0a, 0x7d, 0x0a, 0x0a, 0x40, 0x66, 0x72, 0x61, 0x67, 0x6d, 0x65,
  0x6e, 0x74, 0x0a, 0x66, 0x6e, 0x20, 0x6d, 0x61, 0x69, 0x6e, 0x28, 0x69,
  0x6e, 0x70, 0x75, 0x74, 0x3a, 0x20, 0x46, 0x53, 0x49, 0x6e, 0x70, 0x75,
  0x74, 0x29, 0x20, 0x2d, 0x3e, 0x20, 0x46, 0x53, 0x4f, 0x75, 0x74, 0x70,
  0x75, 0x74, 0x20, 0x7b, 0x0a, 0x20, 0x20, 0x20, 0x20, 0x76, 0x5f, 0x63,
  0x6c, 0x69, 0x70, 0x20, 0x3d, 0x20, 0x69, 0x6e, 0x70, 0x75, 0x74, 0x2e,
  0x76, 0x5f, 0x63, 0x6c, 0x69, 0x70, 0x3b, 0x0a, 0x20, 0x20, 0x20, 0x20,
  0x67, 0x6c, 0x5f, 0x46, 0x72, 0x61, 0x67, 0x43, 0x6f, 0x6f, 0x72, 0x64,
  0x20, 0x3d, 0x20, 0x69, 0x6e, 0x70, 0x75, 0x74, 0x2e, 0x66, 0x72, 0x61,
  0x67, 0x5f, 0x63, 0x6f, 0x6f, 0x72, 0x64, 0x3b, 0x0a, 0x20, 0x20, 0x20,
  0x20, 0x67, 0x6c, 0x5f, 0x46, 0x72, 0x6f, 0x6e, 0x74, 0x46, 0x61, 0x63,
  0x69, 0x6e, 0x67, 0x20, 0x3d, 0x20, 0x69, 0x6e, 0x70, 0x75, 0x74, 0x2e,
  0x66, 0x72, 0x6f, 0x6e, 0x74, 0x5f, 0x66, 0x61, 0x63, 0x69, 0x6e, 0x67,
  0x3b, 0x0a, 0x20, 0x20, 0x20, 0x20, 0x6d, 0x61, 0x69, 0x6e, 0x5f, 0x69,
  0x6e, 0x6e, 0x65, 0x72, 0x28, 0x29, 0x3b, 0x0a, 0x20, 0x20, 0x20, 0x20,
  0x76, 0x61, 0x72, 0x20, 0x6f, 0x75, 0x74, 0x70, 0x75, 0x74, 0x3a, 0x20,
  0x46, 0x53, 0x4f, 0x75, 0x74, 0x70, 0x75, 0x74, 0x3b, 0x0a, 0x20, 0x20,
  0x20, 0x20, 0x6f, 0x75, 0x74, 0x70, 0x75, 0x74, 0x2e, 0x66, 0x72, 0x61,
  0x67, 0x43, 0x6f, 0x6c, 0x6f, 0x72, 0x20, 0x3d, 0x20, 0x66, 0x72, 0x61,
  0x67, 0x43, 0x6f, 0x6c, 0x6f, 0x72, 0x3b, 0x0a, 0x20, 0x20, 0x20, 0x20,
  0x72, 0x65, 0x74, 0x75, 0x72, 0x6e, 0x20, 0x6f, 0x75, 0x74, 0x70, 0x75,
  0x74, 0x3b, 0x0a, 0x7d, 0x0a, 0x49, 0x53, 0x52, 0x43, 0xfb, 0x09, 0x00,
  0x00, 0x2f, 0x2a, 0x0a, 0x20, 0x20, 0x3d, 0x3d, 0x3d, 0x3d, 0x3d, 0x3d,
  0x3d, 0x3d, 0x3d, 0x3d, 0x3d, 0x3d, 0x3d, 0x3d, 0x3d, 0x3d, 0x3d, 0x3d,
  0x3d, 0x3d, 0x3d, 0x3d, 0x3d, 0x3d, 0x3d, 0x3d, 0x3d, 0x3d, 0x3d, 0x3d,
  0x3d, 0x3d, 0x3d, 0x3d, 0x3d, 0x3d, 0x3d, 0x3d, 0x3d, 0x3d, 0x3d, 0x3d,
  0x3d, 0x3d, 0x3d, 0x3d, 0x3d, 0x3d, 0x3d, 0x3d, 0x3d, 0x3d, 0x3d, 0x3d,
  0x3d, 0x3d, 0x3d, 0x3d, 0x3d, 0x3d, 0x3d, 0x3d, 0x3d, 0x3d, 0x3d, 0x3d,
  0x3d, 0x3d, 0x3d, 0x3d, 0x3d, 0x3d, 0x3d, 0x3d, 0x3d, 0x3d, 0x3d, 0x3d,
  0x0a, 0x0a, 0x20, 0x20, 0x20, 0x54, 0x68, 0x69, 0x73, 0x20, 0x66, 0x69,
  0x6c, 0x65, 0x20, 0x69, 0x73, 0x20, 0x70, 0x61, 0x72, 0x74, 0x20, 0x6f,
  0x66, 0x20, 0x74, 0x68, 0x65, 0x20, 0x59, 0x55, 0x50, 0x20, 0x6c, 0x69,
  0x62, 0x72, 0x61, 0x72, 0x79, 0x2e, 0x0a, 0x20, 0x20, 0x20, 0x43, 0x6f,
  0x70, 0x79, 0x72, 0x69, 0x67, 0x68, 0x74, 0x20, 0x28, 0x63, 0x29, 0x20,
  0x32, 0x30, 0x32, 0x36, 0x20, 0x2d, 0x20, 0x6b, 0x75, 0x6e, 0x69, 0x74,
  0x6f, 0x6b, 0x69, 0x40, 0x67, 0x6d, 0x61, 0x69, 0x6c, 0x2e, 0x63, 0x6f,
  0x6d, 0x0a, 0x0a, 0x20, 0x20, 0x20, 0x59, 0x55, 0x50, 0x20, 0x69, 0x73,
  0x20, 0x61, 0x6e, 0x20, 0x6f, 0x70, 0x65, 0x6e, 0x20, 0x73, 0x6f, 0x75,
  0x72, 0x63, 0x65, 0x20, 0x6c, 0x69, 0x62, 0x72, 0x61, 0x72, 0x79, 0x20,
  0x73, 0x75, 0x62, 0x6a, 0x65, 0x63, 0x74, 0x20, 0x74, 0x6f, 0x20, 0x6f,
  0x70, 0x65, 0x6e, 0x2d, 0x73, 0x6f, 0x75, 0x72, 0x63, 0x65, 0x20, 0x6c,
  0x69, 0x63, 0x65, 0x6e, 0x73, 0x69, 0x6e, 0x67, 0x2e, 0x0a, 0x0a, 0x20,
  0x20, 0x20, 0x54, 0x68, 0x65, 0x20, 0x63, 0x6f, 0x64, 0x65, 0x20, 0x69,
  0x6e, 0x63, 0x6c, 0x75, 0x64, 0x65, 0x64, 0x20, 0x69, 0x6e, 0x20, 0x74,
  0x68, 0x69, 0x73, 0x20, 0x66, 0x69, 0x6c, 0x65, 0x20, 0x69, 0x73, 0x20,
  0x70, 0x72, 0x6f, 0x76, 0x69, 0x64, 0x65, 0x64, 0x20, 0x75, 0x6e, 0x64,
  0x65, 0x72, 0x20, 0x74, 0x68, 0x65, 0x20, 0x74, 0x65, 0x72, 0x6d, 0x73,
  0x20, 0x6f, 0x66, 0x20, 0x74, 0x68, 0x65, 0x20, 0x49, 0x53, 0x43, 0x20,
  0x6c, 0x69, 0x63, 0x65, 0x6e, 0x73, 0x65, 0x0a, 0x20, 0x20, 0x20, 0x68,
  0x74, 0x74, 0x70, 0x3a, 0x2f, 0x2f, 0x77, 0x77, 0x77, 0x2e, 0x69, 0x73,
  0x63, 0x2e, 0x6f, 0x72, 0x67, 0x2f, 0x64, 0x6f, 0x77, 0x6e, 0x6c, 0x6f,
  0x61, 0x64, 0x73, 0x2f, 0x73, 0x6f, 0x66, 0x74, 0x77, 0x61, 0x72, 0x65,
  0x2d, 0x73, 0x75, 0x70, 0x70, 0x6f, 0x72, 0x74, 0x2d, 0x70, 0x6f, 0x6c,
  0x69, 0x63, 0x79, 0x2f, 0x69, 0x73, 0x63, 0x2d, 0x6c, 0x69, 0x63, 0x65,
  0x6e, 0x73, 0x65, 0x2e, 0x20, 0x50, 0x65, 0x72, 0x6d, 0x69, 0x73, 0x73,
  0x69, 0x6f, 0x6e, 0x0a, 0x20, 0x20, 0x20, 0x74, 0x6f, 0x20, 0x75, 0x73,
  0x65, 0x2c, 0x20, 0x63, 0x6f, 0x70, 0x79, 0x2c, 0x20, 0x6d, 0x6f, 0x64,
  0x69, 0x66, 0x79, 0x2c, 0x20, 0x61, 0x6e, 0x64, 0x2f, 0x6f, 0x72, 0x20,
  0x64, 0x69, 0x73, 0x74, 0x72, 0x69, 0x62, 0x75, 0x74, 0x65, 0x20, 0x74,
  0x68, 0x69, 0x73, 0x20, 0x73, 0x6f, 0x66, 0x74, 0x77, 0x61, 0x72, 0x65,
  0x20, 0x66, 0x6f, 0x72, 0x20, 0x61, 0x6e, 0x79, 0x20, 0x70, 0x75, 0x72,
  0x70, 0x6f, 0x73, 0x65, 0x20, 0x77, 0x69, 0x74, 0x68, 0x20, 0x6f, 0x72,
  0x0a, 0x20, 0x20, 0x20, 0x77, 0x69, 0x74, 0x68, 0x6f, 0x75, 0x74, 0x20,
  0x66, 0x65, 0x65, 0x20, 0x69, 0x73, 0x20, 0x68, 0x65, 0x72, 0x65, 0x62,
  0x79, 0x20, 0x67, 0x72, 0x61, 0x6e, 0x74, 0x65, 0x64, 0x20, 0x70, 0x72,
  0x6f, 0x76, 0x69, 0x64, 0x65, 0x64, 0x20, 0x74, 0x68, 0x61, 0x74, 0x20,
  0x74, 0x68, 0x65, 0x20, 0x61, 0x62, 0x6f, 0x76, 0x65, 0x20, 0x63, 0x6f,
  0x70, 0x79, 0x72, 0x69, 0x67, 0x68, 0x74, 0x20, 0x6e, 0x6f, 0x74, 0x69,
  0x63, 0x65, 0x20, 0x61, 0x6e, 0x64, 0x0a, 0x20, 0x20, 0x20, 0x74, 0x68,
  0x69, 0x73, 0x20, 0x70, 0x65, 0x72, 0x6d, 0x69, 0x73, 0x73, 0x69, 0x6f,
  0x6e, 0x20, 0x6e, 0x6f, 0x74, 0x69, 0x63, 0x65, 0x20, 0x61, 0x70, 0x70,
  0x65, 0x61, 0x72, 0x20, 0x69, 0x6e, 0x20, 0x61, 0x6c, 0x6c, 0x20, 0x63,
  0x6f, 0x70, 0x69, 0x65, 0x73, 0x2e, 0x0a, 0x0a, 0x20, 0x20, 0x20, 0x59,
  0x55, 0x50, 0x20, 0x49, 0x53, 0x20, 0x50, 0x52, 0x4f, 0x56, 0x49, 0x44,
  0x45, 0x44, 0x20, 0x22, 0x41, 0x53, 0x20, 0x49, 0x53, 0x22, 0x20, 0x57,
  0x49, 0x54, 0x48, 0x4f, 0x55, 0x54, 0x20, 0x41, 0x4e, 0x59, 0x20, 0x57,
  0x41, 0x52, 0x52, 0x41, 0x4e, 0x54, 0x59, 0x2c, 0x20, 0x41, 0x4e, 0x44,
  0x20, 0x41, 0x4c, 0x4c, 0x20, 0x57, 0x41, 0x52, 0x52, 0x41, 0x4e, 0x54,
  0x49, 0x45, 0x53, 0x2c, 0x20, 0x57, 0x48, 0x45, 0x54, 0x48, 0x45, 0x52,
  0x0a, 0x20, 0x20, 0x20, 0x45, 0x58, 0x50, 0x52, 0x45, 0x53, 0x53, 0x45,
  0x44, 0x20, 0x4f, 0x52, 0x20, 0x49, 0x4d, 0x50, 0x4c, 0x49, 0x45, 0x44,
  0x2c, 0x20, 0x49, 0x4e, 0x43, 0x4c, 0x55, 0x44, 0x49, 0x4e, 0x47, 0x20,
  0x4d, 0x45, 0x52, 0x43, 0x48, 0x41, 0x4e, 0x54, 0x41, 0x42, 0x49, 0x4c,
  0x49, 0x54, 0x59, 0x20, 0x41, 0x4e, 0x44, 0x20, 0x46, 0x49, 0x54, 0x4e,
  0x45, 0x53, 0x53, 0x20, 0x46, 0x4f, 0x52, 0x20, 0x50, 0x55, 0x52, 0x50,
  0x4f, 0x53, 0x45, 0x2c, 0x20, 0x41, 0x52, 0x45, 0x0a, 0x20, 0x20, 0x20,
  0x44, 0x49, 0x53, 0x43, 0x4c, 0x41, 0x49, 0x4d, 0x45, 0x44, 0x2e, 0x0a,
  0x0a, 0x20, 0x20, 0x3d, 0x3d, 0x3d, 0x3d, 0x3d, 0x3d, 0x3d, 0x3d, 0x3d,
  0x3d, 0x3d, 0x3d, 0x3d, 0x3d, 0x3d, 0x3d, 0x3d, 0x3d, 0x3d, 0x3d, 0x3d,
  0x3d, 0x3d, 0x3d, 0x3d, 0x3d, 0x3d, 0x3d, 0x3d, 0x3d, 0x3d, 0x3d, 0x3d,
  0x3d, 0x3d, 0x3d, 0x3d, 0x3d, 0x3d, 0x3d, 0x3d, 0x3d, 0x3d, 0x3d, 0x3d,
  0x3d, 0x3d, 0x3d, 0x3d, 0x3d, 0x3d, 0x3d, 0x3d, 0x3d, 0x3d, 0x3d, 0x3d,
  0x3d, 0x3d, 0x3d, 0x3d, 0x3d, 0x3d, 0x3d, 0x3d, 0x3d, 0x3d, 0x3d, 0x3d,
  0x3d, 0x3d, 0x3d, 0x3d, 0x3d, 0x3d, 0x3d, 0x3d, 0x3d, 0x0a, 0x2a, 0x2f,
  0x0a, 0x0a, 0x23, 0x76, 0x65, 0x72, 0x73, 0x69, 0x6f, 0x6e, 0x20, 0x34,
  0x35, 0x30, 0x0a, 0x0a, 0x2f, 0x2f, 0x20, 0x53, 0x68, 0x6f, 0x77, 0x73,
  0x20, 0x74, 0x68, 0x65, 0x20, 0x65, 0x6e, 0x76, 0x69, 0x72, 0x6f, 0x6e,
  0x6d, 0x65, 0x6e, 0x74, 0x20, 0x62, 0x65, 0x68, 0x69, 0x6e, 0x64, 0x20,
  0x74, 0x68, 0x65, 0x20, 0x73, 0x63, 0x65, 0x6e, 0x65, 0x2c, 0x20, 0x62,
  0x6c, 0x75, 0x72, 0x72, 0x65, 0x64, 0x20, 0x74, 0x6f, 0x20, 0x6f, 0x6e,
  0x65, 0x20, 0x6f, 0x66, 0x20, 0x69, 0x74, 0x73, 0x20, 0x72, 0x6f, 0x75,
  0x67, 0x68, 0x6e, 0x65, 0x73, 0x73, 0x20, 0x6c, 0x65, 0x76, 0x65, 0x6c,
  0x73, 0x2c, 0x20, 0x65, 0x78, 0x70, 0x6f, 0x73, 0x65, 0x64, 0x20, 0x61,
  0x6e, 0x64, 0x0a, 0x2f, 0x2f, 0x20, 0x74, 0x6f, 0x6e, 0x65, 0x20, 0x6d,
  0x61, 0x70, 0x70, 0x65, 0x64, 0x20, 0x6c, 0x69, 0x6b, 0x65, 0x20, 0x74,
  0x68, 0x65, 0x20, 0x73, 0x75, 0x72, 0x66, 0x61, 0x63, 0x65, 0x73, 0x2e,
  0x0a, 0x0a, 0x2f, 0x2f, 0x20, 0x4d, 0x75, 0x73, 0x74, 0x20, 0x6d, 0x61,
  0x74, 0x63, 0x68, 0x20, 0x42, 0x61, 0x63, 0x6b, 0x67, 0x72, 0x6f, 0x75,
  0x6e, 0x64, 0x44, 0x61, 0x74, 0x61, 0x20, 0x69, 0x6e, 0x20, 0x79, 0x75,
  0x70, 0x5f, 0x53, 0x63, 0x65, 0x6e, 0x65, 0x52, 0x65, 0x6e, 0x64, 0x65,
  0x72, 0x65, 0x72, 0x2e, 0x63, 0x70, 0x70, 0x0a, 0x6c, 0x61, 0x79, 0x6f,
  0x75, 0x74, 0x28, 0x73, 0x65, 0x74, 0x20, 0x3d, 0x20, 0x30, 0x2c, 0x20,
  0x62, 0x69, 0x6e, 0x64, 0x69, 0x6e, 0x67, 0x20, 0x3d, 0x20, 0x30, 0x29,
  0x20, 0x75, 0x6e, 0x69, 0x66, 0x6f, 0x72, 0x6d, 0x20, 0x42, 0x61, 0x63,
  0x6b, 0x67, 0x72, 0x6f, 0x75, 0x6e, 0x64, 0x44, 0x61, 0x74, 0x61, 0x0a,
  0x7b, 0x0a, 0x20, 0x20, 0x20, 0x20, 0x6d, 0x61, 0x74, 0x34, 0x20, 0x69,
  0x6e, 0x76, 0x65, 0x72, 0x73, 0x65, 0x56, 0x69, 0x65, 0x77, 0x50, 0x72,
  0x6f, 0x6a, 0x65, 0x63, 0x74, 0x69, 0x6f, 0x6e, 0x3b, 0x0a, 0x20, 0x20,
  0x20, 0x20, 0x76, 0x65, 0x63, 0x34, 0x20, 0x69, 0x6e, 0x66, 0x6f, 0x3b,
  0x20, 0x20, 0x20, 0x20, 0x20, 0x20, 0x20, 0x20, 0x20, 0x20, 0x20, 0x20,
  0x20, 0x20, 0x20, 0x20, 0x2f, 0x2f, 0x20, 0x78, 0x20, 0x69, 0x6e, 0x74,
  0x65, 0x6e, 0x73, 0x69, 0x74, 0x79, 0x2c, 0x20, 0x79, 0x20, 0x6c, 0x65,
  0x76, 0x65, 0x6c, 0x2c, 0x20, 0x7a, 0x20, 0x74, 0x6f, 0x6e, 0x65, 0x20,
  0x6d, 0x61, 0x70, 0x70, 0x69, 0x6e, 0x67, 0x20, 0x28, 0x30, 0x20, 0x52,
  0x65, 0x69, 0x6e, 0x68, 0x61, 0x72, 0x64, 0x2c, 0x20, 0x31, 0x20, 0x41,
  0x43, 0x45, 0x53, 0x29, 0x2c, 0x20, 0x77, 0x20, 0x65, 0x78, 0x70, 0x6f,
  0x73, 0x75, 0x72, 0x65, 0x0a, 0x7d, 0x20, 0x62, 0x61, 0x63, 0x6b, 0x67,
  0x72, 0x6f, 0x75, 0x6e, 0x64, 0x3b, 0x0a, 0x0a, 0x6c, 0x61, 0x79, 0x6f,
  0x75, 0x74, 0x28, 0x73, 0x65, 0x74, 0x20, 0x3d, 0x20, 0x30, 0x2c, 0x20,
  0x62, 0x69, 0x6e, 0x64, 0x69, 0x6e, 0x67, 0x20, 0x3d, 0x20, 0x31, 0x29,
  0x20, 0x75, 0x6e, 0x69, 0x66, 0x6f, 0x72, 0x6d, 0x20, 0x74, 0x65, 0x78,
  0x74, 0x75, 0x72, 0x65, 0x32, 0x44, 0x20, 0x75, 0x5f, 0x65, 0x6e, 0x76,
  0x69, 0x72, 0x6f, 0x6e, 0x6d, 0x65, 0x6e, 0x74, 0x3b, 0x0a, 0x6c, 0x61,
  0x79, 0x6f, 0x75, 0x74, 0x28, 0x73, 0x65, 0x74, 0x20, 0x3d, 0x20, 0x30,
  0x2c, 0x20, 0x62, 0x69, 0x6e, 0x64, 0x69, 0x6e, 0x67, 0x20, 0x3d, 0x20,
  0x32, 0x29, 0x20, 0x75, 0x6e, 0x69, 0x66, 0x6f, 0x72, 0x6d, 0x20, 0x73,
  0x61, 0x6d, 0x70, 0x6c, 0x65, 0x72, 0x20, 0x73, 0x5f, 0x65, 0x6e, 0x76,
  0x69, 0x72, 0x6f, 0x6e, 0x6d, 0x65, 0x6e, 0x74, 0x3b, 0x0a, 0x0a, 0x6c,
  0x61, 0x79, 0x6f, 0x75, 0x74, 0x28, 0x6c, 0x6f, 0x63, 0x61, 0x74, 0x69,
  0x6f, 0x6e, 0x20, 0x3d, 0x20, 0x30, 0x29, 0x20, 0x69, 0x6e, 0x20, 0x76,
  0x65, 0x63, 0x32, 0x20, 0x76, 0x5f, 0x63, 0x6c, 0x69, 0x70, 0x3b, 0x0a,
  0x0a, 0x6c, 0x61, 0x79, 0x6f, 0x75, 0x74, 0x28, 0x6c, 0x6f, 0x63, 0x61,
  0x74, 0x69, 0x6f, 0x6e, 0x20, 0x3d, 0x20, 0x30, 0x29, 0x20, 0x6f, 0x75,
  0x74, 0x20, 0x76, 0x65, 0x63, 0x34, 0x20, 0x66, 0x72, 0x61, 0x67, 0x43,
  0x6f, 0x6c, 0x6f, 0x72, 0x3b, 0x0a, 0x0a, 0x63, 0x6f, 0x6e, 0x73, 0x74,
  0x20, 0x66, 0x6c, 0x6f, 0x61, 0x74, 0x20, 0x50, 0x49, 0x20, 0x3d, 0x20,
  0x33, 0x2e, 0x31, 0x34, 0x31, 0x35, 0x39, 0x32, 0x36, 0x35, 0x33, 0x35,
  0x39, 0x3b, 0x0a, 0x0a, 0x76, 0x65, 0x63, 0x33, 0x20, 0x6c, 0x69, 0x6e,
  0x65, 0x61, 0x72, 0x54, 0x6f, 0x53, 0x72, 0x67, 0x62, 0x28, 0x76, 0x65,
  0x63, 0x33, 0x20, 0x63, 0x29, 0x0a, 0x7b, 0x0a, 0x20, 0x20, 0x20, 0x20,
  0x72, 0x65, 0x74, 0x75, 0x72, 0x6e, 0x20, 0x6d, 0x69, 0x78, 0x28, 0x63,
  0x20, 0x2a, 0x20, 0x31, 0x32, 0x2e, 0x39, 0x32, 0x2c, 0x20, 0x31, 0x2e,
  0x30, 0x35, 0x35, 0x20, 0x2a, 0x20, 0x70, 0x6f, 0x77, 0x28, 0x63, 0x2c,
  0x20, 0x76, 0x65, 0x63, 0x33, 0x28, 0x31, 0x2e, 0x30, 0x20, 0x2f, 0x20,
  0x32, 0x2e, 0x34, 0x29, 0x29, 0x20, 0x2d, 0x20, 0x30, 0x2e, 0x30, 0x35,
  0x35, 0x2c, 0x20, 0x73, 0x74, 0x65, 0x70, 0x28, 0x76, 0x65, 0x63, 0x33,
  0x28, 0x30, 0x2e, 0x30, 0x30, 0x33, 0x31, 0x33, 0x30, 0x38, 0x29, 0x2c,
  0x20, 0x63, 0x29, 0x29, 0x3b, 0x0a, 0x7d, 0x0a, 0x0a, 0x76, 0x65, 0x63,
  0x33, 0x20, 0x61, 0x63, 0x65, 0x73, 0x46, 0x69, 0x6c, 0x6d, 0x69, 0x63,
  0x28, 0x76, 0x65, 0x63, 0x33, 0x20, 0x78, 0x29, 0x0a, 0x7b, 0x0a, 0x20,
  0x20, 0x20, 0x20, 0x72, 0x65, 0x74, 0x75, 0x72, 0x6e, 0x20, 0x63, 0x6c,
  0x61, 0x6d, 0x70, 0x28, 0x28, 0x78, 0x20, 0x2a, 0x20, 0x28, 0x32, 0x2e,
  0x35, 0x31, 0x20, 0x2a, 0x20, 0x78, 0x20, 0x2b, 0x20, 0x30, 0x2e, 0x30,
  0x33, 0x29, 0x29, 0x20, 0x2f, 0x20, 0x28, 0x78, 0x20, 0x2a, 0x20, 0x28,
  0x32, 0x2e, 0x34, 0x33, 0x20, 0x2a, 0x20, 0x78, 0x20, 0x2b, 0x20, 0x30,
  0x2e, 0x35, 0x39, 0x29, 0x20, 0x2b, 0x20, 0x30, 0x2e, 0x31, 0x34, 0x29,
  0x2c, 0x20, 0x30, 0x2e, 0x30, 0x2c, 0x20, 0x31, 0x2e, 0x30, 0x29, 0x3b,
  0x0a, 0x7d, 0x0a, 0x0a, 0x76, 0x6f, 0x69, 0x64, 0x20, 0x6d, 0x61, 0x69,
  0x6e, 0x28, 0x29, 0x0a, 0x7b, 0x0a, 0x20, 0x20, 0x20, 0x20, 0x2f, 0x2f,
  0x20, 0x46, 0x72, 0x6f, 0x6d, 0x20, 0x74, 0x68, 0x65, 0x20, 0x6e, 0x65,
  0x61, 0x72, 0x20, 0x74, 0x6f, 0x20, 0x74, 0x68, 0x65, 0x20, 0x66, 0x61,
  0x72, 0x20, 0x70, 0x6c, 0x61, 0x6e, 0x65, 0x20, 0x74, 0x68, 0x72, 0x6f,
  0x75, 0x67, 0x68, 0x20, 0x74, 0x68, 0x69, 0x73, 0x20, 0x70, 0x69, 0x78,
  0x65, 0x6c, 0x2c, 0x20, 0x66, 0x6f, 0x72, 0x20, 0x70, 0x65, 0x72, 0x73,
  0x70, 0x65, 0x63, 0x74, 0x69, 0x76, 0x65, 0x20, 0x61, 0x6e, 0x64, 0x20,
  0x6f, 0x72, 0x74, 0x68, 0x6f, 0x67, 0x72, 0x61, 0x70, 0x68, 0x69, 0x63,
  0x20, 0x63, 0x61, 0x6d, 0x65, 0x72, 0x61, 0x73, 0x0a, 0x20, 0x20, 0x20,
  0x20, 0x76, 0x65, 0x63, 0x34, 0x20, 0x6e, 0x65, 0x61, 0x72, 0x50, 0x6f,
  0x69, 0x6e, 0x74, 0x20, 0x3d, 0x20, 0x62, 0x61, 0x63, 0x6b, 0x67, 0x72,
  0x6f, 0x75, 0x6e, 0x64, 0x2e, 0x69, 0x6e, 0x76, 0x65, 0x72, 0x73, 0x65,
  0x56, 0x69, 0x65, 0x77, 0x50, 0x72, 0x6f, 0x6a, 0x65, 0x63, 0x74, 0x69,
  0x6f, 0x6e, 0x20, 0x2a, 0x20, 0x76, 0x65, 0x63, 0x34, 0x28, 0x76, 0x5f,
  0x63, 0x6c, 0x69, 0x70, 0x2c, 0x20, 0x30, 0x2e, 0x30, 0x2c, 0x20, 0x31,
  0x2e, 0x30, 0x29, 0x3b, 0x0a, 0x20, 0x20, 0x20, 0x20, 0x76, 0x65, 0x63,
  0x34, 0x20, 0x66, 0x61, 0x72, 0x50, 0x6f, 0x69, 0x6e, 0x74, 0x20, 0x3d,
  0x20, 0x62, 0x61, 0x63, 0x6b, 0x67, 0x72, 0x6f, 0x75, 0x6e, 0x64, 0x2e,
  0x69, 0x6e, 0x76, 0x65, 0x72, 0x73, 0x65, 0x56, 0x69, 0x65, 0x77, 0x50,
  0x72, 0x6f, 0x6a, 0x65, 0x63, 0x74, 0x69, 0x6f, 0x6e, 0x20, 0x2a, 0x20,
  0x76, 0x65, 0x63, 0x34, 0x28, 0x76, 0x5f, 0x63, 0x6c, 0x69, 0x70, 0x2c,
  0x20, 0x31, 0x2e, 0x30, 0x2c, 0x20, 0x31, 0x2e, 0x30, 0x29, 0x3b, 0x0a,
  0x20, 0x20, 0x20, 0x20, 0x76, 0x65, 0x63, 0x33, 0x20, 0x64, 0x20, 0x3d,
  0x20, 0x6e, 0x6f, 0x72, 0x6d, 0x61, 0x6c, 0x69, 0x7a, 0x65, 0x28, 0x66,
  0x61, 0x72, 0x50, 0x6f, 0x69, 0x6e, 0x74, 0x2e, 0x78, 0x79, 0x7a, 0x20,
  0x2f, 0x20, 0x66, 0x61, 0x72, 0x50, 0x6f, 0x69, 0x6e, 0x74, 0x2e, 0x77,
  0x20, 0x2d, 0x20, 0x6e, 0x65, 0x61, 0x72, 0x50, 0x6f, 0x69, 0x6e, 0x74,
  0x2e, 0x78, 0x79, 0x7a, 0x20, 0x2f, 0x20, 0x6e, 0x65, 0x61, 0x72, 0x50,
  0x6f, 0x69, 0x6e, 0x74, 0x2e, 0x77, 0x29, 0x3b, 0x0a, 0x0a, 0x20, 0x20,
  0x20, 0x20, 0x2f, 0x2f, 0x20, 0x61, 0x74, 0x61, 0x6e, 0x20, 0x69, 0x73,
  0x20, 0x75, 0x6e, 0x64, 0x65, 0x66, 0x69, 0x6e, 0x65, 0x64, 0x20, 0x61,
  0x74, 0x20, 0x74, 0x68, 0x65, 0x20, 0x70, 0x6f, 0x6c, 0x65, 0x73, 0x2c,
  0x20, 0x77, 0x68, 0x65, 0x72, 0x65, 0x20, 0x62, 0x6f, 0x74, 0x68, 0x20,
  0x61, 0x72, 0x67, 0x75, 0x6d, 0x65, 0x6e, 0x74, 0x73, 0x20, 0x61, 0x72,
  0x65, 0x20, 0x7a, 0x65, 0x72, 0x6f, 0x0a, 0x20, 0x20, 0x20, 0x20, 0x76,
  0x65, 0x63, 0x32, 0x20, 0x75, 0x76, 0x20, 0x3d, 0x20, 0x76, 0x65, 0x63,
  0x32, 0x28, 0x61, 0x74, 0x61, 0x6e, 0x28, 0x64, 0x2e, 0x78, 0x2c, 0x20,
  0x64, 0x2e, 0x7a, 0x20, 0x2b, 0x20, 0x31, 0x2e, 0x30, 0x65, 0x2d, 0x36,
  0x29, 0x20, 0x2f, 0x20, 0x28, 0x32, 0x2e, 0x30, 0x20, 0x2a, 0x20, 0x50,
  0x49, 0x29, 0x2c, 0x20, 0x61, 0x63, 0x6f, 0x73, 0x28, 0x63, 0x6c, 0x61,
  0x6d, 0x70, 0x28, 0x64, 0x2e, 0x79, 0x2c, 0x20, 0x2d, 0x31, 0x2e, 0x30,
  0x2c, 0x20, 0x31, 0x2e, 0x30, 0x29, 0x29, 0x20, 0x2f, 0x20, 0x50, 0x49,
  0x29, 0x3b, 0x0a, 0x20, 0x20, 0x20, 0x20, 0x76, 0x65, 0x63, 0x33, 0x20,
  0x63, 0x6f, 0x6c, 0x6f, 0x72, 0x20, 0x3d, 0x20, 0x74, 0x65, 0x78, 0x74,
  0x75, 0x72, 0x65, 0x4c, 0x6f, 0x64, 0x28, 0x73, 0x61, 0x6d, 0x70, 0x6c,
  0x65, 0x72, 0x32, 0x44, 0x28, 0x75, 0x5f, 0x65, 0x6e, 0x76, 0x69, 0x72,
  0x6f, 0x6e, 0x6d, 0x65, 0x6e, 0x74, 0x2c, 0x20, 0x73, 0x5f, 0x65, 0x6e,
  0x76, 0x69, 0x72, 0x6f, 0x6e, 0x6d, 0x65, 0x6e, 0x74, 0x29, 0x2c, 0x20,
  0x75, 0x76, 0x2c, 0x20, 0x62, 0x61, 0x63, 0x6b, 0x67, 0x72, 0x6f, 0x75,
  0x6e, 0x64, 0x2e, 0x69, 0x6e, 0x66, 0x6f, 0x2e, 0x79, 0x29, 0x2e, 0x72,
  0x67, 0x62, 0x3b, 0x0a, 0x0a, 0x20, 0x20, 0x20, 0x20, 0x63, 0x6f, 0x6c,
  0x6f, 0x72, 0x20, 0x3d, 0x20, 0x63, 0x6f, 0x6c, 0x6f, 0x72, 0x20, 0x2a,
  0x20, 0x28, 0x62, 0x61, 0x63, 0x6b, 0x67, 0x72, 0x6f, 0x75, 0x6e, 0x64,
  0x2e, 0x69, 0x6e, 0x66, 0x6f, 0x2e, 0x78, 0x20, 0x2a, 0x20, 0x62, 0x61,
  0x63, 0x6b, 0x67, 0x72, 0x6f, 0x75, 0x6e, 0x64, 0x2e, 0x69, 0x6e, 0x66,
  0x6f, 0x2e, 0x77, 0x29, 0x3b, 0x0a, 0x20, 0x20, 0x20, 0x20, 0x63, 0x6f,
  0x6c, 0x6f, 0x72, 0x20, 0x3d, 0x20, 0x62, 0x61, 0x63, 0x6b, 0x67, 0x72,
  0x6f, 0x75, 0x6e, 0x64, 0x2e, 0x69, 0x6e, 0x66, 0x6f, 0x2e, 0x7a, 0x20,
  0x3e, 0x20, 0x30, 0x2e, 0x35, 0x20, 0x3f, 0x20, 0x61, 0x63, 0x65, 0x73,
  0x46, 0x69, 0x6c, 0x6d, 0x69, 0x63, 0x28, 0x63, 0x6f, 0x6c, 0x6f, 0x72,
  0x29, 0x20, 0x3a, 0x20, 0x63, 0x6f, 0x6c, 0x6f, 0x72, 0x20, 0x2f, 0x20,
  0x28, 0x76, 0x65, 0x63, 0x33, 0x28, 0x31, 0x2e, 0x30, 0x29, 0x20, 0x2b,
  0x20, 0x63, 0x6f, 0x6c, 0x6f, 0x72, 0x29, 0x3b, 0x0a, 0x0a, 0x20, 0x20,
  0x20, 0x20, 0x66, 0x72, 0x61, 0x67, 0x43, 0x6f, 0x6c, 0x6f, 0x72, 0x20,
  0x3d, 0x20, 0x76, 0x65, 0x63, 0x34, 0x28, 0x6c, 0x69, 0x6e, 0x65, 0x61,
  0x72, 0x54, 0x6f, 0x53, 0x72, 0x67, 0x62, 0x28, 0x63, 0x6f, 0x6c, 0x6f,
  0x72, 0x29, 0x2c, 0x20, 0x31, 0x2e, 0x30, 0x29, 0x3b, 0x0a, 0x7d, 0x0a,
  0x00, 0x52, 0x45, 0x46, 0x4c, 0x2e, 0x03, 0x00, 0x00, 0x01, 0x00, 0x00,
  0x00, 0x00, 0x00, 0x00, 0x00, 0x04, 0x00, 0x00, 0x00, 0x6d, 0x61, 0x69,
  0x6e, 0x01, 0x00, 0x00, 0x00, 0x01, 0x00, 0x00, 0x00, 0x00, 0x00, 0x00,
  0x00, 0x0e, 0x00, 0x00, 0x00, 0x42, 0x61, 0x63, 0x6b, 0x67, 0x72, 0x6f,
  0x75, 0x6e, 0x64, 0x44, 0x61, 0x74, 0x61, 0x01, 0x00, 0x00, 0x00, 0x00,
  0x00, 0x00, 0x00, 0x00, 0x00, 0x00, 0x00, 0x00, 0x00, 0x00, 0x00, 0x01,
  0x00, 0x00, 0x00, 0x0f, 0x00, 0x00, 0x00, 0x01, 0x00, 0x00, 0x00, 0x01,
  0x00, 0x00, 0x00, 0x00, 0x00, 0x00, 0x00, 0x00, 0x00, 0x00, 0x00, 0x00,
  0x00, 0x00, 0x00, 0x02, 0x00, 0x00, 0x00, 0x00, 0x00, 0x00, 0x00, 0x15,
  0x00, 0x00, 0x00, 0x69, 0x6e, 0x76, 0x65, 0x72, 0x73, 0x65, 0x56, 0x69,
  0x65, 0x77, 0x50, 0x72, 0x6f, 0x6a, 0x65, 0x63, 0x74, 0x69, 0x6f, 0x6e,
  0x00, 0x00, 0x00, 0x00, 0x40, 0x00, 0x00, 0x00, 0x00, 0x00, 0x00, 0x00,
  0x10, 0x00, 0x00, 0x00, 0x0c, 0x00, 0x00, 0x00, 0x04, 0x00, 0x00, 0x00,
  0x04, 0x00, 0x00, 0x00, 0x20, 0x00, 0x00, 0x00, 0x00, 0x00, 0x00, 0x00,
  0x00, 0x00, 0x00, 0x00, 0x04, 0x00, 0x00, 0x00, 0x69, 0x6e, 0x66, 0x6f,
  0x40, 0x00, 0x00, 0x00, 0x10, 0x00, 0x00, 0x00, 0x00, 0x00, 0x00, 0x00,
  0x00, 0x00, 0x00, 0x00, 0x0c, 0x00, 0x00, 0x00, 0x04, 0x00, 0x00, 0x00,
  0x01, 0x00, 0x00, 0x00, 0x20, 0x00, 0x00, 0x00, 0x00, 0x00, 0x00, 0x00,
  0x00, 0x00, 0x00, 0x00, 0x00, 0x00, 0x00, 0x00, 0x00, 0x00, 0x00, 0x00,
  0x00, 0x00, 0x00, 0x50, 0x00, 0x00, 0x00, 0x44, 0x00, 0x00, 0x00, 0x00,
  0x00, 0x00, 0x00, 0xff, 0xff, 0xff, 0xff, 0x00, 0x00, 0x00, 0x00, 0x00,
  0x00, 0x00, 0x00, 0x01, 0x00, 0x00, 0x00, 0x00, 0x00, 0x00, 0x00, 0x06,
  0x00, 0x00, 0x00, 0x76, 0x5f, 0x63, 0x6c, 0x69, 0x70, 0x03, 0x00, 0x00,
  0x00, 0x00, 0x00, 0x00, 0x00, 0x00, 0x00, 0x00, 0x00, 0x00, 0x00, 0x00,
  0x00, 0x01, 0x00, 0x00, 0x00, 0x0c, 0x00, 0x00, 0x00, 0x02, 0x00, 0x00,
  0x00, 0x01, 0x00, 0x00, 0x00, 0x20, 0x00, 0x00, 0x00, 0x00, 0x00, 0x00,
  0x00, 0x00, 0x00, 0x00, 0x00, 0x00, 0x00, 0x00, 0x00, 0x00, 0x00, 0x00,
  0x00, 0x00, 0x00, 0x00, 0x00, 0x00, 0x00, 0x00, 0x00, 0x00, 0x00, 0x00,
  0x00, 0x00, 0x00, 0x00, 0x4c, 0x00, 0x00, 0x00, 0x00, 0x00, 0x00, 0x00,
  0xff, 0xff, 0xff, 0xff, 0x01, 0x00, 0x00, 0x00, 0x00, 0x00, 0x00, 0x00,
  0x09, 0x00, 0x00, 0x00, 0x66, 0x72, 0x61, 0x67, 0x43, 0x6f, 0x6c, 0x6f,
  0x72, 0x04, 0x00, 0x00, 0x00, 0x00, 0x00, 0x00, 0x00, 0x00, 0x00, 0x00,
  0x00, 0x00, 0x00, 0x00, 0x00, 0x01, 0x00, 0x00, 0x00, 0x0c, 0x00, 0x00,
  0x00, 0x04, 0x00, 0x00, 0x00, 0x01, 0x00, 0x00, 0x00, 0x20, 0x00, 0x00,
  0x00, 0x00, 0x00, 0x00, 0x00, 0x00, 0x00, 0x00, 0x00, 0x00, 0x00, 0x00,
  0x00, 0x00, 0x00, 0x00, 0x00, 0x00, 0x00, 0x00, 0x00, 0x00, 0x00, 0x00,
  0x00, 0x00, 0x00, 0x00, 0x00, 0x00, 0x00, 0x00, 0xae, 0x00, 0x00, 0x00,
  0x00, 0x00, 0x00, 0x00, 0xff, 0xff, 0xff, 0xff, 0x00, 0x00, 0x00, 0x00,
  0x00, 0x00, 0x00, 0x00, 0x00, 0x00, 0x00, 0x00, 0x00, 0x00, 0x00, 0x00,
  0x00, 0x00, 0x00, 0x00, 0x00, 0x00, 0x00, 0x00, 0x00, 0x00, 0x00, 0x00,
  0x00, 0x00, 0x00, 0x00, 0x00, 0x00, 0x00, 0x00, 0x00, 0x00, 0x00, 0x00,
  0x00, 0x00, 0x00, 0x00, 0x00, 0x00, 0x00, 0x00, 0x00, 0x00, 0x00, 0x00,
  0x00, 0x00, 0x00, 0x00, 0x00, 0x00, 0x00, 0x00, 0x00, 0x00, 0x00, 0x00,
  0x00, 0x00, 0x00, 0x00, 0x00, 0x00, 0x00, 0x00, 0x01, 0x00, 0x00, 0x00,
  0x00, 0x00, 0x00, 0x00, 0x0d, 0x00, 0x00, 0x00, 0x75, 0x5f, 0x65, 0x6e,
  0x76, 0x69, 0x72, 0x6f, 0x6e, 0x6d, 0x65, 0x6e, 0x74, 0x0a, 0x00, 0x00,
  0x00, 0x00, 0x00, 0x00, 0x00, 0x01, 0x00, 0x00, 0x00, 0x00, 0x00, 0x00,
  0x00, 0x01, 0x00, 0x00, 0x00, 0x10, 0x00, 0x00, 0x00, 0x01, 0x00, 0x00,
  0x00, 0x01, 0x00, 0x00, 0x00, 0x00, 0x00, 0x00, 0x00, 0x00, 0x00, 0x00,
  0x00, 0x00, 0x00, 0x00, 0x00, 0x00, 0x00, 0x00, 0x00, 0x00, 0x00, 0x00,
  0x00, 0x02, 0x00, 0x00, 0x00, 0x00, 0x00, 0x00, 0x00, 0x00, 0x00, 0x00,
  0x00, 0x00, 0x00, 0x00, 0x85, 0x00, 0x00, 0x00, 0x01, 0x00, 0x00, 0x00,
  0xff, 0xff, 0xff, 0xff, 0x01, 0x00, 0x00, 0x00, 0x00, 0x00, 0x00, 0x00,
  0x0d, 0x00, 0x00, 0x00, 0x73, 0x5f, 0x65, 0x6e, 0x76, 0x69, 0x72, 0x6f,
  0x6e, 0x6d, 0x65, 0x6e, 0x74, 0x0b, 0x00, 0x00, 0x00, 0x00, 0x00, 0x00,
  0x00, 0x02, 0x00, 0x00, 0x00, 0x00, 0x00, 0x00, 0x00, 0x01, 0x00, 0x00,
  0x00, 0x12, 0x00, 0x00, 0x00, 0x01, 0x00, 0x00, 0x00, 0x01, 0x00, 0x00,
  0x00, 0x00, 0x00, 0x00, 0x00, 0x00, 0x00, 0x00, 0x00, 0x00, 0x00, 0x00,
  0x00, 0x00, 0x00, 0x00, 0x00, 0x00, 0x00, 0x00, 0x00, 0x00, 0x00, 0x00,
  0x00, 0x00, 0x00, 0x00, 0x00, 0x00, 0x00, 0x00, 0x00, 0x00, 0x00, 0x00,
  0x89, 0x00, 0x00, 0x00, 0x02, 0x00, 0x00, 0x00, 0x02, 0x00, 0x00, 0x00,
  0x00, 0x00, 0x00, 0x00, 0x00, 0x00, 0x00, 0x00, 0x00, 0x00, 0x00, 0x00,
  0x00, 0x00, 0x00, 0x00, 0x00, 0x00, 0x00, 0x00, 0x00, 0x00, 0x00, 0x00,
  0x01, 0x00, 0x00, 0x00, 0x01, 0x00, 0x00, 0x00, 0x01, 0x00, 0x00, 0x00,
  0x00, 0x00, 0x00, 0x00, 0x00, 0x00, 0x00, 0x00, 0x00, 0x00, 0x00, 0x00,
  0x00, 0x00, 0x01, 0x00, 0x00, 0x00, 0x00, 0x00, 0x00, 0x00, 0x0d, 0x00,
  0x00, 0x00, 0x43, 0x61, 0x70, 0x61, 0x62, 0x69, 0x6c, 0x69, 0x74, 0x79,
  0x28, 0x31, 0x29, 0x00, 0x00, 0x00, 0x00, 0x00, 0x00, 0x00, 0x00, 0x00,
  0x00, 0x00, 0x00, 0x00, 0x00, 0x00, 0x00, 0x00
