#pragma once

const uint32_t atomic_resolve_coalesced_frag[] = {
    0x07230203,0x00010000,0x0008000b,0x00000a93,0x00000000,0x00020011,0x00000001,0x00020011,
    0x00000028,0x0006000b,0x00000001,0x4c534c47,0x6474732e,0x3035342e,0x00000000,0x0003000e,
    0x00000000,0x00000001,0x0007000f,0x00000004,0x00000004,0x6e69616d,0x00000000,0x0000033f,
    0x0000041a,0x00030010,0x00000004,0x00000007,0x00030003,0x00000002,0x000001cc,0x00090004,
    0x415f4c47,0x735f4252,0x65646168,0x6d695f72,0x5f656761,0x64616f6c,0x6f74735f,0x00006572,
    0x000a0004,0x415f4c47,0x735f4252,0x65646168,0x74735f72,0x6761726f,0x75625f65,0x72656666,
    0x6a626f5f,0x00746365,0x000b0004,0x455f4c47,0x735f5458,0x6c706d61,0x656c7265,0x745f7373,
    0x75747865,0x665f6572,0x74636e75,0x736e6f69,0x00000000,0x000a0004,0x475f4c47,0x4c474f4f,
    0x70635f45,0x74735f70,0x5f656c79,0x656e696c,0x7269645f,0x69746365,0x00006576,0x00080004,
    0x475f4c47,0x4c474f4f,0x6e695f45,0x64756c63,0x69645f65,0x74636572,0x00657669,0x00040005,
    0x00000004,0x6e69616d,0x00000000,0x00030005,0x00000261,0x00006753,0x00030005,0x000002d8,
    0x00006542,0x00040006,0x000002d8,0x00000000,0x00003158,0x00030005,0x000002da,0x00004354,
    0x00030005,0x000002ea,0x00006751,0x00030005,0x00000303,0x0000674d,0x00040005,0x00000311,
    0x30643742,0x00000000,0x00030005,0x0000031c,0x0000674e,0x00030005,0x0000032a,0x00006543,
    0x00040006,0x0000032a,0x00000000,0x00003158,0x00030005,0x0000032c,0x00004250,0x00060005,
    0x0000033f,0x465f6c67,0x43676172,0x64726f6f,0x00000000,0x00030005,0x000003a1,0x00004444,
    0x00030005,0x000003a5,0x00006242,0x00030005,0x000003b2,0x0000674f,0x00040005,0x000003c8,
    0x30673742,0x00000000,0x00030005,0x000003e4,0x00000045,0x00030005,0x000003e9,0x00003270,
    0x00030005,0x000003ec,0x00003470,0x00030005,0x000003f2,0x0000306d,0x00040005,0x000003f6,
    0x61726170,0x0000006d,0x00030005,0x000003f8,0x00003145,0x00040005,0x000003fc,0x61726170,
    0x0000006d,0x00040005,0x000003fe,0x61726170,0x0000006d,0x00030005,0x00000401,0x00000050,
    0x00040005,0x00000402,0x61726170,0x0000006d,0x00040005,0x00000404,0x61726170,0x0000006d,
    0x00040005,0x00000406,0x61726170,0x0000006d,0x00030005,0x0000040b,0x00003648,0x00030005,
    0x0000041a,0x0000316c,0x00040047,0x00000261,0x00000001,0x00000006,0x00040047,0x000002d7,
    0x00000006,0x00000008,0x00030047,0x000002d8,0x00000003,0x00040048,0x000002d8,0x00000000,
    0x00000018,0x00050048,0x000002d8,0x00000000,0x00000023,0x00000000,0x00030047,0x000002da,
    0x00000018,0x00040047,0x000002da,0x00000021,0x00000004,0x00040047,0x000002da,0x00000022,
    0x00000000,0x00040047,0x000002ea,0x00000001,0x00000004,0x00040047,0x00000303,0x00000001,
    0x00000000,0x00030047,0x00000311,0x00000000,0x00040047,0x00000311,0x00000021,0x00000001,
    0x00040047,0x00000311,0x00000022,0x00000002,0x00040047,0x00000311,0x0000002b,0x00000001,
    0x00040047,0x0000031c,0x00000001,0x00000001,0x00040047,0x00000329,0x00000006,0x00000010,
    0x00030047,0x0000032a,0x00000003,0x00040048,0x0000032a,0x00000000,0x00000018,0x00050048,
    0x0000032a,0x00000000,0x00000023,0x00000000,0x00030047,0x0000032c,0x00000018,0x00040047,
    0x0000032c,0x00000021,0x00000005,0x00040047,0x0000032c,0x00000022,0x00000000,0x00040047,
    0x0000033f,0x0000000b,0x0000000f,0x00030047,0x000003a1,0x00000000,0x00040047,0x000003a1,
    0x00000021,0x00000009,0x00040047,0x000003a1,0x00000022,0x00000000,0x00030047,0x000003a5,
    0x00000000,0x00040047,0x000003a5,0x00000021,0x00000009,0x00040047,0x000003a5,0x00000022,
    0x00000000,0x00040047,0x000003b2,0x00000001,0x00000002,0x00030047,0x000003c8,0x00000000,
    0x00040047,0x000003c8,0x00000021,0x00000000,0x00040047,0x000003c8,0x00000022,0x00000002,
    0x00040047,0x000003c8,0x0000002b,0x00000000,0x00030047,0x000003ec,0x00000017,0x00040047,
    0x000003ec,0x00000021,0x00000003,0x00040047,0x000003ec,0x00000022,0x00000002,0x00030047,
    0x000003f2,0x00000000,0x00030047,0x000003f8,0x00000000,0x00030047,0x000003fe,0x00000000,
    0x00030047,0x000003ff,0x00000000,0x00030047,0x00000401,0x00000000,0x00030047,0x00000403,
    0x00000000,0x00030047,0x00000404,0x00000000,0x00030047,0x00000405,0x00000000,0x00030047,
    0x00000406,0x00000000,0x00030047,0x0000040d,0x00000000,0x00030047,0x0000040e,0x00000000,
    0x00030047,0x00000413,0x00000000,0x00030047,0x00000414,0x00000000,0x00030047,0x00000417,
    0x00000000,0x00030047,0x0000041a,0x00000000,0x00040047,0x0000041a,0x0000001e,0x00000000,
    0x00030047,0x0000041b,0x00000000,0x00030047,0x00000430,0x00000000,0x00030047,0x00000437,
    0x00000000,0x00030047,0x00000438,0x00000000,0x00030047,0x0000043b,0x00000000,0x00030047,
    0x0000043c,0x00000000,0x00030047,0x0000043d,0x00000000,0x00030047,0x00000440,0x00000000,
    0x00030047,0x00000441,0x00000000,0x00030047,0x00000443,0x00000000,0x00030047,0x00000445,
    0x00000000,0x00030047,0x00000446,0x00000000,0x00030047,0x00000447,0x00000000,0x00030047,
    0x0000044a,0x00000000,0x00030047,0x0000044b,0x00000000,0x00030047,0x00000450,0x00000000,
    0x00030047,0x00000452,0x00000000,0x00030047,0x00000454,0x00000000,0x00030047,0x0000045d,
    0x00000000,0x00030047,0x0000045f,0x00000000,0x00030047,0x00000460,0x00000000,0x00030047,
    0x00000461,0x00000000,0x00030047,0x00000462,0x00000000,0x00030047,0x00000467,0x00000000,
    0x00030047,0x0000046d,0x00000000,0x00030047,0x0000046e,0x00000000,0x00030047,0x00000477,
    0x00000000,0x00030047,0x00000478,0x00000000,0x00030047,0x00000479,0x00000000,0x00030047,
    0x0000047a,0x00000000,0x00030047,0x0000047b,0x00000000,0x00030047,0x0000047c,0x00000000,
    0x00030047,0x0000047d,0x00000000,0x00030047,0x00000480,0x00000000,0x00030047,0x00000483,
    0x00000000,0x00030047,0x0000048b,0x00000000,0x00030047,0x0000048c,0x00000000,0x00030047,
    0x0000048e,0x00000000,0x00030047,0x000004b7,0x00000000,0x00030047,0x000004b9,0x00000000,
    0x00030047,0x000004ba,0x00000000,0x00030047,0x000004bb,0x00000000,0x00030047,0x000004bc,
    0x00000000,0x00030047,0x000004bd,0x00000000,0x00030047,0x000004be,0x00000000,0x00030047,
    0x000004bf,0x00000000,0x00030047,0x000004f8,0x00000000,0x00030047,0x000004f9,0x00000000,
    0x00030047,0x000004fe,0x00000000,0x00030047,0x00000500,0x00000000,0x00030047,0x00000502,
    0x00000000,0x00030047,0x00000503,0x00000000,0x00030047,0x00000507,0x00000000,0x00030047,
    0x00000515,0x00000000,0x00030047,0x00000516,0x00000000,0x00030047,0x00000517,0x00000000,
    0x00030047,0x00000518,0x00000000,0x00030047,0x00000519,0x00000000,0x00030047,0x0000051a,
    0x00000000,0x00030047,0x00000524,0x00000000,0x00030047,0x00000525,0x00000000,0x00030047,
    0x00000526,0x00000000,0x00030047,0x00000527,0x00000000,0x00030047,0x0000052e,0x00000000,
    0x00030047,0x00000530,0x00000000,0x00030047,0x00000531,0x00000000,0x00030047,0x00000533,
    0x00000000,0x00030047,0x00000534,0x00000000,0x00030047,0x00000536,0x00000000,0x00030047,
    0x00000537,0x00000000,0x00030047,0x00000541,0x00000000,0x00030047,0x00000543,0x00000000,
    0x00030047,0x00000544,0x00000000,0x00030047,0x00000547,0x00000000,0x00030047,0x00000548,
    0x00000000,0x00030047,0x0000054a,0x00000000,0x00030047,0x0000054c,0x00000000,0x00030047,
    0x0000054e,0x00000000,0x00030047,0x0000055c,0x00000000,0x00030047,0x0000055d,0x00000000,
    0x00030047,0x00000560,0x00000000,0x00030047,0x00000561,0x00000000,0x00030047,0x00000562,
    0x00000000,0x00030047,0x00000564,0x00000000,0x00030047,0x00000566,0x00000000,0x00030047,
    0x00000568,0x00000000,0x00030047,0x0000056a,0x00000000,0x00030047,0x0000056c,0x00000000,
    0x00030047,0x0000057a,0x00000000,0x00030047,0x0000057b,0x00000000,0x00030047,0x0000057e,
    0x00000000,0x00030047,0x0000057f,0x00000000,0x00030047,0x00000580,0x00000000,0x00030047,
    0x00000581,0x00000000,0x00030047,0x00000582,0x00000000,0x00030047,0x00000583,0x00000000,
    0x00030047,0x00000584,0x00000000,0x00030047,0x00000586,0x00000000,0x00030047,0x00000587,
    0x00000000,0x00030047,0x00000588,0x00000000,0x00030047,0x0000058a,0x00000000,0x00030047,
    0x0000058b,0x00000000,0x00030047,0x0000058d,0x00000000,0x00030047,0x0000058f,0x00000000,
    0x00030047,0x00000590,0x00000000,0x00030047,0x00000591,0x00000000,0x00030047,0x00000592,
    0x00000000,0x00030047,0x00000593,0x00000000,0x00030047,0x00000594,0x00000000,0x00030047,
    0x00000595,0x00000000,0x00030047,0x00000596,0x00000000,0x00030047,0x00000597,0x00000000,
    0x00030047,0x00000598,0x00000000,0x00030047,0x00000599,0x00000000,0x00030047,0x0000059a,
    0x00000000,0x00030047,0x0000059b,0x00000000,0x00030047,0x0000059c,0x00000000,0x00030047,
    0x0000059d,0x00000000,0x00030047,0x0000059e,0x00000000,0x00030047,0x0000059f,0x00000000,
    0x00030047,0x000005a0,0x00000000,0x00030047,0x000005a1,0x00000000,0x00030047,0x000005a2,
    0x00000000,0x00030047,0x000005a4,0x00000000,0x00030047,0x000005a5,0x00000000,0x00030047,
    0x000005a6,0x00000000,0x00030047,0x000005a7,0x00000000,0x00030047,0x000005a8,0x00000000,
    0x00030047,0x000005a9,0x00000000,0x00030047,0x000005aa,0x00000000,0x00030047,0x000005ab,
    0x00000000,0x00030047,0x000005ac,0x00000000,0x00030047,0x000005ad,0x00000000,0x00030047,
    0x000005ae,0x00000000,0x00030047,0x000005af,0x00000000,0x00030047,0x000005b0,0x00000000,
    0x00030047,0x000005b1,0x00000000,0x00030047,0x000005b2,0x00000000,0x00030047,0x000005b3,
    0x00000000,0x00030047,0x000005b4,0x00000000,0x00030047,0x000005b5,0x00000000,0x00030047,
    0x000005b6,0x00000000,0x00030047,0x000005b8,0x00000000,0x00030047,0x000005ba,0x00000000,
    0x00030047,0x000005bc,0x00000000,0x00030047,0x000005bd,0x00000000,0x00030047,0x000005be,
    0x00000000,0x00030047,0x000005c0,0x00000000,0x00030047,0x000005c1,0x00000000,0x00030047,
    0x000005c2,0x00000000,0x00030047,0x000005c3,0x00000000,0x00030047,0x000005c4,0x00000000,
    0x00030047,0x000005c5,0x00000000,0x00030047,0x000005c6,0x00000000,0x00030047,0x000005c8,
    0x00000000,0x00030047,0x000005c9,0x00000000,0x00030047,0x000005ca,0x00000000,0x00030047,
    0x000005cb,0x00000000,0x00030047,0x000005cc,0x00000000,0x00030047,0x000005cd,0x00000000,
    0x00030047,0x000005ce,0x00000000,0x00030047,0x000005cf,0x00000000,0x00030047,0x000005d0,
    0x00000000,0x00030047,0x000005d1,0x00000000,0x00030047,0x000005d2,0x00000000,0x00030047,
    0x000005d4,0x00000000,0x00030047,0x000005d5,0x00000000,0x00030047,0x000005d6,0x00000000,
    0x00030047,0x000005d8,0x00000000,0x00030047,0x000005d9,0x00000000,0x00030047,0x000005da,
    0x00000000,0x00030047,0x000005dc,0x00000000,0x00030047,0x000005dd,0x00000000,0x00030047,
    0x000005de,0x00000000,0x00030047,0x000005e0,0x00000000,0x00030047,0x000005e1,0x00000000,
    0x00030047,0x000005e3,0x00000000,0x00030047,0x000005e4,0x00000000,0x00030047,0x000005e5,
    0x00000000,0x00030047,0x000005ec,0x00000000,0x00030047,0x000005ed,0x00000000,0x00030047,
    0x000005f0,0x00000000,0x00030047,0x000005f2,0x00000000,0x00030047,0x000005f3,0x00000000,
    0x00030047,0x000005f5,0x00000000,0x00030047,0x000005f6,0x00000000,0x00030047,0x000005f7,
    0x00000000,0x00030047,0x000005f8,0x00000000,0x00030047,0x000005f9,0x00000000,0x00030047,
    0x000005fa,0x00000000,0x00030047,0x000005fb,0x00000000,0x00030047,0x000005fc,0x00000000,
    0x00030047,0x000005fd,0x00000000,0x00030047,0x000005ff,0x00000000,0x00030047,0x00000600,
    0x00000000,0x00030047,0x00000602,0x00000000,0x00030047,0x00000605,0x00000000,0x00030047,
    0x00000606,0x00000000,0x00030047,0x00000607,0x00000000,0x00030047,0x00000609,0x00000000,
    0x00030047,0x0000060a,0x00000000,0x00030047,0x0000060b,0x00000000,0x00030047,0x00000613,
    0x00000000,0x00030047,0x00000619,0x00000000,0x00030047,0x0000061a,0x00000000,0x00030047,
    0x0000061b,0x00000000,0x00030047,0x0000061c,0x00000000,0x00030047,0x0000061d,0x00000000,
    0x00030047,0x0000061f,0x00000000,0x00030047,0x00000620,0x00000000,0x00030047,0x00000622,
    0x00000000,0x00030047,0x00000623,0x00000000,0x00030047,0x00000624,0x00000000,0x00030047,
    0x00000625,0x00000000,0x00030047,0x00000626,0x00000000,0x00030047,0x00000627,0x00000000,
    0x00030047,0x00000628,0x00000000,0x00030047,0x0000062a,0x00000000,0x00030047,0x0000062b,
    0x00000000,0x00030047,0x0000062c,0x00000000,0x00030047,0x0000062e,0x00000000,0x00030047,
    0x0000062f,0x00000000,0x00030047,0x00000630,0x00000000,0x00030047,0x00000631,0x00000000,
    0x00030047,0x00000632,0x00000000,0x00030047,0x00000633,0x00000000,0x00030047,0x00000634,
    0x00000000,0x00030047,0x00000635,0x00000000,0x00030047,0x00000636,0x00000000,0x00030047,
    0x00000637,0x00000000,0x00030047,0x00000638,0x00000000,0x00030047,0x0000063a,0x00000000,
    0x00030047,0x0000063b,0x00000000,0x00030047,0x0000063c,0x00000000,0x00030047,0x00000645,
    0x00000000,0x00030047,0x0000064b,0x00000000,0x00030047,0x0000064c,0x00000000,0x00030047,
    0x00000651,0x00000000,0x00030047,0x00000657,0x00000000,0x00030047,0x00000658,0x00000000,
    0x00030047,0x00000659,0x00000000,0x00030047,0x0000065c,0x00000000,0x00030047,0x0000065d,
    0x00000000,0x00030047,0x0000065e,0x00000000,0x00030047,0x00000664,0x00000000,0x00030047,
    0x00000665,0x00000000,0x00030047,0x00000666,0x00000000,0x00030047,0x0000066e,0x00000000,
    0x00030047,0x0000066f,0x00000000,0x00030047,0x00000670,0x00000000,0x00030047,0x00000671,
    0x00000000,0x00030047,0x00000672,0x00000000,0x00030047,0x00000673,0x00000000,0x00030047,
    0x00000674,0x00000000,0x00030047,0x00000675,0x00000000,0x00030047,0x00000676,0x00000000,
    0x00030047,0x00000678,0x00000000,0x00030047,0x00000679,0x00000000,0x00030047,0x0000067a,
    0x00000000,0x00030047,0x0000067b,0x00000000,0x00030047,0x0000067d,0x00000000,0x00030047,
    0x0000067e,0x00000000,0x00030047,0x0000067f,0x00000000,0x00030047,0x00000680,0x00000000,
    0x00030047,0x00000681,0x00000000,0x00030047,0x00000682,0x00000000,0x00030047,0x00000683,
    0x00000000,0x00030047,0x00000684,0x00000000,0x00030047,0x00000687,0x00000000,0x00030047,
    0x0000068a,0x00000000,0x00030047,0x0000068b,0x00000000,0x00030047,0x0000068c,0x00000000,
    0x00030047,0x0000068d,0x00000000,0x00030047,0x00000692,0x00000000,0x00030047,0x00000695,
    0x00000000,0x00030047,0x00000696,0x00000000,0x00030047,0x00000697,0x00000000,0x00030047,
    0x00000698,0x00000000,0x00030047,0x0000069d,0x00000000,0x00030047,0x000006a0,0x00000000,
    0x00030047,0x000006a1,0x00000000,0x00030047,0x000006a2,0x00000000,0x00030047,0x000006a7,
    0x00000000,0x00030047,0x000006aa,0x00000000,0x00030047,0x000006ab,0x00000000,0x00030047,
    0x000006ac,0x00000000,0x00030047,0x000006b0,0x00000000,0x00030047,0x000006b1,0x00000000,
    0x00030047,0x000006b2,0x00000000,0x00030047,0x000006b4,0x00000000,0x00030047,0x000006b5,
    0x00000000,0x00030047,0x000006b7,0x00000000,0x00030047,0x000006bb,0x00000000,0x00030047,
    0x000006bc,0x00000000,0x00030047,0x000006bf,0x00000000,0x00030047,0x000006c0,0x00000000,
    0x00030047,0x000006c1,0x00000000,0x00030047,0x000006c2,0x00000000,0x00030047,0x000006c4,
    0x00000000,0x00030047,0x000006c6,0x00000000,0x00030047,0x000006c8,0x00000000,0x00030047,
    0x000006ca,0x00000000,0x00030047,0x000006cb,0x00000000,0x00030047,0x000006cc,0x00000000,
    0x00030047,0x000006ce,0x00000000,0x00030047,0x000006d0,0x00000000,0x00030047,0x000006d2,
    0x00000000,0x00030047,0x000006d4,0x00000000,0x00030047,0x000006d5,0x00000000,0x00030047,
    0x000006d6,0x00000000,0x00030047,0x000006d8,0x00000000,0x00030047,0x000006da,0x00000000,
    0x00030047,0x000006dc,0x00000000,0x00030047,0x000006de,0x00000000,0x00030047,0x000006df,
    0x00000000,0x00030047,0x000006e0,0x00000000,0x00030047,0x000006e2,0x00000000,0x00030047,
    0x000006e4,0x00000000,0x00030047,0x000006e6,0x00000000,0x00030047,0x000006e8,0x00000000,
    0x00030047,0x000006e9,0x00000000,0x00030047,0x000006ea,0x00000000,0x00030047,0x000006ec,
    0x00000000,0x00030047,0x000006ee,0x00000000,0x00030047,0x000006f0,0x00000000,0x00030047,
    0x000006f2,0x00000000,0x00030047,0x000006f3,0x00000000,0x00030047,0x000006f4,0x00000000,
    0x00030047,0x000006f6,0x00000000,0x00030047,0x000006f8,0x00000000,0x00030047,0x000006fa,
    0x00000000,0x00030047,0x000006fc,0x00000000,0x00030047,0x000006fd,0x00000000,0x00030047,
    0x000006fe,0x00000000,0x00030047,0x00000700,0x00000000,0x00030047,0x00000702,0x00000000,
    0x00030047,0x00000704,0x00000000,0x00030047,0x00000706,0x00000000,0x00030047,0x00000707,
    0x00000000,0x00030047,0x00000708,0x00000000,0x00030047,0x0000070a,0x00000000,0x00030047,
    0x0000070c,0x00000000,0x00030047,0x0000070e,0x00000000,0x00030047,0x00000710,0x00000000,
    0x00030047,0x00000711,0x00000000,0x00030047,0x00000712,0x00000000,0x00030047,0x00000714,
    0x00000000,0x00030047,0x00000716,0x00000000,0x00030047,0x00000718,0x00000000,0x00030047,
    0x0000071a,0x00000000,0x00030047,0x0000071b,0x00000000,0x00030047,0x0000071c,0x00000000,
    0x00030047,0x0000071e,0x00000000,0x00030047,0x00000720,0x00000000,0x00030047,0x00000722,
    0x00000000,0x00030047,0x00000724,0x00000000,0x00030047,0x00000725,0x00000000,0x00030047,
    0x00000726,0x00000000,0x00030047,0x00000728,0x00000000,0x00030047,0x0000072a,0x00000000,
    0x00030047,0x0000072c,0x00000000,0x00030047,0x0000072e,0x00000000,0x00030047,0x0000072f,
    0x00000000,0x00030047,0x00000730,0x00000000,0x00030047,0x00000732,0x00000000,0x00030047,
    0x00000734,0x00000000,0x00030047,0x00000736,0x00000000,0x00030047,0x00000738,0x00000000,
    0x00030047,0x00000739,0x00000000,0x00030047,0x0000073a,0x00000000,0x00030047,0x0000073c,
    0x00000000,0x00030047,0x0000073e,0x00000000,0x00030047,0x00000740,0x00000000,0x00030047,
    0x00000742,0x00000000,0x00030047,0x00000743,0x00000000,0x00030047,0x00000744,0x00000000,
    0x00030047,0x00000746,0x00000000,0x00030047,0x00000748,0x00000000,0x00030047,0x0000074a,
    0x00000000,0x00030047,0x0000074c,0x00000000,0x00030047,0x0000074e,0x00000000,0x00030047,
    0x0000074f,0x00000000,0x00030047,0x00000750,0x00000000,0x00030047,0x00000752,0x00000000,
    0x00030047,0x00000754,0x00000000,0x00030047,0x00000755,0x00000000,0x00030047,0x00000756,
    0x00000000,0x00030047,0x00000758,0x00000000,0x00030047,0x0000075a,0x00000000,0x00030047,
    0x0000075c,0x00000000,0x00030047,0x0000075d,0x00000000,0x00030047,0x0000075f,0x00000000,
    0x00030047,0x00000760,0x00000000,0x00030047,0x00000761,0x00000000,0x00030047,0x00000762,
    0x00000000,0x00030047,0x00000768,0x00000000,0x00030047,0x0000076b,0x00000000,0x00030047,
    0x0000076d,0x00000000,0x00030047,0x0000076e,0x00000000,0x00030047,0x00000770,0x00000000,
    0x00030047,0x00000771,0x00000000,0x00030047,0x00000774,0x00000000,0x00030047,0x00000775,
    0x00000000,0x00030047,0x00000776,0x00000000,0x00030047,0x00000779,0x00000000,0x00030047,
    0x0000077b,0x00000000,0x00030047,0x0000077c,0x00000000,0x00030047,0x0000077d,0x00000000,
    0x00030047,0x0000077e,0x00000000,0x00030047,0x00000780,0x00000000,0x00030047,0x00000781,
    0x00000000,0x00030047,0x00000784,0x00000000,0x00030047,0x00000785,0x00000000,0x00030047,
    0x00000786,0x00000000,0x00030047,0x00000789,0x00000000,0x00030047,0x0000078b,0x00000000,
    0x00030047,0x0000078c,0x00000000,0x00030047,0x0000078d,0x00000000,0x00030047,0x0000078e,
    0x00000000,0x00030047,0x00000790,0x00000000,0x00030047,0x00000791,0x00000000,0x00030047,
    0x00000794,0x00000000,0x00030047,0x00000795,0x00000000,0x00030047,0x00000796,0x00000000,
    0x00030047,0x00000799,0x00000000,0x00030047,0x0000079b,0x00000000,0x00030047,0x0000079c,
    0x00000000,0x00030047,0x0000079d,0x00000000,0x00030047,0x0000079e,0x00000000,0x00030047,
    0x000007a0,0x00000000,0x00030047,0x000007a1,0x00000000,0x00030047,0x000007a4,0x00000000,
    0x00030047,0x000007a5,0x00000000,0x00030047,0x000007a6,0x00000000,0x00030047,0x000007a9,
    0x00000000,0x00030047,0x000007ab,0x00000000,0x00030047,0x000007ac,0x00000000,0x00030047,
    0x000007ad,0x00000000,0x00030047,0x000007ae,0x00000000,0x00030047,0x000007af,0x00000000,
    0x00030047,0x000007b0,0x00000000,0x00030047,0x000007b1,0x00000000,0x00030047,0x000007b2,
    0x00000000,0x00030047,0x000007b3,0x00000000,0x00030047,0x000007b4,0x00000000,0x00030047,
    0x000007b5,0x00000000,0x00030047,0x000007b6,0x00000000,0x00030047,0x000007b7,0x00000000,
    0x00030047,0x000007b8,0x00000000,0x00030047,0x000007b9,0x00000000,0x00030047,0x000007ba,
    0x00000000,0x00030047,0x000007bb,0x00000000,0x00030047,0x000007bd,0x00000000,0x00030047,
    0x000007bf,0x00000000,0x00030047,0x000007c0,0x00000000,0x00030047,0x000007c2,0x00000000,
    0x00030047,0x000007c3,0x00000000,0x00030047,0x000007c4,0x00000000,0x00030047,0x000007c5,
    0x00000000,0x00030047,0x000007c6,0x00000000,0x00030047,0x000007c9,0x00000000,0x00030047,
    0x000007cb,0x00000000,0x00030047,0x000007cc,0x00000000,0x00030047,0x000007cf,0x00000000,
    0x00030047,0x000007d0,0x00000000,0x00030047,0x000007d3,0x00000000,0x00030047,0x000007d5,
    0x00000000,0x00030047,0x000007d6,0x00000000,0x00030047,0x000007d7,0x00000000,0x00030047,
    0x000007d8,0x00000000,0x00030047,0x000007d9,0x00000000,0x00030047,0x000007da,0x00000000,
    0x00030047,0x000007db,0x00000000,0x00030047,0x000007dc,0x00000000,0x00030047,0x000007dd,
    0x00000000,0x00030047,0x000007de,0x00000000,0x00030047,0x000007df,0x00000000,0x00030047,
    0x000007e0,0x00000000,0x00030047,0x000007e1,0x00000000,0x00030047,0x000007e3,0x00000000,
    0x00030047,0x000007e5,0x00000000,0x00030047,0x000007e6,0x00000000,0x00030047,0x000007e7,
    0x00000000,0x00030047,0x000007e9,0x00000000,0x00030047,0x000007eb,0x00000000,0x00030047,
    0x000007ed,0x00000000,0x00030047,0x000007ef,0x00000000,0x00030047,0x000007f0,0x00000000,
    0x00030047,0x000007f1,0x00000000,0x00030047,0x000007f2,0x00000000,0x00030047,0x000007f3,
    0x00000000,0x00030047,0x000007f5,0x00000000,0x00030047,0x000007f7,0x00000000,0x00030047,
    0x000007f8,0x00000000,0x00030047,0x000007f9,0x00000000,0x00030047,0x000007fb,0x00000000,
    0x00030047,0x000007fd,0x00000000,0x00030047,0x000007ff,0x00000000,0x00030047,0x00000801,
    0x00000000,0x00030047,0x00000802,0x00000000,0x00030047,0x00000803,0x00000000,0x00030047,
    0x00000805,0x00000000,0x00030047,0x00000807,0x00000000,0x00030047,0x00000809,0x00000000,
    0x00030047,0x0000080a,0x00000000,0x00030047,0x0000080b,0x00000000,0x00030047,0x0000080d,
    0x00000000,0x00030047,0x0000080f,0x00000000,0x00030047,0x00000811,0x00000000,0x00030047,
    0x00000812,0x00000000,0x00030047,0x00000813,0x00000000,0x00030047,0x00000815,0x00000000,
    0x00030047,0x00000816,0x00000000,0x00030047,0x00000819,0x00000000,0x00030047,0x0000081a,
    0x00000000,0x00030047,0x0000081b,0x00000000,0x00030047,0x0000081e,0x00000000,0x00030047,
    0x00000820,0x00000000,0x00030047,0x00000821,0x00000000,0x00030047,0x00000822,0x00000000,
    0x00030047,0x00000823,0x00000000,0x00030047,0x00000825,0x00000000,0x00030047,0x00000826,
    0x00000000,0x00030047,0x00000829,0x00000000,0x00030047,0x0000082a,0x00000000,0x00030047,
    0x0000082b,0x00000000,0x00030047,0x0000082e,0x00000000,0x00030047,0x00000830,0x00000000,
    0x00030047,0x00000831,0x00000000,0x00030047,0x00000832,0x00000000,0x00030047,0x00000833,
    0x00000000,0x00030047,0x00000835,0x00000000,0x00030047,0x00000837,0x00000000,0x00030047,
    0x00000839,0x00000000,0x00030047,0x0000083a,0x00000000,0x00030047,0x0000083c,0x00000000,
    0x00030047,0x0000083d,0x00000000,0x00030047,0x0000083e,0x00000000,0x00030047,0x00000840,
    0x00000000,0x00030047,0x00000842,0x00000000,0x00030047,0x00000844,0x00000000,0x00030047,
    0x00000846,0x00000000,0x00030047,0x00000847,0x00000000,0x00030047,0x00000848,0x00000000,
    0x00030047,0x0000084a,0x00000000,0x00030047,0x0000084c,0x00000000,0x00030047,0x0000084e,
    0x00000000,0x00030047,0x00000850,0x00000000,0x00030047,0x00000852,0x00000000,0x00030047,
    0x00000853,0x00000000,0x00030047,0x00000854,0x00000000,0x00030047,0x00000856,0x00000000,
    0x00030047,0x00000858,0x00000000,0x00030047,0x00000859,0x00000000,0x00030047,0x0000085a,
    0x00000000,0x00030047,0x0000085c,0x00000000,0x00030047,0x0000085e,0x00000000,0x00030047,
    0x00000860,0x00000000,0x00030047,0x00000861,0x00000000,0x00030047,0x00000863,0x00000000,
    0x00030047,0x00000864,0x00000000,0x00030047,0x00000865,0x00000000,0x00030047,0x00000866,
    0x00000000,0x00030047,0x0000086c,0x00000000,0x00030047,0x0000086f,0x00000000,0x00030047,
    0x00000871,0x00000000,0x00030047,0x00000872,0x00000000,0x00030047,0x00000874,0x00000000,
    0x00030047,0x00000875,0x00000000,0x00030047,0x00000878,0x00000000,0x00030047,0x00000879,
    0x00000000,0x00030047,0x0000087a,0x00000000,0x00030047,0x0000087d,0x00000000,0x00030047,
    0x0000087f,0x00000000,0x00030047,0x00000880,0x00000000,0x00030047,0x00000881,0x00000000,
    0x00030047,0x00000882,0x00000000,0x00030047,0x00000884,0x00000000,0x00030047,0x00000885,
    0x00000000,0x00030047,0x00000888,0x00000000,0x00030047,0x00000889,0x00000000,0x00030047,
    0x0000088a,0x00000000,0x00030047,0x0000088d,0x00000000,0x00030047,0x0000088f,0x00000000,
    0x00030047,0x00000890,0x00000000,0x00030047,0x00000891,0x00000000,0x00030047,0x00000892,
    0x00000000,0x00030047,0x00000894,0x00000000,0x00030047,0x00000895,0x00000000,0x00030047,
    0x00000898,0x00000000,0x00030047,0x00000899,0x00000000,0x00030047,0x0000089a,0x00000000,
    0x00030047,0x0000089d,0x00000000,0x00030047,0x0000089f,0x00000000,0x00030047,0x000008a0,
    0x00000000,0x00030047,0x000008a1,0x00000000,0x00030047,0x000008a2,0x00000000,0x00030047,
    0x000008a4,0x00000000,0x00030047,0x000008a5,0x00000000,0x00030047,0x000008a8,0x00000000,
    0x00030047,0x000008a9,0x00000000,0x00030047,0x000008aa,0x00000000,0x00030047,0x000008ad,
    0x00000000,0x00030047,0x000008af,0x00000000,0x00030047,0x000008b0,0x00000000,0x00030047,
    0x000008b1,0x00000000,0x00030047,0x000008b2,0x00000000,0x00030047,0x000008b3,0x00000000,
    0x00030047,0x000008b4,0x00000000,0x00030047,0x000008b5,0x00000000,0x00030047,0x000008b6,
    0x00000000,0x00030047,0x000008b7,0x00000000,0x00030047,0x000008b8,0x00000000,0x00030047,
    0x000008b9,0x00000000,0x00030047,0x000008ba,0x00000000,0x00030047,0x000008bb,0x00000000,
    0x00030047,0x000008bc,0x00000000,0x00030047,0x000008bd,0x00000000,0x00030047,0x000008be,
    0x00000000,0x00030047,0x000008bf,0x00000000,0x00030047,0x000008c1,0x00000000,0x00030047,
    0x000008c3,0x00000000,0x00030047,0x000008c4,0x00000000,0x00030047,0x000008c6,0x00000000,
    0x00030047,0x000008c7,0x00000000,0x00030047,0x000008c8,0x00000000,0x00030047,0x000008c9,
    0x00000000,0x00030047,0x000008ca,0x00000000,0x00030047,0x000008cd,0x00000000,0x00030047,
    0x000008cf,0x00000000,0x00030047,0x000008d0,0x00000000,0x00030047,0x000008d3,0x00000000,
    0x00030047,0x000008d4,0x00000000,0x00030047,0x000008d7,0x00000000,0x00030047,0x000008d9,
    0x00000000,0x00030047,0x000008da,0x00000000,0x00030047,0x000008db,0x00000000,0x00030047,
    0x000008dc,0x00000000,0x00030047,0x000008dd,0x00000000,0x00030047,0x000008de,0x00000000,
    0x00030047,0x000008df,0x00000000,0x00030047,0x000008e0,0x00000000,0x00030047,0x000008e1,
    0x00000000,0x00030047,0x000008e2,0x00000000,0x00030047,0x000008e3,0x00000000,0x00030047,
    0x000008e4,0x00000000,0x00030047,0x000008e5,0x00000000,0x00030047,0x000008e7,0x00000000,
    0x00030047,0x000008e9,0x00000000,0x00030047,0x000008ea,0x00000000,0x00030047,0x000008eb,
    0x00000000,0x00030047,0x000008ed,0x00000000,0x00030047,0x000008ef,0x00000000,0x00030047,
    0x000008f1,0x00000000,0x00030047,0x000008f3,0x00000000,0x00030047,0x000008f4,0x00000000,
    0x00030047,0x000008f5,0x00000000,0x00030047,0x000008f6,0x00000000,0x00030047,0x000008f7,
    0x00000000,0x00030047,0x000008f9,0x00000000,0x00030047,0x000008fb,0x00000000,0x00030047,
    0x000008fc,0x00000000,0x00030047,0x000008fd,0x00000000,0x00030047,0x000008ff,0x00000000,
    0x00030047,0x00000901,0x00000000,0x00030047,0x00000903,0x00000000,0x00030047,0x00000905,
    0x00000000,0x00030047,0x00000906,0x00000000,0x00030047,0x00000907,0x00000000,0x00030047,
    0x00000909,0x00000000,0x00030047,0x0000090b,0x00000000,0x00030047,0x0000090d,0x00000000,
    0x00030047,0x0000090e,0x00000000,0x00030047,0x0000090f,0x00000000,0x00030047,0x00000911,
    0x00000000,0x00030047,0x00000913,0x00000000,0x00030047,0x00000915,0x00000000,0x00030047,
    0x00000916,0x00000000,0x00030047,0x00000917,0x00000000,0x00030047,0x00000919,0x00000000,
    0x00030047,0x0000091a,0x00000000,0x00030047,0x0000091d,0x00000000,0x00030047,0x0000091e,
    0x00000000,0x00030047,0x0000091f,0x00000000,0x00030047,0x00000922,0x00000000,0x00030047,
    0x00000924,0x00000000,0x00030047,0x00000925,0x00000000,0x00030047,0x00000926,0x00000000,
    0x00030047,0x00000927,0x00000000,0x00030047,0x00000929,0x00000000,0x00030047,0x0000092a,
    0x00000000,0x00030047,0x0000092d,0x00000000,0x00030047,0x0000092e,0x00000000,0x00030047,
    0x0000092f,0x00000000,0x00030047,0x00000932,0x00000000,0x00030047,0x00000934,0x00000000,
    0x00030047,0x00000935,0x00000000,0x00030047,0x00000936,0x00000000,0x00030047,0x00000937,
    0x00000000,0x00030047,0x00000939,0x00000000,0x00030047,0x0000093b,0x00000000,0x00030047,
    0x0000093d,0x00000000,0x00030047,0x0000093e,0x00000000,0x00030047,0x00000940,0x00000000,
    0x00030047,0x00000941,0x00000000,0x00030047,0x00000942,0x00000000,0x00030047,0x00000944,
    0x00000000,0x00030047,0x00000946,0x00000000,0x00030047,0x00000948,0x00000000,0x00030047,
    0x0000094a,0x00000000,0x00030047,0x0000094b,0x00000000,0x00030047,0x0000094c,0x00000000,
    0x00030047,0x0000094e,0x00000000,0x00030047,0x00000950,0x00000000,0x00030047,0x00000952,
    0x00000000,0x00030047,0x00000954,0x00000000,0x00030047,0x00000955,0x00000000,0x00030047,
    0x00000956,0x00000000,0x00030047,0x00000957,0x00000000,0x00030047,0x00000958,0x00000000,
    0x00030047,0x00000959,0x00000000,0x00030047,0x0000095a,0x00000000,0x00030047,0x0000095b,
    0x00000000,0x00030047,0x0000095c,0x00000000,0x00030047,0x0000095d,0x00000000,0x00030047,
    0x0000095e,0x00000000,0x00030047,0x0000095f,0x00000000,0x00030047,0x00000960,0x00000000,
    0x00030047,0x00000961,0x00000000,0x00030047,0x00000962,0x00000000,0x00030047,0x00000963,
    0x00000000,0x00030047,0x00000965,0x00000000,0x00030047,0x00000967,0x00000000,0x00030047,
    0x00000968,0x00000000,0x00030047,0x0000096a,0x00000000,0x00030047,0x0000096b,0x00000000,
    0x00030047,0x0000096c,0x00000000,0x00030047,0x0000096d,0x00000000,0x00030047,0x0000096e,
    0x00000000,0x00030047,0x00000971,0x00000000,0x00030047,0x00000973,0x00000000,0x00030047,
    0x00000974,0x00000000,0x00030047,0x00000977,0x00000000,0x00030047,0x00000978,0x00000000,
    0x00030047,0x0000097b,0x00000000,0x00030047,0x0000097d,0x00000000,0x00030047,0x0000097e,
    0x00000000,0x00030047,0x0000097f,0x00000000,0x00030047,0x00000980,0x00000000,0x00030047,
    0x00000981,0x00000000,0x00030047,0x00000982,0x00000000,0x00030047,0x00000983,0x00000000,
    0x00030047,0x00000984,0x00000000,0x00030047,0x00000985,0x00000000,0x00030047,0x00000986,
    0x00000000,0x00030047,0x00000987,0x00000000,0x00030047,0x00000988,0x00000000,0x00030047,
    0x00000989,0x00000000,0x00030047,0x0000098b,0x00000000,0x00030047,0x0000098d,0x00000000,
    0x00030047,0x0000098e,0x00000000,0x00030047,0x0000098f,0x00000000,0x00030047,0x00000991,
    0x00000000,0x00030047,0x00000993,0x00000000,0x00030047,0x00000995,0x00000000,0x00030047,
    0x00000997,0x00000000,0x00030047,0x00000998,0x00000000,0x00030047,0x00000999,0x00000000,
    0x00030047,0x0000099a,0x00000000,0x00030047,0x0000099b,0x00000000,0x00030047,0x0000099d,
    0x00000000,0x00030047,0x0000099f,0x00000000,0x00030047,0x000009a0,0x00000000,0x00030047,
    0x000009a1,0x00000000,0x00030047,0x000009a3,0x00000000,0x00030047,0x000009a5,0x00000000,
    0x00030047,0x000009a7,0x00000000,0x00030047,0x000009a9,0x00000000,0x00030047,0x000009aa,
    0x00000000,0x00030047,0x000009ab,0x00000000,0x00030047,0x000009ad,0x00000000,0x00030047,
    0x000009af,0x00000000,0x00030047,0x000009b1,0x00000000,0x00030047,0x000009b2,0x00000000,
    0x00030047,0x000009b3,0x00000000,0x00030047,0x000009b5,0x00000000,0x00030047,0x000009b7,
    0x00000000,0x00030047,0x000009b9,0x00000000,0x00030047,0x000009ba,0x00000000,0x00030047,
    0x000009bb,0x00000000,0x00030047,0x000009bd,0x00000000,0x00030047,0x000009be,0x00000000,
    0x00030047,0x000009c1,0x00000000,0x00030047,0x000009c2,0x00000000,0x00030047,0x000009c3,
    0x00000000,0x00030047,0x000009c6,0x00000000,0x00030047,0x000009c8,0x00000000,0x00030047,
    0x000009c9,0x00000000,0x00030047,0x000009ca,0x00000000,0x00030047,0x000009cb,0x00000000,
    0x00030047,0x000009cd,0x00000000,0x00030047,0x000009ce,0x00000000,0x00030047,0x000009d1,
    0x00000000,0x00030047,0x000009d2,0x00000000,0x00030047,0x000009d3,0x00000000,0x00030047,
    0x000009d6,0x00000000,0x00030047,0x000009d8,0x00000000,0x00030047,0x000009d9,0x00000000,
    0x00030047,0x000009da,0x00000000,0x00030047,0x000009db,0x00000000,0x00030047,0x000009dd,
    0x00000000,0x00030047,0x000009df,0x00000000,0x00030047,0x000009e1,0x00000000,0x00030047,
    0x000009e2,0x00000000,0x00030047,0x000009e4,0x00000000,0x00030047,0x000009e5,0x00000000,
    0x00030047,0x000009e6,0x00000000,0x00030047,0x000009e8,0x00000000,0x00030047,0x000009ea,
    0x00000000,0x00030047,0x000009ec,0x00000000,0x00030047,0x000009ee,0x00000000,0x00030047,
    0x000009ef,0x00000000,0x00030047,0x000009f0,0x00000000,0x00030047,0x000009f2,0x00000000,
    0x00030047,0x000009f4,0x00000000,0x00030047,0x000009f6,0x00000000,0x00030047,0x000009f8,
    0x00000000,0x00030047,0x000009f9,0x00000000,0x00030047,0x000009fa,0x00000000,0x00030047,
    0x000009fb,0x00000000,0x00030047,0x000009fc,0x00000000,0x00030047,0x000009fd,0x00000000,
    0x00030047,0x000009fe,0x00000000,0x00030047,0x000009ff,0x00000000,0x00030047,0x00000a00,
    0x00000000,0x00030047,0x00000a01,0x00000000,0x00030047,0x00000a02,0x00000000,0x00030047,
    0x00000a03,0x00000000,0x00030047,0x00000a04,0x00000000,0x00030047,0x00000a05,0x00000000,
    0x00030047,0x00000a06,0x00000000,0x00030047,0x00000a07,0x00000000,0x00030047,0x00000a09,
    0x00000000,0x00030047,0x00000a0b,0x00000000,0x00030047,0x00000a0c,0x00000000,0x00030047,
    0x00000a0e,0x00000000,0x00030047,0x00000a0f,0x00000000,0x00030047,0x00000a10,0x00000000,
    0x00030047,0x00000a11,0x00000000,0x00030047,0x00000a12,0x00000000,0x00030047,0x00000a15,
    0x00000000,0x00030047,0x00000a17,0x00000000,0x00030047,0x00000a18,0x00000000,0x00030047,
    0x00000a1b,0x00000000,0x00030047,0x00000a1c,0x00000000,0x00030047,0x00000a1f,0x00000000,
    0x00030047,0x00000a21,0x00000000,0x00030047,0x00000a22,0x00000000,0x00030047,0x00000a23,
    0x00000000,0x00030047,0x00000a24,0x00000000,0x00030047,0x00000a25,0x00000000,0x00030047,
    0x00000a26,0x00000000,0x00030047,0x00000a27,0x00000000,0x00030047,0x00000a28,0x00000000,
    0x00030047,0x00000a29,0x00000000,0x00030047,0x00000a2a,0x00000000,0x00030047,0x00000a2b,
    0x00000000,0x00030047,0x00000a2c,0x00000000,0x00030047,0x00000a2d,0x00000000,0x00030047,
    0x00000a2f,0x00000000,0x00030047,0x00000a31,0x00000000,0x00030047,0x00000a32,0x00000000,
    0x00030047,0x00000a33,0x00000000,0x00030047,0x00000a35,0x00000000,0x00030047,0x00000a37,
    0x00000000,0x00030047,0x00000a39,0x00000000,0x00030047,0x00000a3b,0x00000000,0x00030047,
    0x00000a3c,0x00000000,0x00030047,0x00000a3d,0x00000000,0x00030047,0x00000a3e,0x00000000,
    0x00030047,0x00000a3f,0x00000000,0x00030047,0x00000a41,0x00000000,0x00030047,0x00000a43,
    0x00000000,0x00030047,0x00000a44,0x00000000,0x00030047,0x00000a45,0x00000000,0x00030047,
    0x00000a47,0x00000000,0x00030047,0x00000a49,0x00000000,0x00030047,0x00000a4b,0x00000000,
    0x00030047,0x00000a4d,0x00000000,0x00030047,0x00000a4e,0x00000000,0x00030047,0x00000a4f,
    0x00000000,0x00030047,0x00000a51,0x00000000,0x00030047,0x00000a53,0x00000000,0x00030047,
    0x00000a55,0x00000000,0x00030047,0x00000a56,0x00000000,0x00030047,0x00000a57,0x00000000,
    0x00030047,0x00000a59,0x00000000,0x00030047,0x00000a5b,0x00000000,0x00030047,0x00000a5d,
    0x00000000,0x00030047,0x00000a5e,0x00000000,0x00030047,0x00000a5f,0x00000000,0x00030047,
    0x00000a61,0x00000000,0x00030047,0x00000a62,0x00000000,0x00030047,0x00000a65,0x00000000,
    0x00030047,0x00000a66,0x00000000,0x00030047,0x00000a67,0x00000000,0x00030047,0x00000a6a,
    0x00000000,0x00030047,0x00000a6c,0x00000000,0x00030047,0x00000a6d,0x00000000,0x00030047,
    0x00000a6e,0x00000000,0x00030047,0x00000a6f,0x00000000,0x00030047,0x00000a71,0x00000000,
    0x00030047,0x00000a72,0x00000000,0x00030047,0x00000a75,0x00000000,0x00030047,0x00000a76,
    0x00000000,0x00030047,0x00000a77,0x00000000,0x00030047,0x00000a7a,0x00000000,0x00030047,
    0x00000a7c,0x00000000,0x00030047,0x00000a7d,0x00000000,0x00030047,0x00000a7e,0x00000000,
    0x00030047,0x00000a7f,0x00000000,0x00030047,0x00000a81,0x00000000,0x00030047,0x00000a83,
    0x00000000,0x00030047,0x00000a85,0x00000000,0x00030047,0x00000a86,0x00000000,0x00030047,
    0x00000a88,0x00000000,0x00030047,0x00000a89,0x00000000,0x00030047,0x00000a8a,0x00000000,
    0x00030047,0x00000a8c,0x00000000,0x00030047,0x00000a8e,0x00000000,0x00030047,0x00000a90,
    0x00000000,0x00030047,0x00000a92,0x00000000,0x00020013,0x00000002,0x00030021,0x00000003,
    0x00000002,0x00030016,0x00000006,0x00000020,0x00040020,0x00000007,0x00000007,0x00000006,
    0x00040017,0x0000000c,0x00000006,0x00000002,0x00040020,0x0000000d,0x00000007,0x0000000c,
    0x00040015,0x00000012,0x00000020,0x00000000,0x00040020,0x00000013,0x00000007,0x00000012,
    0x00040017,0x00000024,0x00000006,0x00000003,0x00040017,0x0000002f,0x00000006,0x00000004,
    0x00040020,0x00000034,0x00000007,0x0000002f,0x00040018,0x00000035,0x0000000c,0x00000002,
    0x00040020,0x00000042,0x00000007,0x00000024,0x00040015,0x00000073,0x00000020,0x00000001,
    0x00040017,0x00000074,0x00000073,0x00000002,0x00040020,0x00000075,0x00000007,0x00000074,
    0x0004002b,0x00000012,0x00000091,0x00000000,0x0004002b,0x00000012,0x00000094,0x00000001,
    0x0004002b,0x00000012,0x000000a7,0x00000002,0x0004002b,0x00000012,0x000000be,0x00000003,
    0x0004002b,0x00000006,0x000000c7,0x3f800000,0x0004002b,0x00000006,0x000000c8,0x00000000,
    0x00020014,0x000000d6,0x0004002b,0x00000006,0x00000104,0x3e99999a,0x0004002b,0x00000006,
    0x00000105,0x3f170a3d,0x0004002b,0x00000006,0x00000106,0x3de147ae,0x0004002b,0x00000006,
    0x00000120,0x388205ff,0x0004002b,0x00000006,0x00000186,0x40000000,0x0004002b,0x00000006,
    0x0000018d,0x3f000000,0x00040017,0x00000193,0x000000d6,0x00000003,0x00040020,0x0000020f,
    0x00000007,0x00000073,0x0004002b,0x00000073,0x00000211,0x00000000,0x0004002b,0x00000073,
    0x00000218,0x00000003,0x0004002b,0x00000006,0x0000022a,0x3e800000,0x0004002b,0x00000006,
    0x0000022f,0x41800000,0x0004002b,0x00000006,0x00000234,0x41400000,0x0004002b,0x00000006,
    0x0000023a,0x40400000,0x0004002b,0x00000073,0x00000246,0x00000001,0x00030030,0x000000d6,
    0x00000261,0x0004002b,0x00000006,0x000002b5,0x3a000000,0x0004002b,0x00000006,0x000002b7,
    0xc2000000,0x0004002b,0x00000006,0x000002c7,0x3a808081,0x00040017,0x000002ca,0x000000d6,
    0x00000002,0x00040017,0x000002d4,0x00000012,0x00000002,0x00040020,0x000002d5,0x00000007,
    0x000002d4,0x0003001d,0x000002d7,0x000002d4,0x0003001e,0x000002d8,0x000002d7,0x00040020,
    0x000002d9,0x00000002,0x000002d8,0x0004003b,0x000002d9,0x000002da,0x00000002,0x00040020,
    0x000002dc,0x00000002,0x000002d4,0x0004002b,0x00000012,0x000002e3,0x00000300,0x00030030,
    0x000000d6,0x000002ea,0x0004002b,0x00000012,0x000002ef,0x00000200,0x0004002b,0x00000006,
    0x000002f9,0xbf800000,0x00030030,0x000000d6,0x00000303,0x0004002b,0x00000012,0x00000309,
    0x00000010,0x00090019,0x0000030f,0x00000006,0x00000006,0x00000000,0x00000000,0x00000000,
    0x00000002,0x00000000,0x00040020,0x00000310,0x00000000,0x0000030f,0x0004003b,0x00000310,
    0x00000311,0x00000000,0x0005002c,0x00000074,0x00000313,0x00000211,0x00000211,0x00030030,
    0x000000d6,0x0000031c,0x0004002b,0x00000012,0x00000321,0x00000400,0x00040020,0x00000327,
    0x00000007,0x00000035,0x0003001d,0x00000329,0x0000002f,0x0003001e,0x0000032a,0x00000329,
    0x00040020,0x0000032b,0x00000002,0x0000032a,0x0004003b,0x0000032b,0x0000032c,0x00000002,
    0x0004002b,0x00000012,0x0000032e,0x00000004,0x00040020,0x00000332,0x00000002,0x0000002f,
    0x00040020,0x0000033e,0x00000001,0x0000002f,0x0004003b,0x0000033e,0x0000033f,0x00000001,
    0x0004002b,0x00000012,0x0000035f,0x0000000f,0x00090019,0x0000039f,0x00000006,0x00000001,
    0x00000000,0x00000000,0x00000000,0x00000001,0x00000000,0x00040020,0x000003a0,0x00000000,
    0x0000039f,0x0004003b,0x000003a0,0x000003a1,0x00000000,0x0002001a,0x000003a3,0x00040020,
    0x000003a4,0x00000000,0x000003a3,0x0004003b,0x000003a4,0x000003a5,0x00000000,0x0003001b,
    0x000003a7,0x0000039f,0x00030030,0x000000d6,0x000003b2,0x0004002b,0x00000073,0x000003be,
    0x00000004,0x0004003b,0x00000310,0x000003c8,0x00000000,0x00090019,0x000003ea,0x00000012,
    0x00000001,0x00000000,0x00000000,0x00000000,0x00000002,0x00000021,0x00040020,0x000003eb,
    0x00000000,0x000003ea,0x0004003b,0x000003eb,0x000003ec,0x00000000,0x00040017,0x000003ef,
    0x00000012,0x00000004,0x0004002b,0x00000012,0x000003f4,0x0001ffff,0x0004002b,0x00000012,
    0x000003fa,0x00000011,0x00040020,0x00000419,0x00000003,0x0000002f,0x0004003b,0x00000419,
    0x0000041a,0x00000003,0x0006002c,0x00000024,0x0000042d,0x000000c7,0x000000c7,0x000000c7,
    0x0006002c,0x00000024,0x0000042e,0x0000018d,0x0000018d,0x0000018d,0x00050036,0x00000002,
    0x00000004,0x00000000,0x00000003,0x000200f8,0x00000005,0x0004003b,0x00000042,0x00000a89,
    0x00000007,0x0004003b,0x00000042,0x00000a8a,0x00000007,0x0004003b,0x00000007,0x00000a86,
    0x00000007,0x0004003b,0x0000000d,0x00000a7e,0x00000007,0x0004003b,0x0000000d,0x00000a7f,
    0x00000007,0x0004003b,0x00000007,0x00000a77,0x00000007,0x0004003b,0x0000000d,0x00000a6e,
    0x00000007,0x0004003b,0x00000007,0x00000a6f,0x00000007,0x0004003b,0x00000007,0x00000a67,
    0x00000007,0x0004003b,0x0000000d,0x00000a5e,0x00000007,0x0004003b,0x00000007,0x00000a5f,
    0x00000007,0x0004003b,0x0000000d,0x00000a56,0x00000007,0x0004003b,0x0000000d,0x00000a57,
    0x00000007,0x0004003b,0x0000000d,0x00000a4e,0x00000007,0x0004003b,0x0000000d,0x00000a4f,
    0x00000007,0x0004003b,0x00000042,0x00000a44,0x00000007,0x0004003b,0x00000042,0x00000a45,
    0x00000007,0x0004003b,0x00000007,0x00000a3c,0x00000007,0x0004003b,0x00000007,0x00000a3d,
    0x00000007,0x0004003b,0x00000007,0x00000a3e,0x00000007,0x0004003b,0x00000007,0x00000a3f,
    0x00000007,0x0004003b,0x00000042,0x00000a32,0x00000007,0x0004003b,0x00000042,0x00000a33,
    0x00000007,0x0004003b,0x00000007,0x00000a2a,0x00000007,0x0004003b,0x00000007,0x00000a2b,
    0x00000007,0x0004003b,0x00000007,0x00000a2c,0x00000007,0x0004003b,0x00000007,0x00000a2d,
    0x00000007,0x0004003b,0x00000007,0x000009f9,0x00000007,0x0004003b,0x00000042,0x000009fa,
    0x00000007,0x0004003b,0x00000042,0x000009fb,0x00000007,0x0004003b,0x00000042,0x000009fc,
    0x00000007,0x0004003b,0x0000000d,0x000009fd,0x00000007,0x0004003b,0x00000007,0x000009fe,
    0x00000007,0x0004003b,0x00000007,0x000009ff,0x00000007,0x0004003b,0x00000007,0x00000a00,
    0x00000007,0x0004003b,0x00000042,0x00000a01,0x00000007,0x0004003b,0x00000042,0x00000a02,
    0x00000007,0x0004003b,0x00000007,0x00000a03,0x00000007,0x0004003b,0x00000007,0x00000a04,
    0x00000007,0x0004003b,0x00000007,0x00000a05,0x00000007,0x0004003b,0x00000007,0x00000a06,
    0x00000007,0x0004003b,0x00000042,0x00000a07,0x00000007,0x0004003b,0x00000042,0x000009ef,
    0x00000007,0x0004003b,0x00000042,0x000009f0,0x00000007,0x0004003b,0x00000042,0x000009e5,
    0x00000007,0x0004003b,0x00000042,0x000009e6,0x00000007,0x0004003b,0x00000007,0x000009e2,
    0x00000007,0x0004003b,0x0000000d,0x000009da,0x00000007,0x0004003b,0x0000000d,0x000009db,
    0x00000007,0x0004003b,0x00000007,0x000009d3,0x00000007,0x0004003b,0x0000000d,0x000009ca,
    0x00000007,0x0004003b,0x00000007,0x000009cb,0x00000007,0x0004003b,0x00000007,0x000009c3,
    0x00000007,0x0004003b,0x0000000d,0x000009ba,0x00000007,0x0004003b,0x00000007,0x000009bb,
    0x00000007,0x0004003b,0x0000000d,0x000009b2,0x00000007,0x0004003b,0x0000000d,0x000009b3,
    0x00000007,0x0004003b,0x0000000d,0x000009aa,0x00000007,0x0004003b,0x0000000d,0x000009ab,
    0x00000007,0x0004003b,0x00000042,0x000009a0,0x00000007,0x0004003b,0x00000042,0x000009a1,
    0x00000007,0x0004003b,0x00000007,0x00000998,0x00000007,0x0004003b,0x00000007,0x00000999,
    0x00000007,0x0004003b,0x00000007,0x0000099a,0x00000007,0x0004003b,0x00000007,0x0000099b,
    0x00000007,0x0004003b,0x00000042,0x0000098e,0x00000007,0x0004003b,0x00000042,0x0000098f,
    0x00000007,0x0004003b,0x00000007,0x00000986,0x00000007,0x0004003b,0x00000007,0x00000987,
    0x00000007,0x0004003b,0x00000007,0x00000988,0x00000007,0x0004003b,0x00000007,0x00000989,
    0x00000007,0x0004003b,0x00000007,0x00000955,0x00000007,0x0004003b,0x00000042,0x00000956,
    0x00000007,0x0004003b,0x00000042,0x00000957,0x00000007,0x0004003b,0x00000042,0x00000958,
    0x00000007,0x0004003b,0x0000000d,0x00000959,0x00000007,0x0004003b,0x00000007,0x0000095a,
    0x00000007,0x0004003b,0x00000007,0x0000095b,0x00000007,0x0004003b,0x00000007,0x0000095c,
    0x00000007,0x0004003b,0x00000042,0x0000095d,0x00000007,0x0004003b,0x00000042,0x0000095e,
    0x00000007,0x0004003b,0x00000007,0x0000095f,0x00000007,0x0004003b,0x00000007,0x00000960,
    0x00000007,0x0004003b,0x00000007,0x00000961,0x00000007,0x0004003b,0x00000007,0x00000962,
    0x00000007,0x0004003b,0x00000042,0x00000963,0x00000007,0x0004003b,0x00000042,0x0000094b,
    0x00000007,0x0004003b,0x00000042,0x0000094c,0x00000007,0x0004003b,0x00000042,0x00000941,
    0x00000007,0x0004003b,0x00000042,0x00000942,0x00000007,0x0004003b,0x00000007,0x0000093e,
    0x00000007,0x0004003b,0x0000000d,0x00000936,0x00000007,0x0004003b,0x0000000d,0x00000937,
    0x00000007,0x0004003b,0x00000007,0x0000092f,0x00000007,0x0004003b,0x0000000d,0x00000926,
    0x00000007,0x0004003b,0x00000007,0x00000927,0x00000007,0x0004003b,0x00000007,0x0000091f,
    0x00000007,0x0004003b,0x0000000d,0x00000916,0x00000007,0x0004003b,0x00000007,0x00000917,
    0x00000007,0x0004003b,0x0000000d,0x0000090e,0x00000007,0x0004003b,0x0000000d,0x0000090f,
    0x00000007,0x0004003b,0x0000000d,0x00000906,0x00000007,0x0004003b,0x0000000d,0x00000907,
    0x00000007,0x0004003b,0x00000042,0x000008fc,0x00000007,0x0004003b,0x00000042,0x000008fd,
    0x00000007,0x0004003b,0x00000007,0x000008f4,0x00000007,0x0004003b,0x00000007,0x000008f5,
    0x00000007,0x0004003b,0x00000007,0x000008f6,0x00000007,0x0004003b,0x00000007,0x000008f7,
    0x00000007,0x0004003b,0x00000042,0x000008ea,0x00000007,0x0004003b,0x00000042,0x000008eb,
    0x00000007,0x0004003b,0x00000007,0x000008e2,0x00000007,0x0004003b,0x00000007,0x000008e3,
    0x00000007,0x0004003b,0x00000007,0x000008e4,0x00000007,0x0004003b,0x00000007,0x000008e5,
    0x00000007,0x0004003b,0x00000007,0x000008b1,0x00000007,0x0004003b,0x00000042,0x000008b2,
    0x00000007,0x0004003b,0x00000042,0x000008b3,0x00000007,0x0004003b,0x00000042,0x000008b4,
    0x00000007,0x0004003b,0x0000000d,0x000008b5,0x00000007,0x0004003b,0x00000007,0x000008b6,
    0x00000007,0x0004003b,0x00000007,0x000008b7,0x00000007,0x0004003b,0x00000007,0x000008b8,
    0x00000007,0x0004003b,0x00000042,0x000008b9,0x00000007,0x0004003b,0x00000042,0x000008ba,
    0x00000007,0x0004003b,0x00000007,0x000008bb,0x00000007,0x0004003b,0x00000007,0x000008bc,
    0x00000007,0x0004003b,0x00000007,0x000008bd,0x00000007,0x0004003b,0x00000007,0x000008be,
    0x00000007,0x0004003b,0x00000042,0x000008bf,0x00000007,0x0004003b,0x00000007,0x000008aa,
    0x00000007,0x0004003b,0x0000000d,0x000008a1,0x00000007,0x0004003b,0x00000007,0x000008a2,
    0x00000007,0x0004003b,0x00000007,0x0000089a,0x00000007,0x0004003b,0x0000000d,0x00000891,
    0x00000007,0x0004003b,0x00000007,0x00000892,0x00000007,0x0004003b,0x00000007,0x0000088a,
    0x00000007,0x0004003b,0x0000000d,0x00000881,0x00000007,0x0004003b,0x00000007,0x00000882,
    0x00000007,0x0004003b,0x00000007,0x0000087a,0x00000007,0x0004003b,0x0000000d,0x00000871,
    0x00000007,0x0004003b,0x00000007,0x00000872,0x00000007,0x0004003b,0x00000007,0x00000851,
    0x00000007,0x0004003b,0x00000042,0x00000852,0x00000007,0x0004003b,0x00000042,0x00000853,
    0x00000007,0x0004003b,0x00000042,0x00000854,0x00000007,0x0004003b,0x00000007,0x00000855,
    0x00000007,0x0004003b,0x00000042,0x00000856,0x00000007,0x0004003b,0x00000007,0x00000857,
    0x00000007,0x0004003b,0x00000042,0x00000858,0x00000007,0x0004003b,0x00000042,0x00000859,
    0x00000007,0x0004003b,0x00000042,0x0000085a,0x00000007,0x0004003b,0x00000042,0x00000847,
    0x00000007,0x0004003b,0x00000042,0x00000848,0x00000007,0x0004003b,0x00000042,0x0000083d,
    0x00000007,0x0004003b,0x00000042,0x0000083e,0x00000007,0x0004003b,0x00000007,0x0000083a,
    0x00000007,0x0004003b,0x0000000d,0x00000832,0x00000007,0x0004003b,0x0000000d,0x00000833,
    0x00000007,0x0004003b,0x00000007,0x0000082b,0x00000007,0x0004003b,0x0000000d,0x00000822,
    0x00000007,0x0004003b,0x00000007,0x00000823,0x00000007,0x0004003b,0x00000007,0x0000081b,
    0x00000007,0x0004003b,0x0000000d,0x00000812,0x00000007,0x0004003b,0x00000007,0x00000813,
    0x00000007,0x0004003b,0x0000000d,0x0000080a,0x00000007,0x0004003b,0x0000000d,0x0000080b,
    0x00000007,0x0004003b,0x0000000d,0x00000802,0x00000007,0x0004003b,0x0000000d,0x00000803,
    0x00000007,0x0004003b,0x00000042,0x000007f8,0x00000007,0x0004003b,0x00000042,0x000007f9,
    0x00000007,0x0004003b,0x00000007,0x000007f0,0x00000007,0x0004003b,0x00000007,0x000007f1,
    0x00000007,0x0004003b,0x00000007,0x000007f2,0x00000007,0x0004003b,0x00000007,0x000007f3,
    0x00000007,0x0004003b,0x00000042,0x000007e6,0x00000007,0x0004003b,0x00000042,0x000007e7,
    0x00000007,0x0004003b,0x00000007,0x000007de,0x00000007,0x0004003b,0x00000007,0x000007df,
    0x00000007,0x0004003b,0x00000007,0x000007e0,0x00000007,0x0004003b,0x00000007,0x000007e1,
    0x00000007,0x0004003b,0x00000007,0x000007ad,0x00000007,0x0004003b,0x00000042,0x000007ae,
    0x00000007,0x0004003b,0x00000042,0x000007af,0x00000007,0x0004003b,0x00000042,0x000007b0,
    0x00000007,0x0004003b,0x0000000d,0x000007b1,0x00000007,0x0004003b,0x00000007,0x000007b2,
    0x00000007,0x0004003b,0x00000007,0x000007b3,0x00000007,0x0004003b,0x00000007,0x000007b4,
    0x00000007,0x0004003b,0x00000042,0x000007b5,0x00000007,0x0004003b,0x00000042,0x000007b6,
    0x00000007,0x0004003b,0x00000007,0x000007b7,0x00000007,0x0004003b,0x00000007,0x000007b8,
    0x00000007,0x0004003b,0x00000007,0x000007b9,0x00000007,0x0004003b,0x00000007,0x000007ba,
    0x00000007,0x0004003b,0x00000042,0x000007bb,0x00000007,0x0004003b,0x00000007,0x000007a6,
    0x00000007,0x0004003b,0x0000000d,0x0000079d,0x00000007,0x0004003b,0x00000007,0x0000079e,
    0x00000007,0x0004003b,0x00000007,0x00000796,0x00000007,0x0004003b,0x0000000d,0x0000078d,
    0x00000007,0x0004003b,0x00000007,0x0000078e,0x00000007,0x0004003b,0x00000007,0x00000786,
    0x00000007,0x0004003b,0x0000000d,0x0000077d,0x00000007,0x0004003b,0x00000007,0x0000077e,
    0x00000007,0x0004003b,0x00000007,0x00000776,0x00000007,0x0004003b,0x0000000d,0x0000076d,
    0x00000007,0x0004003b,0x00000007,0x0000076e,0x00000007,0x0004003b,0x00000007,0x0000074d,
    0x00000007,0x0004003b,0x00000042,0x0000074e,0x00000007,0x0004003b,0x00000042,0x0000074f,
    0x00000007,0x0004003b,0x00000042,0x00000750,0x00000007,0x0004003b,0x00000007,0x00000751,
    0x00000007,0x0004003b,0x00000042,0x00000752,0x00000007,0x0004003b,0x00000007,0x00000753,
    0x00000007,0x0004003b,0x00000042,0x00000754,0x00000007,0x0004003b,0x00000042,0x00000755,
    0x00000007,0x0004003b,0x00000042,0x00000756,0x00000007,0x0004003b,0x00000042,0x00000743,
    0x00000007,0x0004003b,0x00000042,0x00000744,0x00000007,0x0004003b,0x00000042,0x00000739,
    0x00000007,0x0004003b,0x00000042,0x0000073a,0x00000007,0x0004003b,0x00000042,0x0000072f,
    0x00000007,0x0004003b,0x00000042,0x00000730,0x00000007,0x0004003b,0x00000042,0x00000725,
    0x00000007,0x0004003b,0x00000042,0x00000726,0x00000007,0x0004003b,0x00000042,0x0000071b,
    0x00000007,0x0004003b,0x00000042,0x0000071c,0x00000007,0x0004003b,0x00000042,0x00000711,
    0x00000007,0x0004003b,0x00000042,0x00000712,0x00000007,0x0004003b,0x00000042,0x00000707,
    0x00000007,0x0004003b,0x00000042,0x00000708,0x00000007,0x0004003b,0x00000042,0x000006fd,
    0x00000007,0x0004003b,0x00000042,0x000006fe,0x00000007,0x0004003b,0x00000042,0x000006f3,
    0x00000007,0x0004003b,0x00000042,0x000006f4,0x00000007,0x0004003b,0x00000042,0x000006e9,
    0x00000007,0x0004003b,0x00000042,0x000006ea,0x00000007,0x0004003b,0x00000042,0x000006df,
    0x00000007,0x0004003b,0x00000042,0x000006e0,0x00000007,0x0004003b,0x00000042,0x000006d5,
    0x00000007,0x0004003b,0x00000042,0x000006d6,0x00000007,0x0004003b,0x00000042,0x000006cb,
    0x00000007,0x0004003b,0x00000042,0x000006cc,0x00000007,0x0004003b,0x00000042,0x000006c1,
    0x00000007,0x0004003b,0x00000042,0x000006c2,0x00000007,0x0004003b,0x00000007,0x000006b1,
    0x00000007,0x0004003b,0x00000042,0x000006b2,0x00000007,0x0004003b,0x00000042,0x00000590,
    0x00000007,0x0004003b,0x00000034,0x00000591,0x00000007,0x0004003b,0x00000042,0x00000592,
    0x00000007,0x0004003b,0x00000042,0x00000593,0x00000007,0x0004003b,0x00000007,0x00000594,
    0x00000007,0x0004003b,0x00000007,0x00000595,0x00000007,0x0004003b,0x00000042,0x00000596,
    0x00000007,0x0004003b,0x00000007,0x00000597,0x00000007,0x0004003b,0x00000007,0x00000598,
    0x00000007,0x0004003b,0x00000007,0x00000599,0x00000007,0x0004003b,0x00000007,0x0000059a,
    0x00000007,0x0004003b,0x00000007,0x0000059b,0x00000007,0x0004003b,0x00000007,0x0000059c,
    0x00000007,0x0004003b,0x00000007,0x0000059d,0x00000007,0x0004003b,0x00000042,0x0000059e,
    0x00000007,0x0004003b,0x00000007,0x0000059f,0x00000007,0x0004003b,0x00000007,0x000005a0,
    0x00000007,0x0004003b,0x00000042,0x000005a1,0x00000007,0x0004003b,0x00000007,0x000005a2,
    0x00000007,0x0004003b,0x0000020f,0x000005a3,0x00000007,0x0004003b,0x00000007,0x000005a4,
    0x00000007,0x0004003b,0x00000007,0x000005a5,0x00000007,0x0004003b,0x00000042,0x000005a6,
    0x00000007,0x0004003b,0x00000042,0x000005a7,0x00000007,0x0004003b,0x00000042,0x000005a8,
    0x00000007,0x0004003b,0x00000007,0x000005a9,0x00000007,0x0004003b,0x00000007,0x000005aa,
    0x00000007,0x0004003b,0x00000042,0x000005ab,0x00000007,0x0004003b,0x00000042,0x000005ac,
    0x00000007,0x0004003b,0x00000042,0x000005ad,0x00000007,0x0004003b,0x00000007,0x000005ae,
    0x00000007,0x0004003b,0x00000007,0x000005af,0x00000007,0x0004003b,0x00000042,0x000005b0,
    0x00000007,0x0004003b,0x00000042,0x000005b1,0x00000007,0x0004003b,0x00000007,0x000005b2,
    0x00000007,0x0004003b,0x00000007,0x000005b3,0x00000007,0x0004003b,0x00000042,0x000005b4,
    0x00000007,0x0004003b,0x00000042,0x000005b5,0x00000007,0x0004003b,0x00000042,0x000005b6,
    0x00000007,0x0004003b,0x00000042,0x0000057f,0x00000007,0x0004003b,0x00000042,0x00000580,
    0x00000007,0x0004003b,0x00000034,0x00000581,0x00000007,0x0004003b,0x00000013,0x00000582,
    0x00000007,0x0004003b,0x00000007,0x00000583,0x00000007,0x0004003b,0x00000042,0x00000584,
    0x00000007,0x0004003b,0x00000013,0x0000057a,0x00000007,0x0004003b,0x00000013,0x0000057b,
    0x00000007,0x0004003b,0x00000327,0x0000056d,0x00000007,0x0004003b,0x00000034,0x00000561,
    0x00000007,0x0004003b,0x00000034,0x00000562,0x00000007,0x0004003b,0x0000000d,0x0000055c,
    0x00000007,0x0004003b,0x0000000d,0x0000055d,0x00000007,0x0004003b,0x00000327,0x0000054f,
    0x00000007,0x0004003b,0x0000000d,0x00000547,0x00000007,0x0004003b,0x0000000d,0x00000548,
    0x00000007,0x0004003b,0x00000007,0x00000534,0x00000007,0x0004003b,0x00000007,0x00000531,
    0x00000007,0x0004003b,0x00000007,0x0000052e,0x00000007,0x0004003b,0x000002d5,0x00000444,
    0x00000007,0x0004003b,0x00000007,0x00000445,0x00000007,0x0004003b,0x00000007,0x00000446,
    0x00000007,0x0004003b,0x00000007,0x00000447,0x00000007,0x0004003b,0x00000013,0x00000448,
    0x00000007,0x0004003b,0x00000013,0x00000449,0x00000007,0x0004003b,0x00000034,0x0000044a,
    0x00000007,0x0004003b,0x00000007,0x0000044b,0x00000007,0x0004003b,0x00000327,0x0000044c,
    0x00000007,0x0004003b,0x00000034,0x0000044d,0x00000007,0x0004003b,0x00000034,0x0000044e,
    0x00000007,0x0004003b,0x0000000d,0x0000044f,0x00000007,0x0004003b,0x0000000d,0x00000450,
    0x00000007,0x0004003b,0x0000000d,0x00000451,0x00000007,0x0004003b,0x00000007,0x00000452,
    0x00000007,0x0004003b,0x00000013,0x00000453,0x00000007,0x0004003b,0x00000007,0x00000454,
    0x00000007,0x0004003b,0x00000327,0x00000455,0x00000007,0x0004003b,0x00000034,0x00000456,
    0x00000007,0x0004003b,0x00000034,0x00000457,0x00000007,0x0004003b,0x0000000d,0x00000458,
    0x00000007,0x0004003b,0x00000007,0x00000459,0x00000007,0x0004003b,0x00000007,0x0000045a,
    0x00000007,0x0004003b,0x00000007,0x0000045b,0x00000007,0x0004003b,0x00000007,0x0000045c,
    0x00000007,0x0004003b,0x00000013,0x0000045d,0x00000007,0x0004003b,0x00000013,0x0000045e,
    0x00000007,0x0004003b,0x00000034,0x0000045f,0x00000007,0x0004003b,0x00000042,0x00000460,
    0x00000007,0x0004003b,0x00000034,0x00000461,0x00000007,0x0004003b,0x00000013,0x00000462,
    0x00000007,0x0004003b,0x00000013,0x00000441,0x00000007,0x0004003b,0x00000013,0x0000043c,
    0x00000007,0x0004003b,0x00000013,0x0000043d,0x00000007,0x0004003b,0x00000007,0x00000437,
    0x00000007,0x0004003b,0x00000007,0x00000438,0x00000007,0x0004003b,0x00000007,0x0000042f,
    0x00000007,0x0004003b,0x00000007,0x00000430,0x00000007,0x0004003b,0x00000075,0x000003e4,
    0x00000007,0x0004003b,0x00000013,0x000003e9,0x00000007,0x0004003b,0x00000007,0x000003f2,
    0x00000007,0x0004003b,0x00000013,0x000003f6,0x00000007,0x0004003b,0x00000013,0x000003f8,
    0x00000007,0x0004003b,0x00000013,0x000003fc,0x00000007,0x0004003b,0x00000013,0x000003fe,
    0x00000007,0x0004003b,0x00000034,0x00000401,0x00000007,0x0004003b,0x00000013,0x00000402,
    0x00000007,0x0004003b,0x00000007,0x00000404,0x00000007,0x0004003b,0x00000034,0x00000406,
    0x00000007,0x0004003b,0x00000007,0x0000040b,0x00000007,0x0004003d,0x0000002f,0x000003e5,
    0x0000033f,0x0007004f,0x0000000c,0x000003e6,0x000003e5,0x000003e5,0x00000000,0x00000001,
    0x0006000c,0x0000000c,0x000003e7,0x00000001,0x00000008,0x000003e6,0x0004006e,0x00000074,
    0x000003e8,0x000003e7,0x0003003e,0x000003e4,0x000003e8,0x0004003d,0x000003ea,0x000003ed,
    0x000003ec,0x0004003d,0x00000074,0x000003ee,0x000003e4,0x00050062,0x000003ef,0x000003f0,
    0x000003ed,0x000003ee,0x00050051,0x00000012,0x000003f1,0x000003f0,0x00000000,0x0003003e,
    0x000003e9,0x000003f1,0x0004003d,0x00000012,0x000003f3,0x000003e9,0x000500c7,0x00000012,
    0x000003f5,0x000003f3,0x000003f4,0x0003003e,0x000003f6,0x000003f5,0x0004003d,0x00000012,
    0x00000432,0x000003f6,0x00040070,0x00000006,0x00000433,0x00000432,0x00050085,0x00000006,
    0x00000434,0x00000433,0x000002b5,0x00050081,0x00000006,0x00000435,0x00000434,0x000002b7,
    0x0003003e,0x0000042f,0x00000435,0x0004003d,0x00000006,0x0000043a,0x0000042f,0x0003003e,
    0x00000437,0x0000043a,0x0004003d,0x00000006,0x0000043b,0x00000437,0x0003003e,0x00000438,
    0x0000043b,0x0004003d,0x00000006,0x00000436,0x00000438,0x0003003e,0x00000430,0x00000436,
    0x0004003d,0x00000006,0x000003f7,0x00000430,0x0003003e,0x000003f2,0x000003f7,0x0004003d,
    0x00000012,0x000003f9,0x000003e9,0x000500c2,0x00000012,0x000003fb,0x000003f9,0x000003fa,
    0x0003003e,0x000003fc,0x000003fb,0x0004003d,0x00000012,0x0000043f,0x000003fc,0x0003003e,
    0x0000043c,0x0000043f,0x0004003d,0x00000012,0x00000440,0x0000043c,0x0003003e,0x0000043d,
    0x00000440,0x0004003d,0x00000012,0x000003fd,0x0000043d,0x0003003e,0x000003f8,0x000003fd,
    0x0004003d,0x00000012,0x000003ff,0x000003f8,0x0003003e,0x000003fe,0x000003ff,0x0004003d,
    0x00000012,0x00000443,0x000003fe,0x0003003e,0x00000441,0x00000443,0x0004003d,0x00000012,
    0x00000400,0x00000441,0x0003003e,0x000003f8,0x00000400,0x0004003d,0x00000012,0x00000403,
    0x000003f8,0x0003003e,0x00000402,0x00000403,0x0004003d,0x00000006,0x00000405,0x000003f2,
    0x0003003e,0x00000404,0x00000405,0x0004003d,0x00000012,0x00000464,0x00000402,0x00060041,
    0x000002dc,0x00000465,0x000002da,0x00000211,0x00000464,0x0004003d,0x000002d4,0x00000466,
    0x00000465,0x0003003e,0x00000444,0x00000466,0x0004003d,0x00000006,0x00000467,0x00000404,
    0x0003003e,0x00000445,0x00000467,0x00050041,0x00000013,0x00000468,0x00000444,0x00000091,
    0x0004003d,0x00000012,0x00000469,0x00000468,0x000500c7,0x00000012,0x0000046a,0x00000469,
    0x000002e3,0x000500ab,0x000000d6,0x0000046b,0x0000046a,0x00000091,0x000300f7,0x0000047f,
    0x00000000,0x000400fa,0x0000046b,0x0000046c,0x0000047f,0x000200f8,0x0000046c,0x0004003d,
    0x00000006,0x0000046d,0x00000445,0x0006000c,0x00000006,0x0000046e,0x00000001,0x00000004,
    0x0000046d,0x0003003e,0x00000445,0x0000046e,0x000300f7,0x00000474,0x00000000,0x000400fa,
    0x000002ea,0x0000046f,0x00000474,0x000200f8,0x0000046f,0x0004003d,0x00000012,0x00000471,
    0x00000468,0x000500c7,0x00000012,0x00000472,0x00000471,0x000002ef,0x000500ab,0x000000d6,
    0x00000473,0x00000472,0x00000091,0x000200f9,0x00000474,0x000200f8,0x00000474,0x000700f5,
    0x000000d6,0x00000475,0x000002ea,0x0000046c,0x00000473,0x0000046f,0x000300f7,0x0000047e,
    0x00000000,0x000400fa,0x00000475,0x00000476,0x0000047e,0x000200f8,0x00000476,0x0004003d,
    0x00000006,0x00000477,0x00000445,0x00050085,0x00000006,0x00000478,0x00000477,0x0000018d,
    0x0006000c,0x00000006,0x00000479,0x00000001,0x0000000a,0x00000478,0x00050085,0x00000006,
    0x0000047a,0x00000479,0x00000186,0x00050081,0x00000006,0x0000047b,0x0000047a,0x000002f9,
    0x0006000c,0x00000006,0x0000047c,0x00000001,0x00000004,0x0000047b,0x00050083,0x00000006,
    0x0000047d,0x000000c7,0x0000047c,0x0003003e,0x00000445,0x0000047d,0x000200f9,0x0000047e,
    0x000200f8,0x0000047e,0x000200f9,0x0000047f,0x000200f8,0x0000047f,0x0004003d,0x00000006,
    0x00000480,0x00000445,0x0003003e,0x00000446,0x000000c8,0x0004003d,0x00000006,0x00000530,
    0x00000446,0x0003003e,0x0000052e,0x00000530,0x0004003d,0x00000006,0x00000481,0x0000052e,
    0x0003003e,0x00000447,0x000000c7,0x0004003d,0x00000006,0x00000533,0x00000447,0x0003003e,
    0x00000531,0x00000533,0x0004003d,0x00000006,0x00000482,0x00000531,0x0008000c,0x00000006,
    0x00000483,0x00000001,0x0000002b,0x00000480,0x00000481,0x00000482,0x0003003e,0x00000445,
    0x00000483,0x000300f7,0x00000492,0x00000000,0x000400fa,0x00000303,0x00000484,0x00000492,
    0x000200f8,0x00000484,0x0004003d,0x00000012,0x00000486,0x00000468,0x000500c2,0x00000012,
    0x00000487,0x00000486,0x00000309,0x0003003e,0x00000448,0x00000487,0x0004003d,0x00000012,
    0x00000488,0x00000448,0x000500ab,0x000000d6,0x00000489,0x00000488,0x00000091,0x000300f7,
    0x00000491,0x00000000,0x000400fa,0x00000489,0x0000048a,0x00000491,0x000200f8,0x0000048a,
    0x0004003d,0x0000030f,0x0000048b,0x00000311,0x00050062,0x0000002f,0x0000048c,0x0000048b,
    0x00000313,0x0004003d,0x00000012,0x0000048d,0x00000448,0x0003003e,0x00000449,0x0000048d,
    0x0003003e,0x0000044a,0x0000048c,0x0004003d,0x00000006,0x0000048e,0x00000445,0x0003003e,
    0x0000044b,0x0000048e,0x0004003d,0x0000002f,0x00000536,0x0000044a,0x0007004f,0x0000000c,
    0x00000537,0x00000536,0x00000536,0x00000000,0x00000001,0x0004003d,0x00000012,0x00000538,
    0x00000449,0x0006000c,0x0000002f,0x00000539,0x00000001,0x00000040,0x00000538,0x0007004f,
    0x0000000c,0x0000053a,0x00000539,0x00000539,0x00000000,0x00000001,0x00050083,0x0000000c,
    0x0000053b,0x00000537,0x0000053a,0x0006000c,0x0000000c,0x0000053c,0x00000001,0x00000004,
    0x0000053b,0x0003003e,0x00000534,0x000002c7,0x0004003d,0x00000006,0x0000054a,0x00000534,
    0x00050041,0x00000007,0x0000054b,0x00000547,0x00000091,0x0003003e,0x0000054b,0x0000054a,
    0x0004003d,0x00000006,0x0000054c,0x00000534,0x00050041,0x00000007,0x0000054d,0x00000547,
    0x00000094,0x0003003e,0x0000054d,0x0000054c,0x0004003d,0x0000000c,0x0000054e,0x00000547,
    0x0003003e,0x00000548,0x0000054e,0x0004003d,0x0000000c,0x0000053d,0x00000548,0x000500b8,
    0x000002ca,0x0000053e,0x0000053c,0x0000053d,0x0004009b,0x000000d6,0x0000053f,0x0000053e,
    0x000300f7,0x00000546,0x00000000,0x000400fa,0x0000053f,0x00000540,0x00000545,0x000200f8,
    0x00000540,0x0004003d,0x00000006,0x00000541,0x0000044b,0x00050041,0x00000007,0x00000542,
    0x0000044a,0x000000a7,0x0004003d,0x00000006,0x00000543,0x00000542,0x0007000c,0x00000006,
    0x00000544,0x00000001,0x00000025,0x00000541,0x00000543,0x0003003e,0x0000044b,0x00000544,
    0x000200f9,0x00000546,0x000200f8,0x00000545,0x0003003e,0x0000044b,0x000000c8,0x000200f9,
    0x00000546,0x000200f8,0x00000546,0x0004003d,0x00000006,0x00000490,0x0000044b,0x0003003e,
    0x00000445,0x00000490,0x000200f9,0x00000491,0x000200f8,0x00000491,0x000200f9,0x00000492,
    0x000200f8,0x00000492,0x000300f7,0x00000498,0x00000000,0x000400fa,0x0000031c,0x00000493,
    0x00000498,0x000200f8,0x00000493,0x0004003d,0x00000012,0x00000495,0x00000468,0x000500c7,
    0x00000012,0x00000496,0x00000495,0x00000321,0x000500ab,0x000000d6,0x00000497,0x00000496,
    0x00000091,0x000200f9,0x00000498,0x000200f8,0x00000498,0x000700f5,0x000000d6,0x00000499,
    0x0000031c,0x00000492,0x00000497,0x00000493,0x000300f7,0x000004c0,0x00000000,0x000400fa,
    0x00000499,0x0000049a,0x000004c0,0x000200f8,0x0000049a,0x0004003d,0x00000012,0x0000049b,
    0x00000402,0x00050084,0x00000012,0x0000049c,0x0000049b,0x0000032e,0x00050080,0x00000012,
    0x0000049d,0x0000049c,0x000000a7,0x00060041,0x00000332,0x0000049e,0x0000032c,0x00000211,
    0x0000049d,0x0004003d,0x0000002f,0x0000049f,0x0000049e,0x0003003e,0x0000044d,0x0000049f,
    0x0004003d,0x0000002f,0x00000551,0x0000044d,0x0004003d,0x0000002f,0x00000553,0x0000044d,
    0x00050051,0x00000006,0x00000555,0x00000551,0x00000000,0x00050051,0x00000006,0x00000556,
    0x00000551,0x00000001,0x00050051,0x00000006,0x00000557,0x00000553,0x00000002,0x00050051,
    0x00000006,0x00000558,0x00000553,0x00000003,0x00050050,0x0000000c,0x00000559,0x00000555,
    0x00000556,0x00050050,0x0000000c,0x0000055a,0x00000557,0x00000558,0x00050050,0x00000035,
    0x0000055b,0x00000559,0x0000055a,0x0003003e,0x0000054f,0x0000055b,0x0004003d,0x00000035,
    0x000004a0,0x0000054f,0x0003003e,0x0000044c,0x000004a0,0x0004003d,0x00000012,0x000004a1,
    0x00000402,0x00050084,0x00000012,0x000004a2,0x000004a1,0x0000032e,0x00050080,0x00000012,
    0x000004a3,0x000004a2,0x000000be,0x00060041,0x00000332,0x000004a4,0x0000032c,0x00000211,
    0x000004a3,0x0004003d,0x0000002f,0x000004a5,0x000004a4,0x0003003e,0x0000044e,0x000004a5,
    0x0004003d,0x00000035,0x000004a6,0x0000044c,0x00050091,0x0000000c,0x000004a9,0x000004a6,
    0x000003e6,0x0004003d,0x0000002f,0x000004aa,0x0000044e,0x0007004f,0x0000000c,0x000004ab,
    0x000004aa,0x000004aa,0x00000000,0x00000001,0x00050081,0x0000000c,0x000004ac,0x000004a9,
    0x000004ab,0x0003003e,0x0000044f,0x000004ac,0x0004003d,0x0000000c,0x000004ad,0x0000044f,
    0x0006000c,0x0000000c,0x000004ae,0x00000001,0x00000004,0x000004ad,0x0004003d,0x0000002f,
    0x000004af,0x0000044e,0x0007004f,0x0000000c,0x000004b0,0x000004af,0x000004af,0x00000002,
    0x00000003,0x00050085,0x0000000c,0x000004b1,0x000004ae,0x000004b0,0x0004003d,0x0000002f,
    0x000004b2,0x0000044e,0x0007004f,0x0000000c,0x000004b3,0x000004b2,0x000004b2,0x00000002,
    0x00000003,0x00050083,0x0000000c,0x000004b4,0x000004b1,0x000004b3,0x0003003e,0x00000451,
    0x000004b4,0x0004003d,0x0000000c,0x0000055f,0x00000451,0x0003003e,0x0000055c,0x0000055f,
    0x0004003d,0x0000000c,0x00000560,0x0000055c,0x0003003e,0x0000055d,0x00000560,0x0004003d,
    0x0000000c,0x000004b5,0x0000055d,0x0003003e,0x00000450,0x000004b5,0x00050041,0x00000007,
    0x000004b6,0x00000450,0x00000091,0x0004003d,0x00000006,0x000004b7,0x000004b6,0x00050041,
    0x00000007,0x000004b8,0x00000450,0x00000094,0x0004003d,0x00000006,0x000004b9,0x000004b8,
    0x0007000c,0x00000006,0x000004ba,0x00000001,0x00000025,0x000004b7,0x000004b9,0x00050081,
    0x00000006,0x000004bb,0x000004ba,0x0000018d,0x0008000c,0x00000006,0x000004bc,0x00000001,
    0x0000002b,0x000004bb,0x000000c8,0x000000c7,0x0003003e,0x00000452,0x000004bc,0x0004003d,
    0x00000006,0x000004bd,0x00000445,0x0004003d,0x00000006,0x000004be,0x00000452,0x0007000c,
    0x00000006,0x000004bf,0x00000001,0x00000025,0x000004bd,0x000004be,0x0003003e,0x00000445,
    0x000004bf,0x000200f9,0x000004c0,0x000200f8,0x000004c0,0x0004003d,0x00000012,0x000004c2,
    0x00000468,0x000500c7,0x00000012,0x000004c3,0x000004c2,0x0000035f,0x0003003e,0x00000453,
    0x000004c3,0x0004003d,0x00000012,0x000004c4,0x00000453,0x000500b2,0x000000d6,0x000004c5,
    0x000004c4,0x00000094,0x000300f7,0x000004ff,0x00000000,0x000400fa,0x000004c5,0x000004c6,
    0x000004d0,0x000200f8,0x000004c6,0x00050041,0x00000013,0x000004c7,0x00000444,0x00000094,
    0x0004003d,0x00000012,0x000004c8,0x000004c7,0x0006000c,0x0000002f,0x000004c9,0x00000001,
    0x00000040,0x000004c8,0x0003003e,0x00000406,0x000004c9,0x0004003d,0x00000012,0x000004ca,
    0x00000453,0x000500aa,0x000000d6,0x000004cb,0x000004ca,0x00000091,0x000500a7,0x000000d6,
    0x000004cc,0x00000303,0x000004cb,0x000300f7,0x000004cf,0x00000000,0x000400fa,0x000004cc,
    0x000004cd,0x000004cf,0x000200f8,0x000004cd,0x0003003e,0x00000454,0x000000c8,0x0004003d,
    0x00000006,0x00000564,0x00000454,0x00050041,0x00000007,0x00000565,0x00000561,0x00000091,
    0x0003003e,0x00000565,0x00000564,0x0004003d,0x00000006,0x00000566,0x00000454,0x00050041,
    0x00000007,0x00000567,0x00000561,0x00000094,0x0003003e,0x00000567,0x00000566,0x0004003d,
    0x00000006,0x00000568,0x00000454,0x00050041,0x00000007,0x00000569,0x00000561,0x000000a7,
    0x0003003e,0x00000569,0x00000568,0x0004003d,0x00000006,0x0000056a,0x00000454,0x00050041,
    0x00000007,0x0000056b,0x00000561,0x000000be,0x0003003e,0x0000056b,0x0000056a,0x0004003d,
    0x0000002f,0x0000056c,0x00000561,0x0003003e,0x00000562,0x0000056c,0x0004003d,0x0000002f,
    0x000004ce,0x00000562,0x0003003e,0x00000406,0x000004ce,0x000200f9,0x000004cf,0x000200f8,
    0x000004cf,0x000200f9,0x000004ff,0x000200f8,0x000004d0,0x0004003d,0x00000012,0x000004d1,
    0x00000402,0x00050084,0x00000012,0x000004d2,0x000004d1,0x0000032e,0x00060041,0x00000332,
    0x000004d3,0x0000032c,0x00000211,0x000004d2,0x0004003d,0x0000002f,0x000004d4,0x000004d3,
    0x0003003e,0x00000456,0x000004d4,0x0004003d,0x0000002f,0x0000056f,0x00000456,0x0004003d,
    0x0000002f,0x00000571,0x00000456,0x00050051,0x00000006,0x00000573,0x0000056f,0x00000000,
    0x00050051,0x00000006,0x00000574,0x0000056f,0x00000001,0x00050051,0x00000006,0x00000575,
    0x00000571,0x00000002,0x00050051,0x00000006,0x00000576,0x00000571,0x00000003,0x00050050,
    0x0000000c,0x00000577,0x00000573,0x00000574,0x00050050,0x0000000c,0x00000578,0x00000575,
    0x00000576,0x00050050,0x00000035,0x00000579,0x00000577,0x00000578,0x0003003e,0x0000056d,
    0x00000579,0x0004003d,0x00000035,0x000004d5,0x0000056d,0x0003003e,0x00000455,0x000004d5,
    0x0004003d,0x00000012,0x000004d6,0x00000402,0x00050084,0x00000012,0x000004d7,0x000004d6,
    0x0000032e,0x00050080,0x00000012,0x000004d8,0x000004d7,0x00000094,0x00060041,0x00000332,
    0x000004d9,0x0000032c,0x00000211,0x000004d8,0x0004003d,0x0000002f,0x000004da,0x000004d9,
    0x0003003e,0x00000457,0x000004da,0x0004003d,0x00000035,0x000004db,0x00000455,0x00050091,
    0x0000000c,0x000004de,0x000004db,0x000003e6,0x0004003d,0x0000002f,0x000004df,0x00000457,
    0x0007004f,0x0000000c,0x000004e0,0x000004df,0x000004df,0x00000000,0x00000001,0x00050081,
    0x0000000c,0x000004e1,0x000004de,0x000004e0,0x0003003e,0x00000458,0x000004e1,0x0004003d,
    0x00000012,0x000004e2,0x00000453,0x000500aa,0x000000d6,0x000004e3,0x000004e2,0x000000a7,
    0x000300f7,0x000004ea,0x00000000,0x000400fa,0x000004e3,0x000004e4,0x000004e7,0x000200f8,
    0x000004e4,0x00050041,0x00000007,0x000004e5,0x00000458,0x00000091,0x0004003d,0x00000006,
    0x000004e6,0x000004e5,0x0003003e,0x0000045a,0x000004e6,0x000200f9,0x000004ea,0x000200f8,
    0x000004e7,0x0004003d,0x0000000c,0x000004e8,0x00000458,0x0006000c,0x00000006,0x000004e9,
    0x00000001,0x00000042,0x000004e8,0x0003003e,0x0000045a,0x000004e9,0x000200f9,0x000004ea,
    0x000200f8,0x000004ea,0x0004003d,0x00000006,0x000004eb,0x0000045a,0x0003003e,0x00000459,
    0x000004eb,0x0004003d,0x00000006,0x000004ec,0x00000459,0x0008000c,0x00000006,0x000004ed,
    0x00000001,0x0000002b,0x000004ec,0x000000c8,0x000000c7,0x0003003e,0x00000459,0x000004ed,
    0x0004003d,0x00000006,0x000004ee,0x00000459,0x00050041,0x00000007,0x000004ef,0x00000457,
    0x000000a7,0x0004003d,0x00000006,0x000004f0,0x000004ef,0x00050085,0x00000006,0x000004f1,
    0x000004ee,0x000004f0,0x00050041,0x00000007,0x000004f2,0x00000457,0x000000be,0x0004003d,
    0x00000006,0x000004f3,0x000004f2,0x00050081,0x00000006,0x000004f4,0x000004f1,0x000004f3,
    0x0003003e,0x0000045b,0x000004f4,0x00050041,0x00000013,0x000004f5,0x00000444,0x00000094,
    0x0004003d,0x00000012,0x000004f6,0x000004f5,0x0004007c,0x00000006,0x000004f7,0x000004f6,
    0x0003003e,0x0000045c,0x000004f7,0x0004003d,0x0000039f,0x000004f8,0x000003a1,0x0004003d,
    0x000003a3,0x000004f9,0x000003a5,0x00050056,0x000003a7,0x000004fa,0x000004f8,0x000004f9,
    0x0004003d,0x00000006,0x000004fb,0x0000045b,0x0004003d,0x00000006,0x000004fc,0x0000045c,
    0x00050050,0x0000000c,0x000004fd,0x000004fb,0x000004fc,0x00070058,0x0000002f,0x000004fe,
    0x000004fa,0x000004fd,0x00000002,0x000000c8,0x0003003e,0x00000406,0x000004fe,0x000200f9,
    0x000004ff,0x000200f8,0x000004ff,0x0004003d,0x00000006,0x00000500,0x00000445,0x00050041,
    0x00000007,0x00000501,0x00000406,0x000000be,0x0004003d,0x00000006,0x00000502,0x00000501,
    0x00050085,0x00000006,0x00000503,0x00000502,0x00000500,0x0003003e,0x00000501,0x00000503,
    0x000300f7,0x00000509,0x00000000,0x000400fa,0x000003b2,0x00000505,0x00000509,0x000200f8,
    0x00000505,0x0004003d,0x00000006,0x00000507,0x00000501,0x000500b7,0x000000d6,0x00000508,
    0x00000507,0x000000c8,0x000200f9,0x00000509,0x000200f8,0x00000509,0x000700f5,0x000000d6,
    0x0000050a,0x000003b2,0x000004ff,0x00000508,0x00000505,0x000300f7,0x00000512,0x00000000,
    0x000400fa,0x0000050a,0x0000050b,0x00000512,0x000200f8,0x0000050b,0x0004003d,0x00000012,
    0x0000050d,0x00000468,0x000500c2,0x00000012,0x0000050e,0x0000050d,0x000003be,0x000500c7,
    0x00000012,0x0000050f,0x0000050e,0x0000035f,0x0003003e,0x0000045e,0x0000050f,0x0004003d,
    0x00000012,0x0000057d,0x0000045e,0x0003003e,0x0000057a,0x0000057d,0x0004003d,0x00000012,
    0x0000057e,0x0000057a,0x0003003e,0x0000057b,0x0000057e,0x0004003d,0x00000012,0x00000510,
    0x0000057b,0x0003003e,0x0000045d,0x00000510,0x000500ab,0x000000d6,0x00000511,0x00000510,
    0x00000091,0x000200f9,0x00000512,0x000200f8,0x00000512,0x000700f5,0x000000d6,0x00000513,
    0x0000050a,0x00000509,0x00000511,0x0000050b,0x000300f7,0x00000522,0x00000000,0x000400fa,
    0x00000513,0x00000514,0x00000522,0x000200f8,0x00000514,0x0004003d,0x0000030f,0x00000515,
    0x000003c8,0x00050062,0x0000002f,0x00000516,0x00000515,0x00000313,0x0003003e,0x0000045f,
    0x00000516,0x0004003d,0x0000002f,0x00000517,0x00000406,0x0008004f,0x00000024,0x00000518,
    0x00000517,0x00000517,0x00000000,0x00000001,0x00000002,0x0003003e,0x00000460,0x00000518,
    0x0004003d,0x0000002f,0x00000519,0x0000045f,0x0003003e,0x00000461,0x00000519,0x0004003d,
    0x00000012,0x0000051a,0x0000045d,0x0003003e,0x00000462,0x0000051a,0x0004003d,0x00000024,
    0x00000586,0x00000460,0x0003003e,0x00000580,0x00000586,0x0004003d,0x0000002f,0x00000587,
    0x00000461,0x0003003e,0x00000581,0x00000587,0x0004003d,0x00000012,0x00000588,0x00000462,
    0x0003003e,0x00000582,0x00000588,0x0004003d,0x0000002f,0x000005b8,0x00000581,0x0003003e,
    0x00000591,0x000005b8,0x0004003d,0x0000002f,0x000006b4,0x00000591,0x0008004f,0x00000024,
    0x000006b5,0x000006b4,0x000006b4,0x00000000,0x00000001,0x00000002,0x00050041,0x00000007,
    0x000006b6,0x00000591,0x000000be,0x0004003d,0x00000006,0x000006b7,0x000006b6,0x000500b7,
    0x000000d6,0x000006b8,0x000006b7,0x000000c8,0x000300f7,0x000006be,0x00000000,0x000400fa,
    0x000006b8,0x000006b9,0x000006bd,0x000200f8,0x000006b9,0x0004003d,0x00000006,0x000006bb,
    0x000006b6,0x00050088,0x00000006,0x000006bc,0x000000c7,0x000006bb,0x0003003e,0x000006b1,
    0x000006bc,0x000200f9,0x000006be,0x000200f8,0x000006bd,0x0003003e,0x000006b1,0x000000c8,
    0x000200f9,0x000006be,0x000200f8,0x000006be,0x0004003d,0x00000006,0x000006bf,0x000006b1,
    0x0005008e,0x00000024,0x000006c0,0x000006b5,0x000006bf,0x0003003e,0x000006b2,0x000006c0,
    0x0004003d,0x00000024,0x000005b9,0x000006b2,0x0003003e,0x00000590,0x000005b9,0x0004003d,
    0x00000012,0x000005ba,0x00000582,0x000300f7,0x000006af,0x00000000,0x002100fb,0x000005ba,
    0x000006af,0x0000000b,0x000005bb,0x00000001,0x000005bf,0x00000002,0x000005c7,0x00000003,
    0x000005d7,0x00000004,0x000005db,0x00000005,0x000005df,0x00000006,0x00000601,0x00000007,
    0x0000062d,0x00000008,0x0000063d,0x00000009,0x00000677,0x0000000a,0x0000067c,0x0000000c,
    0x00000685,0x0000000d,0x00000690,0x0000000e,0x0000069b,0x0000000f,0x000006a5,0x000200f8,
    0x000005bb,0x0004003d,0x00000024,0x000005bc,0x00000580,0x0004003d,0x00000024,0x000005bd,
    0x00000590,0x00050085,0x00000024,0x000005be,0x000005bc,0x000005bd,0x0003003e,0x00000592,
    0x000005be,0x000200f9,0x000006af,0x000200f8,0x000005bf,0x0004003d,0x00000024,0x000005c0,
    0x00000580,0x0004003d,0x00000024,0x000005c1,0x00000590,0x00050081,0x00000024,0x000005c2,
    0x000005c0,0x000005c1,0x0004003d,0x00000024,0x000005c3,0x00000580,0x0004003d,0x00000024,
    0x000005c4,0x00000590,0x00050085,0x00000024,0x000005c5,0x000005c3,0x000005c4,0x00050083,
    0x00000024,0x000005c6,0x000005c2,0x000005c5,0x0003003e,0x00000592,0x000005c6,0x000200f9,
    0x000006af,0x000200f8,0x000005c7,0x0004003d,0x00000024,0x000005c8,0x00000580,0x0004003d,
    0x00000024,0x000005c9,0x00000590,0x00050085,0x00000024,0x000005ca,0x000005c8,0x000005c9,
    0x0003003e,0x00000593,0x000005ca,0x0004003d,0x00000024,0x000005cb,0x00000593,0x0004003d,
    0x00000024,0x000005cc,0x00000580,0x0004003d,0x00000024,0x000005cd,0x00000590,0x00050081,
    0x00000024,0x000005ce,0x000005cc,0x000005cd,0x0004003d,0x00000024,0x000005cf,0x00000593,
    0x00050083,0x00000024,0x000005d0,0x000005ce,0x000005cf,0x00050083,0x00000024,0x000005d1,
    0x000005d0,0x0000042e,0x0004003d,0x00000024,0x000005d2,0x00000590,0x0003003e,0x00000594,
    0x0000018d,0x0004003d,0x00000006,0x000006c4,0x00000594,0x00050041,0x00000007,0x000006c5,
    0x000006c1,0x00000091,0x0003003e,0x000006c5,0x000006c4,0x0004003d,0x00000006,0x000006c6,
    0x00000594,0x00050041,0x00000007,0x000006c7,0x000006c1,0x00000094,0x0003003e,0x000006c7,
    0x000006c6,0x0004003d,0x00000006,0x000006c8,0x00000594,0x00050041,0x00000007,0x000006c9,
    0x000006c1,0x000000a7,0x0003003e,0x000006c9,0x000006c8,0x0004003d,0x00000024,0x000006ca,
    0x000006c1,0x0003003e,0x000006c2,0x000006ca,0x0004003d,0x00000024,0x000005d3,0x000006c2,
    0x000500ba,0x00000193,0x000005d4,0x000005d2,0x000005d3,0x000600a9,0x00000024,0x000005d5,
    0x000005d4,0x000005d1,0x000005cb,0x0005008e,0x00000024,0x000005d6,0x000005d5,0x00000186,
    0x0003003e,0x00000592,0x000005d6,0x000200f9,0x000006af,0x000200f8,0x000005d7,0x0004003d,
    0x00000024,0x000005d8,0x00000580,0x0004003d,0x00000024,0x000005d9,0x00000590,0x0007000c,
    0x00000024,0x000005da,0x00000001,0x00000025,0x000005d8,0x000005d9,0x0003003e,0x00000592,
    0x000005da,0x000200f9,0x000006af,0x000200f8,0x000005db,0x0004003d,0x00000024,0x000005dc,
    0x00000580,0x0004003d,0x00000024,0x000005dd,0x00000590,0x0007000c,0x00000024,0x000005de,
    0x00000001,0x00000028,0x000005dc,0x000005dd,0x0003003e,0x00000592,0x000005de,0x000200f9,
    0x000006af,0x000200f8,0x000005df,0x0004003d,0x0000002f,0x000005e0,0x00000581,0x0008004f,
    0x00000024,0x000005e1,0x000005e0,0x000005e0,0x00000000,0x00000001,0x00000002,0x0003003e,
    0x00000595,0x000000c8,0x0004003d,0x00000006,0x000006ce,0x00000595,0x00050041,0x00000007,
    0x000006cf,0x000006cb,0x00000091,0x0003003e,0x000006cf,0x000006ce,0x0004003d,0x00000006,
    0x000006d0,0x00000595,0x00050041,0x00000007,0x000006d1,0x000006cb,0x00000094,0x0003003e,
    0x000006d1,0x000006d0,0x0004003d,0x00000006,0x000006d2,0x00000595,0x00050041,0x00000007,
    0x000006d3,0x000006cb,0x000000a7,0x0003003e,0x000006d3,0x000006d2,0x0004003d,0x00000024,
    0x000006d4,0x000006cb,0x0003003e,0x000006cc,0x000006d4,0x0004003d,0x00000024,0x000005e2,
    0x000006cc,0x0004003d,0x0000002f,0x000005e3,0x00000581,0x0008004f,0x00000024,0x000005e4,
    0x000005e3,0x000005e3,0x00000003,0x00000003,0x00000003,0x0008000c,0x00000024,0x000005e5,
    0x00000001,0x0000002b,0x000005e1,0x000005e2,0x000005e4,0x00050041,0x00000007,0x000005e6,
    0x00000581,0x00000091,0x00050051,0x00000006,0x000005e7,0x000005e5,0x00000000,0x0003003e,
    0x000005e6,0x000005e7,0x00050041,0x00000007,0x000005e8,0x00000581,0x00000094,0x00050051,
    0x00000006,0x000005e9,0x000005e5,0x00000001,0x0003003e,0x000005e8,0x000005e9,0x00050041,
    0x00000007,0x000005ea,0x00000581,0x000000a7,0x00050051,0x00000006,0x000005eb,0x000005e5,
    0x00000002,0x0003003e,0x000005ea,0x000005eb,0x0004003d,0x00000024,0x000005ec,0x00000580,
    0x00050083,0x00000024,0x000005ed,0x0000042d,0x000005ec,0x0003003e,0x00000597,0x000000c8,
    0x0004003d,0x00000006,0x000006d8,0x00000597,0x00050041,0x00000007,0x000006d9,0x000006d5,
    0x00000091,0x0003003e,0x000006d9,0x000006d8,0x0004003d,0x00000006,0x000006da,0x00000597,
    0x00050041,0x00000007,0x000006db,0x000006d5,0x00000094,0x0003003e,0x000006db,0x000006da,
    0x0004003d,0x00000006,0x000006dc,0x00000597,0x00050041,0x00000007,0x000006dd,0x000006d5,
    0x000000a7,0x0003003e,0x000006dd,0x000006dc,0x0004003d,0x00000024,0x000006de,0x000006d5,
    0x0003003e,0x000006d6,0x000006de,0x0004003d,0x00000024,0x000005ee,0x000006d6,0x0003003e,
    0x00000598,0x000000c7,0x0004003d,0x00000006,0x000006e2,0x00000598,0x00050041,0x00000007,
    0x000006e3,0x000006df,0x00000091,0x0003003e,0x000006e3,0x000006e2,0x0004003d,0x00000006,
    0x000006e4,0x00000598,0x00050041,0x00000007,0x000006e5,0x000006df,0x00000094,0x0003003e,
    0x000006e5,0x000006e4,0x0004003d,0x00000006,0x000006e6,0x00000598,0x00050041,0x00000007,
    0x000006e7,0x000006df,0x000000a7,0x0003003e,0x000006e7,0x000006e6,0x0004003d,0x00000024,
    0x000006e8,0x000006df,0x0003003e,0x000006e0,0x000006e8,0x0004003d,0x00000024,0x000005ef,
    0x000006e0,0x0008000c,0x00000024,0x000005f0,0x00000001,0x0000002b,0x000005ed,0x000005ee,
    0x000005ef,0x00050041,0x00000007,0x000005f1,0x00000581,0x000000be,0x0004003d,0x00000006,
    0x000005f2,0x000005f1,0x0005008e,0x00000024,0x000005f3,0x000005f0,0x000005f2,0x0003003e,
    0x00000596,0x000005f3,0x0003003e,0x00000599,0x000000c7,0x0004003d,0x00000006,0x000006ec,
    0x00000599,0x00050041,0x00000007,0x000006ed,0x000006e9,0x00000091,0x0003003e,0x000006ed,
    0x000006ec,0x0004003d,0x00000006,0x000006ee,0x00000599,0x00050041,0x00000007,0x000006ef,
    0x000006e9,0x00000094,0x0003003e,0x000006ef,0x000006ee,0x0004003d,0x00000006,0x000006f0,
    0x00000599,0x00050041,0x00000007,0x000006f1,0x000006e9,0x000000a7,0x0003003e,0x000006f1,
    0x000006f0,0x0004003d,0x00000024,0x000006f2,0x000006e9,0x0003003e,0x000006ea,0x000006f2,
    0x0004003d,0x00000024,0x000005f4,0x000006ea,0x0004003d,0x0000002f,0x000005f5,0x00000581,
    0x0008004f,0x00000024,0x000005f6,0x000005f5,0x000005f5,0x00000000,0x00000001,0x00000002,
    0x0004003d,0x00000024,0x000005f7,0x00000596,0x00050088,0x00000024,0x000005f8,0x000005f6,
    0x000005f7,0x0007000c,0x00000024,0x000005f9,0x00000001,0x00000025,0x000005f4,0x000005f8,
    0x0004003d,0x0000002f,0x000005fa,0x00000581,0x0008004f,0x00000024,0x000005fb,0x000005fa,
    0x000005fa,0x00000000,0x00000001,0x00000002,0x0006000c,0x00000024,0x000005fc,0x00000001,
    0x00000006,0x000005fb,0x0004003d,0x00000024,0x000005fd,0x00000596,0x0003003e,0x0000059a,
    0x000000c8,0x0004003d,0x00000006,0x000006f6,0x0000059a,0x00050041,0x00000007,0x000006f7,
    0x000006f3,0x00000091,0x0003003e,0x000006f7,0x000006f6,0x0004003d,0x00000006,0x000006f8,
    0x0000059a,0x00050041,0x00000007,0x000006f9,0x000006f3,0x00000094,0x0003003e,0x000006f9,
    0x000006f8,0x0004003d,0x00000006,0x000006fa,0x0000059a,0x00050041,0x00000007,0x000006fb,
    0x000006f3,0x000000a7,0x0003003e,0x000006fb,0x000006fa,0x0004003d,0x00000024,0x000006fc,
    0x000006f3,0x0003003e,0x000006f4,0x000006fc,0x0004003d,0x00000024,0x000005fe,0x000006f4,
    0x000500b4,0x00000193,0x000005ff,0x000005fd,0x000005fe,0x000600a9,0x00000024,0x00000600,
    0x000005ff,0x000005fc,0x000005f9,0x0003003e,0x00000592,0x00000600,0x000200f9,0x000006af,
    0x000200f8,0x00000601,0x0004003d,0x00000024,0x00000602,0x00000580,0x0003003e,0x0000059b,
    0x000000c8,0x0004003d,0x00000006,0x00000700,0x0000059b,0x00050041,0x00000007,0x00000701,
    0x000006fd,0x00000091,0x0003003e,0x00000701,0x00000700,0x0004003d,0x00000006,0x00000702,
    0x0000059b,0x00050041,0x00000007,0x00000703,0x000006fd,0x00000094,0x0003003e,0x00000703,
    0x00000702,0x0004003d,0x00000006,0x00000704,0x0000059b,0x00050041,0x00000007,0x00000705,
    0x000006fd,0x000000a7,0x0003003e,0x00000705,0x00000704,0x0004003d,0x00000024,0x00000706,
    0x000006fd,0x0003003e,0x000006fe,0x00000706,0x0004003d,0x00000024,0x00000603,0x000006fe,
    0x0003003e,0x0000059c,0x000000c7,0x0004003d,0x00000006,0x0000070a,0x0000059c,0x00050041,
    0x00000007,0x0000070b,0x00000707,0x00000091,0x0003003e,0x0000070b,0x0000070a,0x0004003d,
    0x00000006,0x0000070c,0x0000059c,0x00050041,0x00000007,0x0000070d,0x00000707,0x00000094,
    0x0003003e,0x0000070d,0x0000070c,0x0004003d,0x00000006,0x0000070e,0x0000059c,0x00050041,
    0x00000007,0x0000070f,0x00000707,0x000000a7,0x0003003e,0x0000070f,0x0000070e,0x0004003d,
    0x00000024,0x00000710,0x00000707,0x0003003e,0x00000708,0x00000710,0x0004003d,0x00000024,
    0x00000604,0x00000708,0x0008000c,0x00000024,0x00000605,0x00000001,0x0000002b,0x00000602,
    0x00000603,0x00000604,0x0003003e,0x00000580,0x00000605,0x0004003d,0x0000002f,0x00000606,
    0x00000581,0x0008004f,0x00000024,0x00000607,0x00000606,0x00000606,0x00000000,0x00000001,
    0x00000002,0x0003003e,0x0000059d,0x000000c8,0x0004003d,0x00000006,0x00000714,0x0000059d,
    0x00050041,0x00000007,0x00000715,0x00000711,0x00000091,0x0003003e,0x00000715,0x00000714,
    0x0004003d,0x00000006,0x00000716,0x0000059d,0x00050041,0x00000007,0x00000717,0x00000711,
    0x00000094,0x0003003e,0x00000717,0x00000716,0x0004003d,0x00000006,0x00000718,0x0000059d,
    0x00050041,0x00000007,0x00000719,0x00000711,0x000000a7,0x0003003e,0x00000719,0x00000718,
    0x0004003d,0x00000024,0x0000071a,0x00000711,0x0003003e,0x00000712,0x0000071a,0x0004003d,
    0x00000024,0x00000608,0x00000712,0x0004003d,0x0000002f,0x00000609,0x00000581,0x0008004f,
    0x00000024,0x0000060a,0x00000609,0x00000609,0x00000003,0x00000003,0x00000003,0x0008000c,
    0x00000024,0x0000060b,0x00000001,0x0000002b,0x00000607,0x00000608,0x0000060a,0x00050041,
    0x00000007,0x0000060c,0x00000581,0x00000091,0x00050051,0x00000006,0x0000060d,0x0000060b,
    0x00000000,0x0003003e,0x0000060c,0x0000060d,0x00050041,0x00000007,0x0000060e,0x00000581,
    0x00000094,0x00050051,0x00000006,0x0000060f,0x0000060b,0x00000001,0x0003003e,0x0000060e,
    0x0000060f,0x00050041,0x00000007,0x00000610,0x00000581,0x000000a7,0x00050051,0x00000006,
    0x00000611,0x0000060b,0x00000002,0x0003003e,0x00000610,0x00000611,0x00050041,0x00000007,
    0x00000612,0x00000581,0x000000be,0x0004003d,0x00000006,0x00000613,0x00000612,0x000500b4,
    0x000000d6,0x00000614,0x00000613,0x000000c8,0x000300f7,0x00000617,0x00000000,0x000400fa,
    0x00000614,0x00000615,0x00000617,0x000200f8,0x00000615,0x0003003e,0x00000612,0x000000c7,
    0x000200f9,0x00000617,0x000200f8,0x00000617,0x0004003d,0x00000006,0x00000619,0x00000612,
    0x0004003d,0x0000002f,0x0000061a,0x00000581,0x0008004f,0x00000024,0x0000061b,0x0000061a,
    0x0000061a,0x00000000,0x00000001,0x00000002,0x00060050,0x00000024,0x0000061c,0x00000619,
    0x00000619,0x00000619,0x00050083,0x00000024,0x0000061d,0x0000061c,0x0000061b,0x0003003e,
    0x0000059e,0x0000061d,0x0003003e,0x0000059f,0x000000c7,0x0004003d,0x00000006,0x0000071e,
    0x0000059f,0x00050041,0x00000007,0x0000071f,0x0000071b,0x00000091,0x0003003e,0x0000071f,
    0x0000071e,0x0004003d,0x00000006,0x00000720,0x0000059f,0x00050041,0x00000007,0x00000721,
    0x0000071b,0x00000094,0x0003003e,0x00000721,0x00000720,0x0004003d,0x00000006,0x00000722,
    0x0000059f,0x00050041,0x00000007,0x00000723,0x0000071b,0x000000a7,0x0003003e,0x00000723,
    0x00000722,0x0004003d,0x00000024,0x00000724,0x0000071b,0x0003003e,0x0000071c,0x00000724,
    0x0004003d,0x00000024,0x0000061e,0x0000071c,0x0004003d,0x00000024,0x0000061f,0x0000059e,
    0x0004003d,0x00000024,0x00000620,0x00000580,0x0004003d,0x00000006,0x00000622,0x00000612,
    0x0005008e,0x00000024,0x00000623,0x00000620,0x00000622,0x00050088,0x00000024,0x00000624,
    0x0000061f,0x00000623,0x0007000c,0x00000024,0x00000625,0x00000001,0x00000025,0x0000061e,
    0x00000624,0x0004003d,0x00000024,0x00000626,0x0000059e,0x0006000c,0x00000024,0x00000627,
    0x00000001,0x00000006,0x00000626,0x0004003d,0x00000024,0x00000628,0x00000580,0x0003003e,
    0x000005a0,0x000000c8,0x0004003d,0x00000006,0x00000728,0x000005a0,0x00050041,0x00000007,
    0x00000729,0x00000725,0x00000091,0x0003003e,0x00000729,0x00000728,0x0004003d,0x00000006,
    0x0000072a,0x000005a0,0x00050041,0x00000007,0x0000072b,0x00000725,0x00000094,0x0003003e,
    0x0000072b,0x0000072a,0x0004003d,0x00000006,0x0000072c,0x000005a0,0x00050041,0x00000007,
    0x0000072d,0x00000725,0x000000a7,0x0003003e,0x0000072d,0x0000072c,0x0004003d,0x00000024,
    0x0000072e,0x00000725,0x0003003e,0x00000726,0x0000072e,0x0004003d,0x00000024,0x00000629,
    0x00000726,0x000500b4,0x00000193,0x0000062a,0x00000628,0x00000629,0x000600a9,0x00000024,
    0x0000062b,0x0000062a,0x00000627,0x00000625,0x00050083,0x00000024,0x0000062c,0x0000042d,
    0x0000062b,0x0003003e,0x00000592,0x0000062c,0x000200f9,0x000006af,0x000200f8,0x0000062d,
    0x0004003d,0x00000024,0x0000062e,0x00000580,0x0004003d,0x00000024,0x0000062f,0x00000590,
    0x00050085,0x00000024,0x00000630,0x0000062e,0x0000062f,0x0003003e,0x000005a1,0x00000630,
    0x0004003d,0x00000024,0x00000631,0x000005a1,0x0004003d,0x00000024,0x00000632,0x00000580,
    0x0004003d,0x00000024,0x00000633,0x00000590,0x00050081,0x00000024,0x00000634,0x00000632,
    0x00000633,0x0004003d,0x00000024,0x00000635,0x000005a1,0x00050083,0x00000024,0x00000636,
    0x00000634,0x00000635,0x00050083,0x00000024,0x00000637,0x00000636,0x0000042e,0x0004003d,
    0x00000024,0x00000638,0x00000580,0x0003003e,0x000005a2,0x0000018d,0x0004003d,0x00000006,
    0x00000732,0x000005a2,0x00050041,0x00000007,0x00000733,0x0000072f,0x00000091,0x0003003e,
    0x00000733,0x00000732,0x0004003d,0x00000006,0x00000734,0x000005a2,0x00050041,0x00000007,
    0x00000735,0x0000072f,0x00000094,0x0003003e,0x00000735,0x00000734,0x0004003d,0x00000006,
    0x00000736,0x000005a2,0x00050041,0x00000007,0x00000737,0x0000072f,0x000000a7,0x0003003e,
    0x00000737,0x00000736,0x0004003d,0x00000024,0x00000738,0x0000072f,0x0003003e,0x00000730,
    0x00000738,0x0004003d,0x00000024,0x00000639,0x00000730,0x000500ba,0x00000193,0x0000063a,
    0x00000638,0x00000639,0x000600a9,0x00000024,0x0000063b,0x0000063a,0x00000637,0x00000631,
    0x0005008e,0x00000024,0x0000063c,0x0000063b,0x00000186,0x0003003e,0x00000592,0x0000063c,
    0x000200f9,0x000006af,0x000200f8,0x0000063d,0x0003003e,0x000005a3,0x00000211,0x000200f9,
    0x0000063e,0x000200f8,0x0000063e,0x0004003d,0x00000073,0x00000640,0x000005a3,0x000500b1,
    0x000000d6,0x00000641,0x00000640,0x00000218,0x000400f6,0x0000066d,0x0000066a,0x00000000,
    0x000400fa,0x00000641,0x00000642,0x0000066d,0x000200f8,0x00000642,0x0004003d,0x00000073,
    0x00000643,0x000005a3,0x00050041,0x00000007,0x00000644,0x00000580,0x00000643,0x0004003d,
    0x00000006,0x00000645,0x00000644,0x000500bc,0x000000d6,0x00000646,0x00000645,0x0000018d,
    0x000300f7,0x00000669,0x00000000,0x000400fa,0x00000646,0x00000647,0x0000064e,0x000200f8,
    0x00000647,0x0004003d,0x00000073,0x00000648,0x000005a3,0x0004003d,0x00000073,0x00000649,
    0x000005a3,0x00050041,0x00000007,0x0000064a,0x00000590,0x00000649,0x0004003d,0x00000006,
    0x0000064b,0x0000064a,0x00050083,0x00000006,0x0000064c,0x000000c7,0x0000064b,0x00050041,
    0x00000007,0x0000064d,0x00000592,0x00000648,0x0003003e,0x0000064d,0x0000064c,0x000200f9,
    0x00000669,0x000200f8,0x0000064e,0x0004003d,0x00000073,0x0000064f,0x000005a3,0x00050041,
    0x00000007,0x00000650,0x00000590,0x0000064f,0x0004003d,0x00000006,0x00000651,0x00000650,
    0x000500bc,0x000000d6,0x00000652,0x00000651,0x0000022a,0x000300f7,0x00000668,0x00000000,
    0x000400fa,0x00000652,0x00000653,0x00000660,0x000200f8,0x00000653,0x0004003d,0x00000073,
    0x00000654,0x000005a3,0x0004003d,0x00000073,0x00000655,0x000005a3,0x00050041,0x00000007,
    0x00000656,0x00000590,0x00000655,0x0004003d,0x00000006,0x00000657,0x00000656,0x00050085,
    0x00000006,0x00000658,0x0000022f,0x00000657,0x00050083,0x00000006,0x00000659,0x00000658,
    0x00000234,0x0004003d,0x00000073,0x0000065a,0x000005a3,0x00050041,0x00000007,0x0000065b,
    0x00000590,0x0000065a,0x0004003d,0x00000006,0x0000065c,0x0000065b,0x00050085,0x00000006,
    0x0000065d,0x00000659,0x0000065c,0x00050081,0x00000006,0x0000065e,0x0000065d,0x0000023a,
    0x00050041,0x00000007,0x0000065f,0x00000592,0x00000654,0x0003003e,0x0000065f,0x0000065e,
    0x000200f9,0x00000668,0x000200f8,0x00000660,0x0004003d,0x00000073,0x00000661,0x000005a3,
    0x0004003d,0x00000073,0x00000662,0x000005a3,0x00050041,0x00000007,0x00000663,0x00000590,
    0x00000662,0x0004003d,0x00000006,0x00000664,0x00000663,0x0006000c,0x00000006,0x00000665,
    0x00000001,0x00000020,0x00000664,0x00050083,0x00000006,0x00000666,0x00000665,0x000000c7,
    0x00050041,0x00000007,0x00000667,0x00000592,0x00000661,0x0003003e,0x00000667,0x00000666,
    0x000200f9,0x00000668,0x000200f8,0x00000668,0x000200f9,0x00000669,0x000200f8,0x00000669,
    0x000200f9,0x0000066a,0x000200f8,0x0000066a,0x0004003d,0x00000073,0x0000066b,0x000005a3,
    0x00050080,0x00000073,0x0000066c,0x0000066b,0x00000246,0x0003003e,0x000005a3,0x0000066c,
    0x000200f9,0x0000063e,0x000200f8,0x0000066d,0x0004003d,0x00000024,0x0000066e,0x00000590,
    0x0004003d,0x00000024,0x0000066f,0x00000590,0x0004003d,0x00000024,0x00000670,0x00000580,
    0x0005008e,0x00000024,0x00000671,0x00000670,0x00000186,0x00050083,0x00000024,0x00000672,
    0x00000671,0x0000042d,0x00050085,0x00000024,0x00000673,0x0000066f,0x00000672,0x0004003d,
    0x00000024,0x00000674,0x00000592,0x00050085,0x00000024,0x00000675,0x00000673,0x00000674,
    0x00050081,0x00000024,0x00000676,0x0000066e,0x00000675,0x0003003e,0x00000592,0x00000676,
    0x000200f9,0x000006af,0x000200f8,0x00000677,0x0004003d,0x00000024,0x00000678,0x00000590,
    0x0004003d,0x00000024,0x00000679,0x00000580,0x00050083,0x00000024,0x0000067a,0x00000678,
    0x00000679,0x0006000c,0x00000024,0x0000067b,0x00000001,0x00000004,0x0000067a,0x0003003e,
    0x00000592,0x0000067b,0x000200f9,0x000006af,0x000200f8,0x0000067c,0x0004003d,0x00000024,
    0x0000067d,0x00000580,0x0004003d,0x00000024,0x0000067e,0x00000590,0x00050081,0x00000024,
    0x0000067f,0x0000067d,0x0000067e,0x0004003d,0x00000024,0x00000680,0x00000580,0x0005008e,
    0x00000024,0x00000681,0x00000680,0x00000186,0x0004003d,0x00000024,0x00000682,0x00000590,
    0x00050085,0x00000024,0x00000683,0x00000681,0x00000682,0x00050083,0x00000024,0x00000684,
    0x0000067f,0x00000683,0x0003003e,0x00000592,0x00000684,0x000200f9,0x000006af,0x000200f8,
    0x00000685,0x000300f7,0x0000068f,0x00000000,0x000400fa,0x00000261,0x00000686,0x0000068f,
    0x000200f8,0x00000686,0x0004003d,0x00000024,0x00000687,0x00000580,0x0003003e,0x000005a4,
    0x000000c8,0x0004003d,0x00000006,0x0000073c,0x000005a4,0x00050041,0x00000007,0x0000073d,
    0x00000739,0x00000091,0x0003003e,0x0000073d,0x0000073c,0x0004003d,0x00000006,0x0000073e,
    0x000005a4,0x00050041,0x00000007,0x0000073f,0x00000739,0x00000094,0x0003003e,0x0000073f,
    0x0000073e,0x0004003d,0x00000006,0x00000740,0x000005a4,0x00050041,0x00000007,0x00000741,
    0x00000739,0x000000a7,0x0003003e,0x00000741,0x00000740,0x0004003d,0x00000024,0x00000742,
    0x00000739,0x0003003e,0x0000073a,0x00000742,0x0004003d,0x00000024,0x00000688,0x0000073a,
    0x0003003e,0x000005a5,0x000000c7,0x0004003d,0x00000006,0x00000746,0x000005a5,0x00050041,
    0x00000007,0x00000747,0x00000743,0x00000091,0x0003003e,0x00000747,0x00000746,0x0004003d,
    0x00000006,0x00000748,0x000005a5,0x00050041,0x00000007,0x00000749,0x00000743,0x00000094,
    0x0003003e,0x00000749,0x00000748,0x0004003d,0x00000006,0x0000074a,0x000005a5,0x00050041,
    0x00000007,0x0000074b,0x00000743,0x000000a7,0x0003003e,0x0000074b,0x0000074a,0x0004003d,
    0x00000024,0x0000074c,0x00000743,0x0003003e,0x00000744,0x0000074c,0x0004003d,0x00000024,
    0x00000689,0x00000744,0x0008000c,0x00000024,0x0000068a,0x00000001,0x0000002b,0x00000687,
    0x00000688,0x00000689,0x0003003e,0x00000580,0x0000068a,0x0004003d,0x00000024,0x0000068b,
    0x00000580,0x0003003e,0x000005a6,0x0000068b,0x0004003d,0x00000024,0x0000068c,0x00000590,
    0x0003003e,0x000005a7,0x0000068c,0x0004003d,0x00000024,0x0000068d,0x00000590,0x0003003e,
    0x000005a8,0x0000068d,0x0004003d,0x00000024,0x00000758,0x000005a7,0x0003003e,0x0000074e,
    0x00000758,0x0004003d,0x00000024,0x00000770,0x0000074e,0x0007004f,0x0000000c,0x00000771,
    0x00000770,0x00000770,0x00000000,0x00000001,0x0003003e,0x0000076d,0x00000771,0x00050041,
    0x00000007,0x00000778,0x0000076d,0x00000091,0x0004003d,0x00000006,0x00000779,0x00000778,
    0x00050041,0x00000007,0x0000077a,0x0000076d,0x00000094,0x0004003d,0x00000006,0x0000077b,
    0x0000077a,0x0007000c,0x00000006,0x0000077c,0x00000001,0x00000028,0x00000779,0x0000077b,
    0x0003003e,0x00000776,0x0000077c,0x0004003d,0x00000006,0x00000772,0x00000776,0x00050041,
    0x00000007,0x00000773,0x0000074e,0x000000a7,0x0004003d,0x00000006,0x00000774,0x00000773,
    0x0007000c,0x00000006,0x00000775,0x00000001,0x00000028,0x00000772,0x00000774,0x0003003e,
    0x0000076e,0x00000775,0x0004003d,0x00000006,0x00000759,0x0000076e,0x0004003d,0x00000024,
    0x0000075a,0x000005a7,0x0003003e,0x0000074f,0x0000075a,0x0004003d,0x00000024,0x00000780,
    0x0000074f,0x0007004f,0x0000000c,0x00000781,0x00000780,0x00000780,0x00000000,0x00000001,
    0x0003003e,0x0000077d,0x00000781,0x00050041,0x00000007,0x00000788,0x0000077d,0x00000091,
    0x0004003d,0x00000006,0x00000789,0x00000788,0x00050041,0x00000007,0x0000078a,0x0000077d,
    0x00000094,0x0004003d,0x00000006,0x0000078b,0x0000078a,0x0007000c,0x00000006,0x0000078c,
    0x00000001,0x00000025,0x00000789,0x0000078b,0x0003003e,0x00000786,0x0000078c,0x0004003d,
    0x00000006,0x00000782,0x00000786,0x00050041,0x00000007,0x00000783,0x0000074f,0x000000a7,
    0x0004003d,0x00000006,0x00000784,0x00000783,0x0007000c,0x00000006,0x00000785,0x00000001,
    0x00000025,0x00000782,0x00000784,0x0003003e,0x0000077e,0x00000785,0x0004003d,0x00000006,
    0x0000075b,0x0000077e,0x00050083,0x00000006,0x0000075c,0x00000759,0x0000075b,0x0003003e,
    0x0000074d,0x0000075c,0x0004003d,0x00000024,0x0000075d,0x000005a6,0x0003003e,0x00000750,
    0x0000075d,0x0004003d,0x00000024,0x00000790,0x00000750,0x0007004f,0x0000000c,0x00000791,
    0x00000790,0x00000790,0x00000000,0x00000001,0x0003003e,0x0000078d,0x00000791,0x00050041,
    0x00000007,0x00000798,0x0000078d,0x00000091,0x0004003d,0x00000006,0x00000799,0x00000798,
    0x00050041,0x00000007,0x0000079a,0x0000078d,0x00000094,0x0004003d,0x00000006,0x0000079b,
    0x0000079a,0x0007000c,0x00000006,0x0000079c,0x00000001,0x00000025,0x00000799,0x0000079b,
    0x0003003e,0x00000796,0x0000079c,0x0004003d,0x00000006,0x00000792,0x00000796,0x00050041,
    0x00000007,0x00000793,0x00000750,0x000000a7,0x0004003d,0x00000006,0x00000794,0x00000793,
    0x0007000c,0x00000006,0x00000795,0x00000001,0x00000025,0x00000792,0x00000794,0x0003003e,
    0x0000078e,0x00000795,0x0004003d,0x00000006,0x0000075e,0x0000078e,0x0004003d,0x00000024,
    0x0000075f,0x000005a6,0x00060050,0x00000024,0x00000760,0x0000075e,0x0000075e,0x0000075e,
    0x00050083,0x00000024,0x00000761,0x0000075f,0x00000760,0x0003003e,0x000005a6,0x00000761,
    0x0004003d,0x00000024,0x00000762,0x000005a6,0x0003003e,0x00000752,0x00000762,0x0004003d,
    0x00000024,0x000007a0,0x00000752,0x0007004f,0x0000000c,0x000007a1,0x000007a0,0x000007a0,
    0x00000000,0x00000001,0x0003003e,0x0000079d,0x000007a1,0x00050041,0x00000007,0x000007a8,
    0x0000079d,0x00000091,0x0004003d,0x00000006,0x000007a9,0x000007a8,0x00050041,0x00000007,
    0x000007aa,0x0000079d,0x00000094,0x0004003d,0x00000006,0x000007ab,0x000007aa,0x0007000c,
    0x00000006,0x000007ac,0x00000001,0x00000028,0x000007a9,0x000007ab,0x0003003e,0x000007a6,
    0x000007ac,0x0004003d,0x00000006,0x000007a2,0x000007a6,0x00050041,0x00000007,0x000007a3,
    0x00000752,0x000000a7,0x0004003d,0x00000006,0x000007a4,0x000007a3,0x0007000c,0x00000006,
    0x000007a5,0x00000001,0x00000028,0x000007a2,0x000007a4,0x0003003e,0x0000079e,0x000007a5,
    0x0004003d,0x00000006,0x00000763,0x0000079e,0x0003003e,0x00000751,0x00000763,0x0004003d,
    0x00000006,0x00000764,0x0000074d,0x0004003d,0x00000006,0x00000765,0x00000751,0x0007000c,
    0x00000006,0x00000766,0x00000001,0x00000028,0x00000120,0x00000765,0x00050088,0x00000006,
    0x00000767,0x00000764,0x00000766,0x0003003e,0x00000753,0x00000767,0x0004003d,0x00000024,
    0x00000768,0x000005a6,0x0004003d,0x00000006,0x00000769,0x00000753,0x0005008e,0x00000024,
    0x0000076a,0x00000768,0x00000769,0x0003003e,0x00000754,0x0000076a,0x0004003d,0x00000024,
    0x0000076b,0x000005a8,0x0003003e,0x00000755,0x0000076b,0x0004003d,0x00000024,0x000007bd,
    0x00000755,0x0003003e,0x000007ae,0x000007bd,0x0004003d,0x00000024,0x000007e3,0x000007ae,
    0x0003003e,0x000007de,0x00000104,0x0003003e,0x000007df,0x00000105,0x0003003e,0x000007e0,
    0x00000106,0x0004003d,0x00000006,0x000007e9,0x000007de,0x00050041,0x00000007,0x000007ea,
    0x000007e6,0x00000091,0x0003003e,0x000007ea,0x000007e9,0x0004003d,0x00000006,0x000007eb,
    0x000007df,0x00050041,0x00000007,0x000007ec,0x000007e6,0x00000094,0x0003003e,0x000007ec,
    0x000007eb,0x0004003d,0x00000006,0x000007ed,0x000007e0,0x00050041,0x00000007,0x000007ee,
    0x000007e6,0x000000a7,0x0003003e,0x000007ee,0x000007ed,0x0004003d,0x00000024,0x000007ef,
    0x000007e6,0x0003003e,0x000007e7,0x000007ef,0x0004003d,0x00000024,0x000007e4,0x000007e7,
    0x00050094,0x00000006,0x000007e5,0x000007e3,0x000007e4,0x0003003e,0x000007e1,0x000007e5,
    0x0004003d,0x00000006,0x000007be,0x000007e1,0x0003003e,0x000007ad,0x000007be,0x0004003d,
    0x00000024,0x000007bf,0x00000754,0x0004003d,0x00000024,0x000007c0,0x00000754,0x0003003e,
    0x000007b0,0x000007c0,0x0004003d,0x00000024,0x000007f5,0x000007b0,0x0003003e,0x000007f0,
    0x00000104,0x0003003e,0x000007f1,0x00000105,0x0003003e,0x000007f2,0x00000106,0x0004003d,
    0x00000006,0x000007fb,0x000007f0,0x00050041,0x00000007,0x000007fc,0x000007f8,0x00000091,
    0x0003003e,0x000007fc,0x000007fb,0x0004003d,0x00000006,0x000007fd,0x000007f1,0x00050041,
    0x00000007,0x000007fe,0x000007f8,0x00000094,0x0003003e,0x000007fe,0x000007fd,0x0004003d,
    0x00000006,0x000007ff,0x000007f2,0x00050041,0x00000007,0x00000800,0x000007f8,0x000000a7,
    0x0003003e,0x00000800,0x000007ff,0x0004003d,0x00000024,0x00000801,0x000007f8,0x0003003e,
    0x000007f9,0x00000801,0x0004003d,0x00000024,0x000007f6,0x000007f9,0x00050094,0x00000006,
    0x000007f7,0x000007f5,0x000007f6,0x0003003e,0x000007f3,0x000007f7,0x0004003d,0x00000006,
    0x000007c1,0x000007f3,0x00060050,0x00000024,0x000007c2,0x000007c1,0x000007c1,0x000007c1,
    0x00050083,0x00000024,0x000007c3,0x000007bf,0x000007c2,0x0003003e,0x000007af,0x000007c3,
    0x0004003d,0x00000006,0x000007c4,0x000007ad,0x00050083,0x00000006,0x000007c5,0x000000c7,
    0x000007c4,0x0004003d,0x00000006,0x000007c6,0x000007ad,0x0003003e,0x000007b2,0x000007c6,
    0x0003003e,0x000007b3,0x000007c5,0x0004003d,0x00000006,0x00000805,0x000007b2,0x00050041,
    0x00000007,0x00000806,0x00000802,0x00000091,0x0003003e,0x00000806,0x00000805,0x0004003d,
    0x00000006,0x00000807,0x000007b3,0x00050041,0x00000007,0x00000808,0x00000802,0x00000094,
    0x0003003e,0x00000808,0x00000807,0x0004003d,0x0000000c,0x00000809,0x00000802,0x0003003e,
    0x00000803,0x00000809,0x0004003d,0x0000000c,0x000007c7,0x00000803,0x0003003e,0x000007b4,
    0x00000120,0x0004003d,0x00000006,0x0000080d,0x000007b4,0x00050041,0x00000007,0x0000080e,
    0x0000080a,0x00000091,0x0003003e,0x0000080e,0x0000080d,0x0004003d,0x00000006,0x0000080f,
    0x000007b4,0x00050041,0x00000007,0x00000810,0x0000080a,0x00000094,0x0003003e,0x00000810,
    0x0000080f,0x0004003d,0x0000000c,0x00000811,0x0000080a,0x0003003e,0x0000080b,0x00000811,
    0x0004003d,0x0000000c,0x000007c8,0x0000080b,0x0004003d,0x00000024,0x000007c9,0x000007af,
    0x0003003e,0x000007b5,0x000007c9,0x0004003d,0x00000024,0x00000815,0x000007b5,0x0007004f,
    0x0000000c,0x00000816,0x00000815,0x00000815,0x00000000,0x00000001,0x0003003e,0x00000812,
    0x00000816,0x00050041,0x00000007,0x0000081d,0x00000812,0x00000091,0x0004003d,0x00000006,
    0x0000081e,0x0000081d,0x00050041,0x00000007,0x0000081f,0x00000812,0x00000094,0x0004003d,
    0x00000006,0x00000820,0x0000081f,0x0007000c,0x00000006,0x00000821,0x00000001,0x00000025,
    0x0000081e,0x00000820,0x0003003e,0x0000081b,0x00000821,0x0004003d,0x00000006,0x00000817,
    0x0000081b,0x00050041,0x00000007,0x00000818,0x000007b5,0x000000a7,0x0004003d,0x00000006,
    0x00000819,0x00000818,0x0007000c,0x00000006,0x0000081a,0x00000001,0x00000025,0x00000817,
    0x00000819,0x0003003e,0x00000813,0x0000081a,0x0004003d,0x00000006,0x000007ca,0x00000813,
    0x0004007f,0x00000006,0x000007cb,0x000007ca,0x0004003d,0x00000024,0x000007cc,0x000007af,
    0x0003003e,0x000007b6,0x000007cc,0x0004003d,0x00000024,0x00000825,0x000007b6,0x0007004f,
    0x0000000c,0x00000826,0x00000825,0x00000825,0x00000000,0x00000001,0x0003003e,0x00000822,
    0x00000826,0x00050041,0x00000007,0x0000082d,0x00000822,0x00000091,0x0004003d,0x00000006,
    0x0000082e,0x0000082d,0x00050041,0x00000007,0x0000082f,0x00000822,0x00000094,0x0004003d,
    0x00000006,0x00000830,0x0000082f,0x0007000c,0x00000006,0x00000831,0x00000001,0x00000028,
    0x0000082e,0x00000830,0x0003003e,0x0000082b,0x00000831,0x0004003d,0x00000006,0x00000827,
    0x0000082b,0x00050041,0x00000007,0x00000828,0x000007b6,0x000000a7,0x0004003d,0x00000006,
    0x00000829,0x00000828,0x0007000c,0x00000006,0x0000082a,0x00000001,0x00000028,0x00000827,
    0x00000829,0x0003003e,0x00000823,0x0000082a,0x0004003d,0x00000006,0x000007cd,0x00000823,
    0x0003003e,0x000007b7,0x000007cb,0x0003003e,0x000007b8,0x000007cd,0x0004003d,0x00000006,
    0x00000835,0x000007b7,0x00050041,0x00000007,0x00000836,0x00000832,0x00000091,0x0003003e,
    0x00000836,0x00000835,0x0004003d,0x00000006,0x00000837,0x000007b8,0x00050041,0x00000007,
    0x00000838,0x00000832,0x00000094,0x0003003e,0x00000838,0x00000837,0x0004003d,0x0000000c,
    0x00000839,0x00000832,0x0003003e,0x00000833,0x00000839,0x0004003d,0x0000000c,0x000007ce,
    0x00000833,0x0007000c,0x0000000c,0x000007cf,0x00000001,0x00000028,0x000007c8,0x000007ce,
    0x00050088,0x0000000c,0x000007d0,0x000007c7,0x000007cf,0x0003003e,0x000007b1,0x000007d0,
    0x0003003e,0x000007ba,0x000000c7,0x0004003d,0x00000006,0x0000083c,0x000007ba,0x0003003e,
    0x0000083a,0x0000083c,0x0004003d,0x00000006,0x000007d1,0x0000083a,0x00050041,0x00000007,
    0x000007d2,0x000007b1,0x00000091,0x0004003d,0x00000006,0x000007d3,0x000007d2,0x00050041,
    0x00000007,0x000007d4,0x000007b1,0x00000094,0x0004003d,0x00000006,0x000007d5,0x000007d4,
    0x0007000c,0x00000006,0x000007d6,0x00000001,0x00000025,0x000007d3,0x000007d5,0x0007000c,
    0x00000006,0x000007d7,0x00000001,0x00000025,0x000007d1,0x000007d6,0x0003003e,0x000007b9,
    0x000007d7,0x0004003d,0x00000024,0x000007d8,0x000007af,0x0004003d,0x00000006,0x000007d9,
    0x000007b9,0x0005008e,0x00000024,0x000007da,0x000007d8,0x000007d9,0x0004003d,0x00000006,
    0x000007db,0x000007ad,0x00060050,0x00000024,0x000007dc,0x000007db,0x000007db,0x000007db,
    0x00050081,0x00000024,0x000007dd,0x000007da,0x000007dc,0x0003003e,0x000007bb,0x000007dd,
    0x0004003d,0x00000024,0x0000076c,0x000007bb,0x0003003e,0x00000756,0x0000076c,0x0004003d,
    0x00000024,0x0000068e,0x00000756,0x0003003e,0x00000592,0x0000068e,0x000200f9,0x0000068f,
    0x000200f8,0x0000068f,0x000200f9,0x000006af,0x000200f8,0x00000690,0x000300f7,0x0000069a,
    0x00000000,0x000400fa,0x00000261,0x00000691,0x0000069a,0x000200f8,0x00000691,0x0004003d,
    0x00000024,0x00000692,0x00000580,0x0003003e,0x000005a9,0x000000c8,0x0004003d,0x00000006,
    0x00000840,0x000005a9,0x00050041,0x00000007,0x00000841,0x0000083d,0x00000091,0x0003003e,
    0x00000841,0x00000840,0x0004003d,0x00000006,0x00000842,0x000005a9,0x00050041,0x00000007,
    0x00000843,0x0000083d,0x00000094,0x0003003e,0x00000843,0x00000842,0x0004003d,0x00000006,
    0x00000844,0x000005a9,0x00050041,0x00000007,0x00000845,0x0000083d,0x000000a7,0x0003003e,
    0x00000845,0x00000844,0x0004003d,0x00000024,0x00000846,0x0000083d,0x0003003e,0x0000083e,
    0x00000846,0x0004003d,0x00000024,0x00000693,0x0000083e,0x0003003e,0x000005aa,0x000000c7,
    0x0004003d,0x00000006,0x0000084a,0x000005aa,0x00050041,0x00000007,0x0000084b,0x00000847,
    0x00000091,0x0003003e,0x0000084b,0x0000084a,0x0004003d,0x00000006,0x0000084c,0x000005aa,
    0x00050041,0x00000007,0x0000084d,0x00000847,0x00000094,0x0003003e,0x0000084d,0x0000084c,
    0x0004003d,0x00000006,0x0000084e,0x000005aa,0x00050041,0x00000007,0x0000084f,0x00000847,
    0x000000a7,0x0003003e,0x0000084f,0x0000084e,0x0004003d,0x00000024,0x00000850,0x00000847,
    0x0003003e,0x00000848,0x00000850,0x0004003d,0x00000024,0x00000694,0x00000848,0x0008000c,
    0x00000024,0x00000695,0x00000001,0x0000002b,0x00000692,0x00000693,0x00000694,0x0003003e,
    0x00000580,0x00000695,0x0004003d,0x00000024,0x00000696,0x00000590,0x0003003e,0x000005ab,
    0x00000696,0x0004003d,0x00000024,0x00000697,0x00000580,0x0003003e,0x000005ac,0x00000697,
    0x0004003d,0x00000024,0x00000698,0x00000590,0x0003003e,0x000005ad,0x00000698,0x0004003d,
    0x00000024,0x0000085c,0x000005ac,0x0003003e,0x00000852,0x0000085c,0x0004003d,0x00000024,
    0x00000874,0x00000852,0x0007004f,0x0000000c,0x00000875,0x00000874,0x00000874,0x00000000,
    0x00000001,0x0003003e,0x00000871,0x00000875,0x00050041,0x00000007,0x0000087c,0x00000871,
    0x00000091,0x0004003d,0x00000006,0x0000087d,0x0000087c,0x00050041,0x00000007,0x0000087e,
    0x00000871,0x00000094,0x0004003d,0x00000006,0x0000087f,0x0000087e,0x0007000c,0x00000006,
    0x00000880,0x00000001,0x00000028,0x0000087d,0x0000087f,0x0003003e,0x0000087a,0x00000880,
    0x0004003d,0x00000006,0x00000876,0x0000087a,0x00050041,0x00000007,0x00000877,0x00000852,
    0x000000a7,0x0004003d,0x00000006,0x00000878,0x00000877,0x0007000c,0x00000006,0x00000879,
    0x00000001,0x00000028,0x00000876,0x00000878,0x0003003e,0x00000872,0x00000879,0x0004003d,
    0x00000006,0x0000085d,0x00000872,0x0004003d,0x00000024,0x0000085e,0x000005ac,0x0003003e,
    0x00000853,0x0000085e,0x0004003d,0x00000024,0x00000884,0x00000853,0x0007004f,0x0000000c,
    0x00000885,0x00000884,0x00000884,0x00000000,0x00000001,0x0003003e,0x00000881,0x00000885,
    0x00050041,0x00000007,0x0000088c,0x00000881,0x00000091,0x0004003d,0x00000006,0x0000088d,
    0x0000088c,0x00050041,0x00000007,0x0000088e,0x00000881,0x00000094,0x0004003d,0x00000006,
    0x0000088f,0x0000088e,0x0007000c,0x00000006,0x00000890,0x00000001,0x00000025,0x0000088d,
    0x0000088f,0x0003003e,0x0000088a,0x00000890,0x0004003d,0x00000006,0x00000886,0x0000088a,
    0x00050041,0x00000007,0x00000887,0x00000853,0x000000a7,0x0004003d,0x00000006,0x00000888,
    0x00000887,0x0007000c,0x00000006,0x00000889,0x00000001,0x00000025,0x00000886,0x00000888,
    0x0003003e,0x00000882,0x00000889,0x0004003d,0x00000006,0x0000085f,0x00000882,0x00050083,
    0x00000006,0x00000860,0x0000085d,0x0000085f,0x0003003e,0x00000851,0x00000860,0x0004003d,
    0x00000024,0x00000861,0x000005ab,0x0003003e,0x00000854,0x00000861,0x0004003d,0x00000024,
    0x00000894,0x00000854,0x0007004f,0x0000000c,0x00000895,0x00000894,0x00000894,0x00000000,
    0x00000001,0x0003003e,0x00000891,0x00000895,0x00050041,0x00000007,0x0000089c,0x00000891,
    0x00000091,0x0004003d,0x00000006,0x0000089d,0x0000089c,0x00050041,0x00000007,0x0000089e,
    0x00000891,0x00000094,0x0004003d,0x00000006,0x0000089f,0x0000089e,0x0007000c,0x00000006,
    0x000008a0,0x00000001,0x00000025,0x0000089d,0x0000089f,0x0003003e,0x0000089a,0x000008a0,
    0x0004003d,0x00000006,0x00000896,0x0000089a,0x00050041,0x00000007,0x00000897,0x00000854,
    0x000000a7,0x0004003d,0x00000006,0x00000898,0x00000897,0x0007000c,0x00000006,0x00000899,
    0x00000001,0x00000025,0x00000896,0x00000898,0x0003003e,0x00000892,0x00000899,0x0004003d,
    0x00000006,0x00000862,0x00000892,0x0004003d,0x00000024,0x00000863,0x000005ab,0x00060050,
    0x00000024,0x00000864,0x00000862,0x00000862,0x00000862,0x00050083,0x00000024,0x00000865,
    0x00000863,0x00000864,0x0003003e,0x000005ab,0x00000865,0x0004003d,0x00000024,0x00000866,
    0x000005ab,0x0003003e,0x00000856,0x00000866,0x0004003d,0x00000024,0x000008a4,0x00000856,
    0x0007004f,0x0000000c,0x000008a5,0x000008a4,0x000008a4,0x00000000,0x00000001,0x0003003e,
    0x000008a1,0x000008a5,0x00050041,0x00000007,0x000008ac,0x000008a1,0x00000091,0x0004003d,
    0x00000006,0x000008ad,0x000008ac,0x00050041,0x00000007,0x000008ae,0x000008a1,0x00000094,
    0x0004003d,0x00000006,0x000008af,0x000008ae,0x0007000c,0x00000006,0x000008b0,0x00000001,
    0x00000028,0x000008ad,0x000008af,0x0003003e,0x000008aa,0x000008b0,0x0004003d,0x00000006,
    0x000008a6,0x000008aa,0x00050041,0x00000007,0x000008a7,0x00000856,0x000000a7,0x0004003d,
    0x00000006,0x000008a8,0x000008a7,0x0007000c,0x00000006,0x000008a9,0x00000001,0x00000028,
    0x000008a6,0x000008a8,0x0003003e,0x000008a2,0x000008a9,0x0004003d,0x00000006,0x00000867,
    0x000008a2,0x0003003e,0x00000855,0x00000867,0x0004003d,0x00000006,0x00000868,0x00000851,
    0x0004003d,0x00000006,0x00000869,0x00000855,0x0007000c,0x00000006,0x0000086a,0x00000001,
    0x00000028,0x00000120,0x00000869,0x00050088,0x00000006,0x0000086b,0x00000868,0x0000086a,
    0x0003003e,0x00000857,0x0000086b,0x0004003d,0x00000024,0x0000086c,0x000005ab,0x0004003d,
    0x00000006,0x0000086d,0x00000857,0x0005008e,0x00000024,0x0000086e,0x0000086c,0x0000086d,
    0x0003003e,0x00000858,0x0000086e,0x0004003d,0x00000024,0x0000086f,0x000005ad,0x0003003e,
    0x00000859,0x0000086f,0x0004003d,0x00000024,0x000008c1,0x00000859,0x0003003e,0x000008b2,
    0x000008c1,0x0004003d,0x00000024,0x000008e7,0x000008b2,0x0003003e,0x000008e2,0x00000104,
    0x0003003e,0x000008e3,0x00000105,0x0003003e,0x000008e4,0x00000106,0x0004003d,0x00000006,
    0x000008ed,0x000008e2,0x00050041,0x00000007,0x000008ee,0x000008ea,0x00000091,0x0003003e,
    0x000008ee,0x000008ed,0x0004003d,0x00000006,0x000008ef,0x000008e3,0x00050041,0x00000007,
    0x000008f0,0x000008ea,0x00000094,0x0003003e,0x000008f0,0x000008ef,0x0004003d,0x00000006,
    0x000008f1,0x000008e4,0x00050041,0x00000007,0x000008f2,0x000008ea,0x000000a7,0x0003003e,
    0x000008f2,0x000008f1,0x0004003d,0x00000024,0x000008f3,0x000008ea,0x0003003e,0x000008eb,
    0x000008f3,0x0004003d,0x00000024,0x000008e8,0x000008eb,0x00050094,0x00000006,0x000008e9,
    0x000008e7,0x000008e8,0x0003003e,0x000008e5,0x000008e9,0x0004003d,0x00000006,0x000008c2,
    0x000008e5,0x0003003e,0x000008b1,0x000008c2,0x0004003d,0x00000024,0x000008c3,0x00000858,
    0x0004003d,0x00000024,0x000008c4,0x00000858,0x0003003e,0x000008b4,0x000008c4,0x0004003d,
    0x00000024,0x000008f9,0x000008b4,0x0003003e,0x000008f4,0x00000104,0x0003003e,0x000008f5,
    0x00000105,0x0003003e,0x000008f6,0x00000106,0x0004003d,0x00000006,0x000008ff,0x000008f4,
    0x00050041,0x00000007,0x00000900,0x000008fc,0x00000091,0x0003003e,0x00000900,0x000008ff,
    0x0004003d,0x00000006,0x00000901,0x000008f5,0x00050041,0x00000007,0x00000902,0x000008fc,
    0x00000094,0x0003003e,0x00000902,0x00000901,0x0004003d,0x00000006,0x00000903,0x000008f6,
    0x00050041,0x00000007,0x00000904,0x000008fc,0x000000a7,0x0003003e,0x00000904,0x00000903,
    0x0004003d,0x00000024,0x00000905,0x000008fc,0x0003003e,0x000008fd,0x00000905,0x0004003d,
    0x00000024,0x000008fa,0x000008fd,0x00050094,0x00000006,0x000008fb,0x000008f9,0x000008fa,
    0x0003003e,0x000008f7,0x000008fb,0x0004003d,0x00000006,0x000008c5,0x000008f7,0x00060050,
    0x00000024,0x000008c6,0x000008c5,0x000008c5,0x000008c5,0x00050083,0x00000024,0x000008c7,
    0x000008c3,0x000008c6,0x0003003e,0x000008b3,0x000008c7,0x0004003d,0x00000006,0x000008c8,
    0x000008b1,0x00050083,0x00000006,0x000008c9,0x000000c7,0x000008c8,0x0004003d,0x00000006,
    0x000008ca,0x000008b1,0x0003003e,0x000008b6,0x000008ca,0x0003003e,0x000008b7,0x000008c9,
    0x0004003d,0x00000006,0x00000909,0x000008b6,0x00050041,0x00000007,0x0000090a,0x00000906,
    0x00000091,0x0003003e,0x0000090a,0x00000909,0x0004003d,0x00000006,0x0000090b,0x000008b7,
    0x00050041,0x00000007,0x0000090c,0x00000906,0x00000094,0x0003003e,0x0000090c,0x0000090b,
    0x0004003d,0x0000000c,0x0000090d,0x00000906,0x0003003e,0x00000907,0x0000090d,0x0004003d,
    0x0000000c,0x000008cb,0x00000907,0x0003003e,0x000008b8,0x00000120,0x0004003d,0x00000006,
    0x00000911,0x000008b8,0x00050041,0x00000007,0x00000912,0x0000090e,0x00000091,0x0003003e,
    0x00000912,0x00000911,0x0004003d,0x00000006,0x00000913,0x000008b8,0x00050041,0x00000007,
    0x00000914,0x0000090e,0x00000094,0x0003003e,0x00000914,0x00000913,0x0004003d,0x0000000c,
    0x00000915,0x0000090e,0x0003003e,0x0000090f,0x00000915,0x0004003d,0x0000000c,0x000008cc,
    0x0000090f,0x0004003d,0x00000024,0x000008cd,0x000008b3,0x0003003e,0x000008b9,0x000008cd,
    0x0004003d,0x00000024,0x00000919,0x000008b9,0x0007004f,0x0000000c,0x0000091a,0x00000919,
    0x00000919,0x00000000,0x00000001,0x0003003e,0x00000916,0x0000091a,0x00050041,0x00000007,
    0x00000921,0x00000916,0x00000091,0x0004003d,0x00000006,0x00000922,0x00000921,0x00050041,
    0x00000007,0x00000923,0x00000916,0x00000094,0x0004003d,0x00000006,0x00000924,0x00000923,
    0x0007000c,0x00000006,0x00000925,0x00000001,0x00000025,0x00000922,0x00000924,0x0003003e,
    0x0000091f,0x00000925,0x0004003d,0x00000006,0x0000091b,0x0000091f,0x00050041,0x00000007,
    0x0000091c,0x000008b9,0x000000a7,0x0004003d,0x00000006,0x0000091d,0x0000091c,0x0007000c,
    0x00000006,0x0000091e,0x00000001,0x00000025,0x0000091b,0x0000091d,0x0003003e,0x00000917,
    0x0000091e,0x0004003d,0x00000006,0x000008ce,0x00000917,0x0004007f,0x00000006,0x000008cf,
    0x000008ce,0x0004003d,0x00000024,0x000008d0,0x000008b3,0x0003003e,0x000008ba,0x000008d0,
    0x0004003d,0x00000024,0x00000929,0x000008ba,0x0007004f,0x0000000c,0x0000092a,0x00000929,
    0x00000929,0x00000000,0x00000001,0x0003003e,0x00000926,0x0000092a,0x00050041,0x00000007,
    0x00000931,0x00000926,0x00000091,0x0004003d,0x00000006,0x00000932,0x00000931,0x00050041,
    0x00000007,0x00000933,0x00000926,0x00000094,0x0004003d,0x00000006,0x00000934,0x00000933,
    0x0007000c,0x00000006,0x00000935,0x00000001,0x00000028,0x00000932,0x00000934,0x0003003e,
    0x0000092f,0x00000935,0x0004003d,0x00000006,0x0000092b,0x0000092f,0x00050041,0x00000007,
    0x0000092c,0x000008ba,0x000000a7,0x0004003d,0x00000006,0x0000092d,0x0000092c,0x0007000c,
    0x00000006,0x0000092e,0x00000001,0x00000028,0x0000092b,0x0000092d,0x0003003e,0x00000927,
    0x0000092e,0x0004003d,0x00000006,0x000008d1,0x00000927,0x0003003e,0x000008bb,0x000008cf,
    0x0003003e,0x000008bc,0x000008d1,0x0004003d,0x00000006,0x00000939,0x000008bb,0x00050041,
    0x00000007,0x0000093a,0x00000936,0x00000091,0x0003003e,0x0000093a,0x00000939,0x0004003d,
    0x00000006,0x0000093b,0x000008bc,0x00050041,0x00000007,0x0000093c,0x00000936,0x00000094,
    0x0003003e,0x0000093c,0x0000093b,0x0004003d,0x0000000c,0x0000093d,0x00000936,0x0003003e,
    0x00000937,0x0000093d,0x0004003d,0x0000000c,0x000008d2,0x00000937,0x0007000c,0x0000000c,
    0x000008d3,0x00000001,0x00000028,0x000008cc,0x000008d2,0x00050088,0x0000000c,0x000008d4,
    0x000008cb,0x000008d3,0x0003003e,0x000008b5,0x000008d4,0x0003003e,0x000008be,0x000000c7,
    0x0004003d,0x00000006,0x00000940,0x000008be,0x0003003e,0x0000093e,0x00000940,0x0004003d,
    0x00000006,0x000008d5,0x0000093e,0x00050041,0x00000007,0x000008d6,0x000008b5,0x00000091,
    0x0004003d,0x00000006,0x000008d7,0x000008d6,0x00050041,0x00000007,0x000008d8,0x000008b5,
    0x00000094,0x0004003d,0x00000006,0x000008d9,0x000008d8,0x0007000c,0x00000006,0x000008da,
    0x00000001,0x00000025,0x000008d7,0x000008d9,0x0007000c,0x00000006,0x000008db,0x00000001,
    0x00000025,0x000008d5,0x000008da,0x0003003e,0x000008bd,0x000008db,0x0004003d,0x00000024,
    0x000008dc,0x000008b3,0x0004003d,0x00000006,0x000008dd,0x000008bd,0x0005008e,0x00000024,
    0x000008de,0x000008dc,0x000008dd,0x0004003d,0x00000006,0x000008df,0x000008b1,0x00060050,
    0x00000024,0x000008e0,0x000008df,0x000008df,0x000008df,0x00050081,0x00000024,0x000008e1,
    0x000008de,0x000008e0,0x0003003e,0x000008bf,0x000008e1,0x0004003d,0x00000024,0x00000870,
    0x000008bf,0x0003003e,0x0000085a,0x00000870,0x0004003d,0x00000024,0x00000699,0x0000085a,
    0x0003003e,0x00000592,0x00000699,0x000200f9,0x0000069a,0x000200f8,0x0000069a,0x000200f9,
    0x000006af,0x000200f8,0x0000069b,0x000300f7,0x000006a4,0x00000000,0x000400fa,0x00000261,
    0x0000069c,0x000006a4,0x000200f8,0x0000069c,0x0004003d,0x00000024,0x0000069d,0x00000580,
    0x0003003e,0x000005ae,0x000000c8,0x0004003d,0x00000006,0x00000944,0x000005ae,0x00050041,
    0x00000007,0x00000945,0x00000941,0x00000091,0x0003003e,0x00000945,0x00000944,0x0004003d,
    0x00000006,0x00000946,0x000005ae,0x00050041,0x00000007,0x00000947,0x00000941,0x00000094,
    0x0003003e,0x00000947,0x00000946,0x0004003d,0x00000006,0x00000948,0x000005ae,0x00050041,
    0x00000007,0x00000949,0x00000941,0x000000a7,0x0003003e,0x00000949,0x00000948,0x0004003d,
    0x00000024,0x0000094a,0x00000941,0x0003003e,0x00000942,0x0000094a,0x0004003d,0x00000024,
    0x0000069e,0x00000942,0x0003003e,0x000005af,0x000000c7,0x0004003d,0x00000006,0x0000094e,
    0x000005af,0x00050041,0x00000007,0x0000094f,0x0000094b,0x00000091,0x0003003e,0x0000094f,
    0x0000094e,0x0004003d,0x00000006,0x00000950,0x000005af,0x00050041,0x00000007,0x00000951,
    0x0000094b,0x00000094,0x0003003e,0x00000951,0x00000950,0x0004003d,0x00000006,0x00000952,
    0x000005af,0x00050041,0x00000007,0x00000953,0x0000094b,0x000000a7,0x0003003e,0x00000953,
    0x00000952,0x0004003d,0x00000024,0x00000954,0x0000094b,0x0003003e,0x0000094c,0x00000954,
    0x0004003d,0x00000024,0x0000069f,0x0000094c,0x0008000c,0x00000024,0x000006a0,0x00000001,
    0x0000002b,0x0000069d,0x0000069e,0x0000069f,0x0003003e,0x00000580,0x000006a0,0x0004003d,
    0x00000024,0x000006a1,0x00000580,0x0003003e,0x000005b0,0x000006a1,0x0004003d,0x00000024,
    0x000006a2,0x00000590,0x0003003e,0x000005b1,0x000006a2,0x0004003d,0x00000024,0x00000965,
    0x000005b1,0x0003003e,0x00000956,0x00000965,0x0004003d,0x00000024,0x0000098b,0x00000956,
    0x0003003e,0x00000986,0x00000104,0x0003003e,0x00000987,0x00000105,0x0003003e,0x00000988,
    0x00000106,0x0004003d,0x00000006,0x00000991,0x00000986,0x00050041,0x00000007,0x00000992,
    0x0000098e,0x00000091,0x0003003e,0x00000992,0x00000991,0x0004003d,0x00000006,0x00000993,
    0x00000987,0x00050041,0x00000007,0x00000994,0x0000098e,0x00000094,0x0003003e,0x00000994,
    0x00000993,0x0004003d,0x00000006,0x00000995,0x00000988,0x00050041,0x00000007,0x00000996,
    0x0000098e,0x000000a7,0x0003003e,0x00000996,0x00000995,0x0004003d,0x00000024,0x00000997,
    0x0000098e,0x0003003e,0x0000098f,0x00000997,0x0004003d,0x00000024,0x0000098c,0x0000098f,
    0x00050094,0x00000006,0x0000098d,0x0000098b,0x0000098c,0x0003003e,0x00000989,0x0000098d,
    0x0004003d,0x00000006,0x00000966,0x00000989,0x0003003e,0x00000955,0x00000966,0x0004003d,
    0x00000024,0x00000967,0x000005b0,0x0004003d,0x00000024,0x00000968,0x000005b0,0x0003003e,
    0x00000958,0x00000968,0x0004003d,0x00000024,0x0000099d,0x00000958,0x0003003e,0x00000998,
    0x00000104,0x0003003e,0x00000999,0x00000105,0x0003003e,0x0000099a,0x00000106,0x0004003d,
    0x00000006,0x000009a3,0x00000998,0x00050041,0x00000007,0x000009a4,0x000009a0,0x00000091,
    0x0003003e,0x000009a4,0x000009a3,0x0004003d,0x00000006,0x000009a5,0x00000999,0x00050041,
    0x00000007,0x000009a6,0x000009a0,0x00000094,0x0003003e,0x000009a6,0x000009a5,0x0004003d,
    0x00000006,0x000009a7,0x0000099a,0x00050041,0x00000007,0x000009a8,0x000009a0,0x000000a7,
    0x0003003e,0x000009a8,0x000009a7,0x0004003d,0x00000024,0x000009a9,0x000009a0,0x0003003e,
    0x000009a1,0x000009a9,0x0004003d,0x00000024,0x0000099e,0x000009a1,0x00050094,0x00000006,
    0x0000099f,0x0000099d,0x0000099e,0x0003003e,0x0000099b,0x0000099f,0x0004003d,0x00000006,
    0x00000969,0x0000099b,0x00060050,0x00000024,0x0000096a,0x00000969,0x00000969,0x00000969,
    0x00050083,0x00000024,0x0000096b,0x00000967,0x0000096a,0x0003003e,0x00000957,0x0000096b,
    0x0004003d,0x00000006,0x0000096c,0x00000955,0x00050083,0x00000006,0x0000096d,0x000000c7,
    0x0000096c,0x0004003d,0x00000006,0x0000096e,0x00000955,0x0003003e,0x0000095a,0x0000096e,
    0x0003003e,0x0000095b,0x0000096d,0x0004003d,0x00000006,0x000009ad,0x0000095a,0x00050041,
    0x00000007,0x000009ae,0x000009aa,0x00000091,0x0003003e,0x000009ae,0x000009ad,0x0004003d,
    0x00000006,0x000009af,0x0000095b,0x00050041,0x00000007,0x000009b0,0x000009aa,0x00000094,
    0x0003003e,0x000009b0,0x000009af,0x0004003d,0x0000000c,0x000009b1,0x000009aa,0x0003003e,
    0x000009ab,0x000009b1,0x0004003d,0x0000000c,0x0000096f,0x000009ab,0x0003003e,0x0000095c,
    0x00000120,0x0004003d,0x00000006,0x000009b5,0x0000095c,0x00050041,0x00000007,0x000009b6,
    0x000009b2,0x00000091,0x0003003e,0x000009b6,0x000009b5,0x0004003d,0x00000006,0x000009b7,
    0x0000095c,0x00050041,0x00000007,0x000009b8,0x000009b2,0x00000094,0x0003003e,0x000009b8,
    0x000009b7,0x0004003d,0x0000000c,0x000009b9,0x000009b2,0x0003003e,0x000009b3,0x000009b9,
    0x0004003d,0x0000000c,0x00000970,0x000009b3,0x0004003d,0x00000024,0x00000971,0x00000957,
    0x0003003e,0x0000095d,0x00000971,0x0004003d,0x00000024,0x000009bd,0x0000095d,0x0007004f,
    0x0000000c,0x000009be,0x000009bd,0x000009bd,0x00000000,0x00000001,0x0003003e,0x000009ba,
    0x000009be,0x00050041,0x00000007,0x000009c5,0x000009ba,0x00000091,0x0004003d,0x00000006,
    0x000009c6,0x000009c5,0x00050041,0x00000007,0x000009c7,0x000009ba,0x00000094,0x0004003d,
    0x00000006,0x000009c8,0x000009c7,0x0007000c,0x00000006,0x000009c9,0x00000001,0x00000025,
    0x000009c6,0x000009c8,0x0003003e,0x000009c3,0x000009c9,0x0004003d,0x00000006,0x000009bf,
    0x000009c3,0x00050041,0x00000007,0x000009c0,0x0000095d,0x000000a7,0x0004003d,0x00000006,
    0x000009c1,0x000009c0,0x0007000c,0x00000006,0x000009c2,0x00000001,0x00000025,0x000009bf,
    0x000009c1,0x0003003e,0x000009bb,0x000009c2,0x0004003d,0x00000006,0x00000972,0x000009bb,
    0x0004007f,0x00000006,0x00000973,0x00000972,0x0004003d,0x00000024,0x00000974,0x00000957,
    0x0003003e,0x0000095e,0x00000974,0x0004003d,0x00000024,0x000009cd,0x0000095e,0x0007004f,
    0x0000000c,0x000009ce,0x000009cd,0x000009cd,0x00000000,0x00000001,0x0003003e,0x000009ca,
    0x000009ce,0x00050041,0x00000007,0x000009d5,0x000009ca,0x00000091,0x0004003d,0x00000006,
    0x000009d6,0x000009d5,0x00050041,0x00000007,0x000009d7,0x000009ca,0x00000094,0x0004003d,
    0x00000006,0x000009d8,0x000009d7,0x0007000c,0x00000006,0x000009d9,0x00000001,0x00000028,
    0x000009d6,0x000009d8,0x0003003e,0x000009d3,0x000009d9,0x0004003d,0x00000006,0x000009cf,
    0x000009d3,0x00050041,0x00000007,0x000009d0,0x0000095e,0x000000a7,0x0004003d,0x00000006,
    0x000009d1,0x000009d0,0x0007000c,0x00000006,0x000009d2,0x00000001,0x00000028,0x000009cf,
    0x000009d1,0x0003003e,0x000009cb,0x000009d2,0x0004003d,0x00000006,0x00000975,0x000009cb,
    0x0003003e,0x0000095f,0x00000973,0x0003003e,0x00000960,0x00000975,0x0004003d,0x00000006,
    0x000009dd,0x0000095f,0x00050041,0x00000007,0x000009de,0x000009da,0x00000091,0x0003003e,
    0x000009de,0x000009dd,0x0004003d,0x00000006,0x000009df,0x00000960,0x00050041,0x00000007,
    0x000009e0,0x000009da,0x00000094,0x0003003e,0x000009e0,0x000009df,0x0004003d,0x0000000c,
    0x000009e1,0x000009da,0x0003003e,0x000009db,0x000009e1,0x0004003d,0x0000000c,0x00000976,
    0x000009db,0x0007000c,0x0000000c,0x00000977,0x00000001,0x00000028,0x00000970,0x00000976,
    0x00050088,0x0000000c,0x00000978,0x0000096f,0x00000977,0x0003003e,0x00000959,0x00000978,
    0x0003003e,0x00000962,0x000000c7,0x0004003d,0x00000006,0x000009e4,0x00000962,0x0003003e,
    0x000009e2,0x000009e4,0x0004003d,0x00000006,0x00000979,0x000009e2,0x00050041,0x00000007,
    0x0000097a,0x00000959,0x00000091,0x0004003d,0x00000006,0x0000097b,0x0000097a,0x00050041,
    0x00000007,0x0000097c,0x00000959,0x00000094,0x0004003d,0x00000006,0x0000097d,0x0000097c,
    0x0007000c,0x00000006,0x0000097e,0x00000001,0x00000025,0x0000097b,0x0000097d,0x0007000c,
    0x00000006,0x0000097f,0x00000001,0x00000025,0x00000979,0x0000097e,0x0003003e,0x00000961,
    0x0000097f,0x0004003d,0x00000024,0x00000980,0x00000957,0x0004003d,0x00000006,0x00000981,
    0x00000961,0x0005008e,0x00000024,0x00000982,0x00000980,0x00000981,0x0004003d,0x00000006,
    0x00000983,0x00000955,0x00060050,0x00000024,0x00000984,0x00000983,0x00000983,0x00000983,
    0x00050081,0x00000024,0x00000985,0x00000982,0x00000984,0x0003003e,0x00000963,0x00000985,
    0x0004003d,0x00000024,0x000006a3,0x00000963,0x0003003e,0x00000592,0x000006a3,0x000200f9,
    0x000006a4,0x000200f8,0x000006a4,0x000200f9,0x000006af,0x000200f8,0x000006a5,0x000300f7,
    0x000006ae,0x00000000,0x000400fa,0x00000261,0x000006a6,0x000006ae,0x000200f8,0x000006a6,
    0x0004003d,0x00000024,0x000006a7,0x00000580,0x0003003e,0x000005b2,0x000000c8,0x0004003d,
    0x00000006,0x000009e8,0x000005b2,0x00050041,0x00000007,0x000009e9,0x000009e5,0x00000091,
    0x0003003e,0x000009e9,0x000009e8,0x0004003d,0x00000006,0x000009ea,0x000005b2,0x00050041,
    0x00000007,0x000009eb,0x000009e5,0x00000094,0x0003003e,0x000009eb,0x000009ea,0x0004003d,
    0x00000006,0x000009ec,0x000005b2,0x00050041,0x00000007,0x000009ed,0x000009e5,0x000000a7,
    0x0003003e,0x000009ed,0x000009ec,0x0004003d,0x00000024,0x000009ee,0x000009e5,0x0003003e,
    0x000009e6,0x000009ee,0x0004003d,0x00000024,0x000006a8,0x000009e6,0x0003003e,0x000005b3,
    0x000000c7,0x0004003d,0x00000006,0x000009f2,0x000005b3,0x00050041,0x00000007,0x000009f3,
    0x000009ef,0x00000091,0x0003003e,0x000009f3,0x000009f2,0x0004003d,0x00000006,0x000009f4,
    0x000005b3,0x00050041,0x00000007,0x000009f5,0x000009ef,0x00000094,0x0003003e,0x000009f5,
    0x000009f4,0x0004003d,0x00000006,0x000009f6,0x000005b3,0x00050041,0x00000007,0x000009f7,
    0x000009ef,0x000000a7,0x0003003e,0x000009f7,0x000009f6,0x0004003d,0x00000024,0x000009f8,
    0x000009ef,0x0003003e,0x000009f0,0x000009f8,0x0004003d,0x00000024,0x000006a9,0x000009f0,
    0x0008000c,0x00000024,0x000006aa,0x00000001,0x0000002b,0x000006a7,0x000006a8,0x000006a9,
    0x0003003e,0x00000580,0x000006aa,0x0004003d,0x00000024,0x000006ab,0x00000590,0x0003003e,
    0x000005b4,0x000006ab,0x0004003d,0x00000024,0x000006ac,0x00000580,0x0003003e,0x000005b5,
    0x000006ac,0x0004003d,0x00000024,0x00000a09,0x000005b5,0x0003003e,0x000009fa,0x00000a09,
    0x0004003d,0x00000024,0x00000a2f,0x000009fa,0x0003003e,0x00000a2a,0x00000104,0x0003003e,
    0x00000a2b,0x00000105,0x0003003e,0x00000a2c,0x00000106,0x0004003d,0x00000006,0x00000a35,
    0x00000a2a,0x00050041,0x00000007,0x00000a36,0x00000a32,0x00000091,0x0003003e,0x00000a36,
    0x00000a35,0x0004003d,0x00000006,0x00000a37,0x00000a2b,0x00050041,0x00000007,0x00000a38,
    0x00000a32,0x00000094,0x0003003e,0x00000a38,0x00000a37,0x0004003d,0x00000006,0x00000a39,
    0x00000a2c,0x00050041,0x00000007,0x00000a3a,0x00000a32,0x000000a7,0x0003003e,0x00000a3a,
    0x00000a39,0x0004003d,0x00000024,0x00000a3b,0x00000a32,0x0003003e,0x00000a33,0x00000a3b,
    0x0004003d,0x00000024,0x00000a30,0x00000a33,0x00050094,0x00000006,0x00000a31,0x00000a2f,
    0x00000a30,0x0003003e,0x00000a2d,0x00000a31,0x0004003d,0x00000006,0x00000a0a,0x00000a2d,
    0x0003003e,0x000009f9,0x00000a0a,0x0004003d,0x00000024,0x00000a0b,0x000005b4,0x0004003d,
    0x00000024,0x00000a0c,0x000005b4,0x0003003e,0x000009fc,0x00000a0c,0x0004003d,0x00000024,
    0x00000a41,0x000009fc,0x0003003e,0x00000a3c,0x00000104,0x0003003e,0x00000a3d,0x00000105,
    0x0003003e,0x00000a3e,0x00000106,0x0004003d,0x00000006,0x00000a47,0x00000a3c,0x00050041,
    0x00000007,0x00000a48,0x00000a44,0x00000091,0x0003003e,0x00000a48,0x00000a47,0x0004003d,
    0x00000006,0x00000a49,0x00000a3d,0x00050041,0x00000007,0x00000a4a,0x00000a44,0x00000094,
    0x0003003e,0x00000a4a,0x00000a49,0x0004003d,0x00000006,0x00000a4b,0x00000a3e,0x00050041,
    0x00000007,0x00000a4c,0x00000a44,0x000000a7,0x0003003e,0x00000a4c,0x00000a4b,0x0004003d,
    0x00000024,0x00000a4d,0x00000a44,0x0003003e,0x00000a45,0x00000a4d,0x0004003d,0x00000024,
    0x00000a42,0x00000a45,0x00050094,0x00000006,0x00000a43,0x00000a41,0x00000a42,0x0003003e,
    0x00000a3f,0x00000a43,0x0004003d,0x00000006,0x00000a0d,0x00000a3f,0x00060050,0x00000024,
    0x00000a0e,0x00000a0d,0x00000a0d,0x00000a0d,0x00050083,0x00000024,0x00000a0f,0x00000a0b,
    0x00000a0e,0x0003003e,0x000009fb,0x00000a0f,0x0004003d,0x00000006,0x00000a10,0x000009f9,
    0x00050083,0x00000006,0x00000a11,0x000000c7,0x00000a10,0x0004003d,0x00000006,0x00000a12,
    0x000009f9,0x0003003e,0x000009fe,0x00000a12,0x0003003e,0x000009ff,0x00000a11,0x0004003d,
    0x00000006,0x00000a51,0x000009fe,0x00050041,0x00000007,0x00000a52,0x00000a4e,0x00000091,
    0x0003003e,0x00000a52,0x00000a51,0x0004003d,0x00000006,0x00000a53,0x000009ff,0x00050041,
    0x00000007,0x00000a54,0x00000a4e,0x00000094,0x0003003e,0x00000a54,0x00000a53,0x0004003d,
    0x0000000c,0x00000a55,0x00000a4e,0x0003003e,0x00000a4f,0x00000a55,0x0004003d,0x0000000c,
    0x00000a13,0x00000a4f,0x0003003e,0x00000a00,0x00000120,0x0004003d,0x00000006,0x00000a59,
    0x00000a00,0x00050041,0x00000007,0x00000a5a,0x00000a56,0x00000091,0x0003003e,0x00000a5a,
    0x00000a59,0x0004003d,0x00000006,0x00000a5b,0x00000a00,0x00050041,0x00000007,0x00000a5c,
    0x00000a56,0x00000094,0x0003003e,0x00000a5c,0x00000a5b,0x0004003d,0x0000000c,0x00000a5d,
    0x00000a56,0x0003003e,0x00000a57,0x00000a5d,0x0004003d,0x0000000c,0x00000a14,0x00000a57,
    0x0004003d,0x00000024,0x00000a15,0x000009fb,0x0003003e,0x00000a01,0x00000a15,0x0004003d,
    0x00000024,0x00000a61,0x00000a01,0x0007004f,0x0000000c,0x00000a62,0x00000a61,0x00000a61,
    0x00000000,0x00000001,0x0003003e,0x00000a5e,0x00000a62,0x00050041,0x00000007,0x00000a69,
    0x00000a5e,0x00000091,0x0004003d,0x00000006,0x00000a6a,0x00000a69,0x00050041,0x00000007,
    0x00000a6b,0x00000a5e,0x00000094,0x0004003d,0x00000006,0x00000a6c,0x00000a6b,0x0007000c,
    0x00000006,0x00000a6d,0x00000001,0x00000025,0x00000a6a,0x00000a6c,0x0003003e,0x00000a67,
    0x00000a6d,0x0004003d,0x00000006,0x00000a63,0x00000a67,0x00050041,0x00000007,0x00000a64,
    0x00000a01,0x000000a7,0x0004003d,0x00000006,0x00000a65,0x00000a64,0x0007000c,0x00000006,
    0x00000a66,0x00000001,0x00000025,0x00000a63,0x00000a65,0x0003003e,0x00000a5f,0x00000a66,
    0x0004003d,0x00000006,0x00000a16,0x00000a5f,0x0004007f,0x00000006,0x00000a17,0x00000a16,
    0x0004003d,0x00000024,0x00000a18,0x000009fb,0x0003003e,0x00000a02,0x00000a18,0x0004003d,
    0x00000024,0x00000a71,0x00000a02,0x0007004f,0x0000000c,0x00000a72,0x00000a71,0x00000a71,
    0x00000000,0x00000001,0x0003003e,0x00000a6e,0x00000a72,0x00050041,0x00000007,0x00000a79,
    0x00000a6e,0x00000091,0x0004003d,0x00000006,0x00000a7a,0x00000a79,0x00050041,0x00000007,
    0x00000a7b,0x00000a6e,0x00000094,0x0004003d,0x00000006,0x00000a7c,0x00000a7b,0x0007000c,
    0x00000006,0x00000a7d,0x00000001,0x00000028,0x00000a7a,0x00000a7c,0x0003003e,0x00000a77,
    0x00000a7d,0x0004003d,0x00000006,0x00000a73,0x00000a77,0x00050041,0x00000007,0x00000a74,
    0x00000a02,0x000000a7,0x0004003d,0x00000006,0x00000a75,0x00000a74,0x0007000c,0x00000006,
    0x00000a76,0x00000001,0x00000028,0x00000a73,0x00000a75,0x0003003e,0x00000a6f,0x00000a76,
    0x0004003d,0x00000006,0x00000a19,0x00000a6f,0x0003003e,0x00000a03,0x00000a17,0x0003003e,
    0x00000a04,0x00000a19,0x0004003d,0x00000006,0x00000a81,0x00000a03,0x00050041,0x00000007,
    0x00000a82,0x00000a7e,0x00000091,0x0003003e,0x00000a82,0x00000a81,0x0004003d,0x00000006,
    0x00000a83,0x00000a04,0x00050041,0x00000007,0x00000a84,0x00000a7e,0x00000094,0x0003003e,
    0x00000a84,0x00000a83,0x0004003d,0x0000000c,0x00000a85,0x00000a7e,0x0003003e,0x00000a7f,
    0x00000a85,0x0004003d,0x0000000c,0x00000a1a,0x00000a7f,0x0007000c,0x0000000c,0x00000a1b,
    0x00000001,0x00000028,0x00000a14,0x00000a1a,0x00050088,0x0000000c,0x00000a1c,0x00000a13,
    0x00000a1b,0x0003003e,0x000009fd,0x00000a1c,0x0003003e,0x00000a06,0x000000c7,0x0004003d,
    0x00000006,0x00000a88,0x00000a06,0x0003003e,0x00000a86,0x00000a88,0x0004003d,0x00000006,
    0x00000a1d,0x00000a86,0x00050041,0x00000007,0x00000a1e,0x000009fd,0x00000091,0x0004003d,
    0x00000006,0x00000a1f,0x00000a1e,0x00050041,0x00000007,0x00000a20,0x000009fd,0x00000094,
    0x0004003d,0x00000006,0x00000a21,0x00000a20,0x0007000c,0x00000006,0x00000a22,0x00000001,
    0x00000025,0x00000a1f,0x00000a21,0x0007000c,0x00000006,0x00000a23,0x00000001,0x00000025,
    0x00000a1d,0x00000a22,0x0003003e,0x00000a05,0x00000a23,0x0004003d,0x00000024,0x00000a24,
    0x000009fb,0x0004003d,0x00000006,0x00000a25,0x00000a05,0x0005008e,0x00000024,0x00000a26,
    0x00000a24,0x00000a25,0x0004003d,0x00000006,0x00000a27,0x000009f9,0x00060050,0x00000024,
    0x00000a28,0x00000a27,0x00000a27,0x00000a27,0x00050081,0x00000024,0x00000a29,0x00000a26,
    0x00000a28,0x0003003e,0x00000a07,0x00000a29,0x0004003d,0x00000024,0x000006ad,0x00000a07,
    0x0003003e,0x00000592,0x000006ad,0x000200f9,0x000006ae,0x000200f8,0x000006ae,0x000200f9,
    0x000006af,0x000200f8,0x000006af,0x0004003d,0x00000024,0x000006b0,0x00000592,0x0003003e,
    0x000005b6,0x000006b0,0x0004003d,0x00000024,0x00000589,0x000005b6,0x0003003e,0x0000057f,
    0x00000589,0x0004003d,0x00000024,0x0000058a,0x00000460,0x0004003d,0x00000024,0x0000058b,
    0x0000057f,0x00050041,0x00000007,0x0000058c,0x00000461,0x000000be,0x0004003d,0x00000006,
    0x0000058d,0x0000058c,0x0003003e,0x00000583,0x0000058d,0x0004003d,0x00000006,0x00000a8c,
    0x00000583,0x00050041,0x00000007,0x00000a8d,0x00000a89,0x00000091,0x0003003e,0x00000a8d,
    0x00000a8c,0x0004003d,0x00000006,0x00000a8e,0x00000583,0x00050041,0x00000007,0x00000a8f,
    0x00000a89,0x00000094,0x0003003e,0x00000a8f,0x00000a8e,0x0004003d,0x00000006,0x00000a90,
    0x00000583,0x00050041,0x00000007,0x00000a91,0x00000a89,0x000000a7,0x0003003e,0x00000a91,
    0x00000a90,0x0004003d,0x00000024,0x00000a92,0x00000a89,0x0003003e,0x00000a8a,0x00000a92,
    0x0004003d,0x00000024,0x0000058e,0x00000a8a,0x0008000c,0x00000024,0x0000058f,0x00000001,
    0x0000002e,0x0000058a,0x0000058b,0x0000058e,0x0003003e,0x00000584,0x0000058f,0x0004003d,
    0x00000024,0x0000051b,0x00000584,0x00050041,0x00000007,0x0000051c,0x00000406,0x00000091,
    0x00050051,0x00000006,0x0000051d,0x0000051b,0x00000000,0x0003003e,0x0000051c,0x0000051d,
    0x00050041,0x00000007,0x0000051e,0x00000406,0x00000094,0x00050051,0x00000006,0x0000051f,
    0x0000051b,0x00000001,0x0003003e,0x0000051e,0x0000051f,0x00050041,0x00000007,0x00000520,
    0x00000406,0x000000a7,0x00050051,0x00000006,0x00000521,0x0000051b,0x00000002,0x0003003e,
    0x00000520,0x00000521,0x000200f9,0x00000522,0x000200f8,0x00000522,0x0004003d,0x00000006,
    0x00000524,0x00000501,0x0004003d,0x0000002f,0x00000525,0x00000406,0x0008004f,0x00000024,
    0x00000526,0x00000525,0x00000525,0x00000000,0x00000001,0x00000002,0x0005008e,0x00000024,
    0x00000527,0x00000526,0x00000524,0x00050041,0x00000007,0x00000528,0x00000406,0x00000091,
    0x00050051,0x00000006,0x00000529,0x00000527,0x00000000,0x0003003e,0x00000528,0x00000529,
    0x00050041,0x00000007,0x0000052a,0x00000406,0x00000094,0x00050051,0x00000006,0x0000052b,
    0x00000527,0x00000001,0x0003003e,0x0000052a,0x0000052b,0x00050041,0x00000007,0x0000052c,
    0x00000406,0x000000a7,0x00050051,0x00000006,0x0000052d,0x00000527,0x00000002,0x0003003e,
    0x0000052c,0x0000052d,0x0004003d,0x0000002f,0x0000040a,0x00000406,0x0003003e,0x00000401,
    0x0000040a,0x00050041,0x00000007,0x0000040c,0x00000401,0x000000be,0x0004003d,0x00000006,
    0x0000040d,0x0000040c,0x00050083,0x00000006,0x0000040e,0x000000c7,0x0000040d,0x0003003e,
    0x0000040b,0x0000040e,0x0004003d,0x00000006,0x0000040f,0x0000040b,0x000500b7,0x000000d6,
    0x00000410,0x0000040f,0x000000c8,0x000300f7,0x00000412,0x00000000,0x000400fa,0x00000410,
    0x00000411,0x00000412,0x000200f8,0x00000411,0x0004003d,0x0000030f,0x00000413,0x000003c8,
    0x00050062,0x0000002f,0x00000414,0x00000413,0x00000313,0x0004003d,0x00000006,0x00000415,
    0x0000040b,0x0005008e,0x0000002f,0x00000416,0x00000414,0x00000415,0x0004003d,0x0000002f,
    0x00000417,0x00000401,0x00050081,0x0000002f,0x00000418,0x00000417,0x00000416,0x0003003e,
    0x00000401,0x00000418,0x000200f9,0x00000412,0x000200f8,0x00000412,0x0004003d,0x0000002f,
    0x0000041b,0x00000401,0x0003003e,0x0000041a,0x0000041b,0x000100fd,0x00010038,
};
