#pragma once

const uint32_t draw_clockwise_atomic_path_frag[] = {
    0x07230203,0x00010000,0x0008000b,0x00000ee8,0x00000000,0x00020011,0x00000001,0x00020011,
    0x00000028,0x00020011,0x00000031,0x0006000b,0x00000001,0x4c534c47,0x6474732e,0x3035342e,
    0x00000000,0x0003000e,0x00000000,0x00000001,0x0010000f,0x00000004,0x00000004,0x6e69616d,
    0x00000000,0x000005b6,0x000005bc,0x000005c9,0x000005cf,0x000005e1,0x000005f4,0x00000600,
    0x0000065d,0x000006b0,0x000006b3,0x000006be,0x00030010,0x00000004,0x00000007,0x00030003,
    0x00000002,0x000001cc,0x00090004,0x415f4c47,0x735f4252,0x65646168,0x6d695f72,0x5f656761,
    0x64616f6c,0x6f74735f,0x00006572,0x000a0004,0x415f4c47,0x735f4252,0x65646168,0x74735f72,
    0x6761726f,0x75625f65,0x72656666,0x6a626f5f,0x00746365,0x000b0004,0x455f4c47,0x735f5458,
    0x6c706d61,0x656c7265,0x745f7373,0x75747865,0x665f6572,0x74636e75,0x736e6f69,0x00000000,
    0x000a0004,0x475f4c47,0x4c474f4f,0x70635f45,0x74735f70,0x5f656c79,0x656e696c,0x7269645f,
    0x69746365,0x00006576,0x00080004,0x475f4c47,0x4c474f4f,0x6e695f45,0x64756c63,0x69645f65,
    0x74636572,0x00657669,0x00040005,0x00000004,0x6e69616d,0x00000000,0x00030005,0x00000181,
    0x00006754,0x00030005,0x000001af,0x00004351,0x00030005,0x000001b3,0x00003954,0x00030005,
    0x000003f7,0x00006753,0x00030005,0x0000048e,0x00004444,0x00030005,0x00000490,0x00006242,
    0x00030005,0x000004b0,0x00004341,0x00030005,0x000004b2,0x00003552,0x00030005,0x000004d1,
    0x00006750,0x00030005,0x00000510,0x00006459,0x00040006,0x00000510,0x00000000,0x00003158,
    0x00030005,0x00000512,0x00003053,0x00030005,0x00000517,0x0000424e,0x00040006,0x00000517,
    0x00000000,0x00003157,0x00040006,0x00000517,0x00000001,0x00006776,0x00040006,0x00000517,
    0x00000002,0x00003379,0x00040006,0x00000517,0x00000003,0x0000337a,0x00040006,0x00000517,
    0x00000004,0x00006467,0x00030005,0x00000519,0x0000006b,0x00030005,0x000005b4,0x00000045,
    0x00060005,0x000005b6,0x465f6c67,0x43676172,0x64726f6f,0x00000000,0x00030005,0x000005bb,
    0x00003046,0x00030005,0x000005bc,0x00003169,0x00040005,0x000005bd,0x61726170,0x0000006d,
    0x00040005,0x000005bf,0x61726170,0x0000006d,0x00030005,0x000005c1,0x00006267,0x00040005,
    0x000005c4,0x30673742,0x00000000,0x00030005,0x000005c8,0x0000306f,0x00030005,0x000005c9,
    0x00000049,0x00040005,0x000005ca,0x61726170,0x0000006d,0x00030005,0x000005cd,0x00003679,
    0x00030005,0x000005cf,0x0000346a,0x00030005,0x000005df,0x0000374e,0x00030005,0x000005e1,
    0x00003365,0x00030005,0x000005e5,0x00003154,0x00040005,0x000005ea,0x61726170,0x0000006d,
    0x00040005,0x000005eb,0x61726170,0x0000006d,0x00030005,0x000005ef,0x00003148,0x00030005,
    0x000005f0,0x0000674e,0x00030005,0x000005f3,0x00006268,0x00030005,0x000005f4,0x0000304e,
    0x00040005,0x000005f5,0x61726170,0x0000006d,0x00040005,0x000005f8,0x61726170,0x0000006d,
    0x00030005,0x000005fd,0x0000674d,0x00030005,0x00000600,0x00003153,0x00030005,0x00000608,
    0x00006269,0x00040005,0x00000609,0x30643742,0x00000000,0x00040005,0x00000615,0x61726170,
    0x0000006d,0x00030005,0x0000061a,0x00003170,0x00030005,0x0000061b,0x0000334a,0x00040005,
    0x0000061c,0x61726170,0x0000006d,0x00040005,0x0000061f,0x61726170,0x0000006d,0x00040005,
    0x00000621,0x61726170,0x0000006d,0x00040005,0x00000623,0x61726170,0x0000006d,0x00040005,
    0x00000624,0x61726170,0x0000006d,0x00040005,0x0000062b,0x61726170,0x0000006d,0x00040005,
    0x0000062e,0x61726170,0x0000006d,0x00040005,0x00000630,0x61726170,0x0000006d,0x00040005,
    0x00000632,0x61726170,0x0000006d,0x00040005,0x00000633,0x61726170,0x0000006d,0x00030005,
    0x0000063b,0x00003547,0x00040005,0x0000063e,0x61726170,0x0000006d,0x00040005,0x00000641,
    0x61726170,0x0000006d,0x00040005,0x00000644,0x61726170,0x0000006d,0x00030005,0x0000064e,
    0x0000687a,0x00030005,0x0000065d,0x0000315a,0x00040005,0x0000065e,0x61726170,0x0000006d,
    0x00040005,0x00000661,0x61726170,0x0000006d,0x00040005,0x00000664,0x61726170,0x0000006d,
    0x00040005,0x00000666,0x61726170,0x0000006d,0x00030005,0x00000672,0x00003750,0x00030005,
    0x00000681,0x0000367a,0x00040005,0x00000684,0x61726170,0x0000006d,0x00040005,0x00000686,
    0x61726170,0x0000006d,0x00030005,0x000006b0,0x00003064,0x00040005,0x000006b1,0x61726170,
    0x0000006d,0x00030005,0x000006b3,0x00003067,0x00030005,0x000006be,0x0000307a,0x00040047,
    0x00000181,0x00000001,0x00000007,0x00030047,0x000001af,0x00000000,0x00040047,0x000001af,
    0x00000021,0x0000000a,0x00040047,0x000001af,0x00000022,0x00000000,0x00030047,0x000001b3,
    0x00000000,0x00040047,0x000001b3,0x00000021,0x0000000a,0x00040047,0x000001b3,0x00000022,
    0x00000000,0x00040047,0x000003f7,0x00000001,0x00000006,0x00030047,0x0000048e,0x00000000,
    0x00040047,0x0000048e,0x00000021,0x00000009,0x00040047,0x0000048e,0x00000022,0x00000000,
    0x00030047,0x00000490,0x00000000,0x00040047,0x00000490,0x00000021,0x00000009,0x00040047,
    0x00000490,0x00000022,0x00000000,0x00030047,0x000004b0,0x00000000,0x00040047,0x000004b0,
    0x00000021,0x0000000c,0x00040047,0x000004b0,0x00000022,0x00000001,0x00030047,0x000004b2,
    0x00000000,0x00040047,0x000004b2,0x00000021,0x0000000c,0x00040047,0x000004b2,0x00000022,
    0x00000001,0x00040047,0x000004d1,0x00000001,0x00000003,0x00040047,0x0000050f,0x00000006,
    0x00000004,0x00030047,0x00000510,0x00000003,0x00050048,0x00000510,0x00000000,0x00000023,
    0x00000000,0x00040047,0x00000512,0x00000021,0x00000007,0x00040047,0x00000512,0x00000022,
    0x00000000,0x00030047,0x00000517,0x00000002,0x00050048,0x00000517,0x00000000,0x00000023,
    0x00000040,0x00050048,0x00000517,0x00000001,0x00000023,0x00000044,0x00050048,0x00000517,
    0x00000002,0x00000023,0x00000058,0x00050048,0x00000517,0x00000003,0x00000023,0x0000005c,
    0x00050048,0x00000517,0x00000004,0x00000023,0x00000060,0x00040047,0x00000519,0x00000021,
    0x00000000,0x00040047,0x00000519,0x00000022,0x00000000,0x00040047,0x000005b6,0x0000000b,
    0x0000000f,0x00030047,0x000005bb,0x00000000,0x00040047,0x000005bc,0x0000001e,0x00000000,
    0x00030047,0x000005c1,0x00000000,0x00030047,0x000005c4,0x00000000,0x00040047,0x000005c4,
    0x00000021,0x00000000,0x00040047,0x000005c4,0x00000022,0x00000002,0x00040047,0x000005c4,
    0x0000002b,0x00000000,0x00030047,0x000005c5,0x00000000,0x00030047,0x000005c7,0x00000000,
    0x00030047,0x000005c8,0x00000000,0x00040047,0x000005c9,0x0000001e,0x00000002,0x00040047,
    0x000005cf,0x0000001e,0x00000008,0x00030047,0x000005d1,0x00000000,0x00030047,0x000005d2,
    0x00000000,0x00030047,0x000005d3,0x00000000,0x00030047,0x000005d4,0x00000000,0x00030047,
    0x000005d5,0x00000000,0x00030047,0x000005e1,0x0000000e,0x00040047,0x000005e1,0x0000001e,
    0x00000007,0x00030047,0x000005ef,0x00000000,0x00040047,0x000005f0,0x00000001,0x00000001,
    0x00030047,0x000005f3,0x00000000,0x00040047,0x000005f4,0x0000001e,0x00000005,0x00030047,
    0x000005f8,0x00000000,0x00030047,0x000005fa,0x00000000,0x00030047,0x000005fb,0x00000000,
    0x00030047,0x000005fc,0x00000000,0x00040047,0x000005fd,0x00000001,0x00000000,0x00030047,
    0x00000600,0x00000000,0x00030047,0x00000600,0x0000000e,0x00040047,0x00000600,0x0000001e,
    0x00000004,0x00030047,0x00000603,0x00000000,0x00030047,0x00000608,0x00000000,0x00030047,
    0x00000609,0x00000000,0x00040047,0x00000609,0x00000021,0x00000001,0x00040047,0x00000609,
    0x00000022,0x00000002,0x00040047,0x00000609,0x0000002b,0x00000001,0x00030047,0x0000060a,
    0x00000000,0x00030047,0x0000060b,0x00000000,0x00030047,0x0000060c,0x00000000,0x00030047,
    0x0000060d,0x00000000,0x00030047,0x0000060e,0x00000000,0x00030047,0x0000060f,0x00000000,
    0x00030047,0x00000610,0x00000000,0x00030047,0x00000611,0x00000000,0x00030047,0x00000612,
    0x00000000,0x00030047,0x00000613,0x00000000,0x00030047,0x00000614,0x00000000,0x00030047,
    0x0000061e,0x00000000,0x00030047,0x0000061f,0x00000000,0x00030047,0x00000620,0x00000000,
    0x00030047,0x00000624,0x00000000,0x00030047,0x0000062d,0x00000000,0x00030047,0x0000062e,
    0x00000000,0x00030047,0x0000062f,0x00000000,0x00030047,0x00000633,0x00000000,0x00030047,
    0x0000063b,0x00000000,0x00030047,0x00000641,0x00000000,0x00030047,0x00000644,0x00000000,
    0x00030047,0x00000649,0x00000000,0x00030047,0x0000065d,0x00000000,0x00030047,0x0000065d,
    0x0000000e,0x00040047,0x0000065d,0x0000001e,0x00000006,0x00030047,0x0000065e,0x00000000,
    0x00030047,0x0000065f,0x00000000,0x00030047,0x00000661,0x00000000,0x00030047,0x00000662,
    0x00000000,0x00030047,0x00000663,0x00000000,0x00030047,0x00000664,0x00000000,0x00030047,
    0x00000665,0x00000000,0x00030047,0x00000666,0x00000000,0x00030047,0x00000672,0x00000000,
    0x00030047,0x00000673,0x00000000,0x00030047,0x00000674,0x00000000,0x00030047,0x00000677,
    0x00000000,0x00030047,0x0000067c,0x00000000,0x00030047,0x00000681,0x00000000,0x00030047,
    0x00000681,0x00000017,0x00040047,0x00000681,0x00000021,0x00000002,0x00040047,0x00000681,
    0x00000022,0x00000002,0x00030047,0x00000682,0x00000000,0x00030047,0x00000684,0x00000000,
    0x00030047,0x00000685,0x00000000,0x00030047,0x00000686,0x00000000,0x00030047,0x0000068d,
    0x00000000,0x00030047,0x0000068f,0x00000000,0x00030047,0x00000698,0x00000000,0x00030047,
    0x00000699,0x00000000,0x00030047,0x0000069a,0x00000000,0x00030047,0x0000069b,0x00000000,
    0x00030047,0x000006a4,0x00000000,0x00030047,0x000006a5,0x00000000,0x00030047,0x000006a6,
    0x00000000,0x00030047,0x000006a7,0x00000000,0x00030047,0x000006a8,0x00000000,0x00030047,
    0x000006b0,0x00000000,0x00040047,0x000006b0,0x0000001e,0x00000001,0x00030047,0x000006b1,
    0x00000000,0x00030047,0x000006b3,0x00000000,0x00040047,0x000006b3,0x0000001e,0x00000000,
    0x00030047,0x000006b4,0x00000000,0x00030047,0x000006be,0x00000000,0x00030047,0x000006be,
    0x0000000e,0x00040047,0x000006be,0x0000001e,0x00000003,0x00030047,0x000006d2,0x00000000,
    0x00030047,0x000006da,0x00000000,0x00030047,0x000006db,0x00000000,0x00030047,0x000006dc,
    0x00000000,0x00030047,0x000006dd,0x00000000,0x00030047,0x000006de,0x00000000,0x00030047,
    0x000006df,0x00000000,0x00030047,0x000006ed,0x00000000,0x00030047,0x000006ee,0x00000000,
    0x00030047,0x000006f2,0x00000000,0x00030047,0x000006f3,0x00000000,0x00030047,0x000006f9,
    0x00000000,0x00030047,0x000006fc,0x00000000,0x00030047,0x000006fd,0x00000000,0x00030047,
    0x000006fe,0x00000000,0x00030047,0x00000723,0x00000000,0x00030047,0x00000724,0x00000000,
    0x00030047,0x00000729,0x00000000,0x00030047,0x0000072c,0x00000000,0x00030047,0x00000738,
    0x00000000,0x00030047,0x0000073d,0x00000000,0x00030047,0x0000073e,0x00000000,0x00030047,
    0x0000073f,0x00000000,0x00030047,0x00000741,0x00000000,0x00030047,0x00000742,0x00000000,
    0x00030047,0x00000744,0x00000000,0x00030047,0x00000749,0x00000000,0x00030047,0x0000074a,
    0x00000000,0x00030047,0x0000074c,0x00000000,0x00030047,0x0000074d,0x00000000,0x00030047,
    0x0000074e,0x00000000,0x00030047,0x0000074f,0x00000000,0x00030047,0x00000751,0x00000000,
    0x00030047,0x00000758,0x00000000,0x00030047,0x0000075a,0x00000000,0x00030047,0x0000075b,
    0x00000000,0x00030047,0x0000075c,0x00000000,0x00030047,0x0000075f,0x00000000,0x00030047,
    0x00000761,0x00000000,0x00030047,0x00000765,0x00000000,0x00030047,0x00000772,0x00000000,
    0x00030047,0x00000779,0x00000000,0x00030047,0x0000077c,0x00000000,0x00030047,0x0000077d,
    0x00000000,0x00030047,0x00000788,0x00000000,0x00030047,0x0000078e,0x00000000,0x00030047,
    0x00000794,0x00000000,0x00030047,0x00000795,0x00000000,0x00030047,0x00000796,0x00000000,
    0x00030047,0x00000797,0x00000000,0x00030047,0x00000798,0x00000000,0x00030047,0x00000799,
    0x00000000,0x00030047,0x0000079a,0x00000000,0x00030047,0x0000079b,0x00000000,0x00030047,
    0x0000079c,0x00000000,0x00030047,0x0000079d,0x00000000,0x00030047,0x0000079e,0x00000000,
    0x00030047,0x0000079f,0x00000000,0x00030047,0x000007a0,0x00000000,0x00030047,0x000007a1,
    0x00000000,0x00030047,0x000007a2,0x00000000,0x00030047,0x000007a3,0x00000000,0x00030047,
    0x000007a4,0x00000000,0x00030047,0x000007a5,0x00000000,0x00030047,0x000007a6,0x00000000,
    0x00030047,0x000007a7,0x00000000,0x00030047,0x000007a8,0x00000000,0x00030047,0x000007a9,
    0x00000000,0x00030047,0x000007b0,0x00000000,0x00030047,0x000007b4,0x00000000,0x00030047,
    0x000007b5,0x00000000,0x00030047,0x000007b7,0x00000000,0x00030047,0x000007b8,0x00000000,
    0x00030047,0x000007b9,0x00000000,0x00030047,0x000007ba,0x00000000,0x00030047,0x000007bc,
    0x00000000,0x00030047,0x000007bd,0x00000000,0x00030047,0x000007be,0x00000000,0x00030047,
    0x000007c9,0x00000000,0x00030047,0x000007ca,0x00000000,0x00030047,0x000007cb,0x00000000,
    0x00030047,0x000007cc,0x00000000,0x00030047,0x000007cd,0x00000000,0x00030047,0x000007ce,
    0x00000000,0x00030047,0x000007d0,0x00000000,0x00030047,0x000007d1,0x00000000,0x00030047,
    0x000007d2,0x00000000,0x00030047,0x000007d3,0x00000000,0x00030047,0x000007d4,0x00000000,
    0x00030047,0x000007d5,0x00000000,0x00030047,0x000007d6,0x00000000,0x00030047,0x000007d7,
    0x00000000,0x00030047,0x000007d8,0x00000000,0x00030047,0x000007d9,0x00000000,0x00030047,
    0x000007da,0x00000000,0x00030047,0x000007db,0x00000000,0x00030047,0x000007dc,0x00000000,
    0x00030047,0x000007dd,0x00000000,0x00030047,0x000007de,0x00000000,0x00030047,0x000007df,
    0x00000000,0x00030047,0x000007e2,0x00000000,0x00030047,0x000007e3,0x00000000,0x00030047,
    0x000007e5,0x00000000,0x00030047,0x000007e6,0x00000000,0x00030047,0x000007e9,0x00000000,
    0x00030047,0x000007ea,0x00000000,0x00030047,0x000007ec,0x00000000,0x00030047,0x000007ed,
    0x00000000,0x00030047,0x000007f0,0x00000000,0x00030047,0x000007f1,0x00000000,0x00030047,
    0x000007f3,0x00000000,0x00030047,0x000007f4,0x00000000,0x00030047,0x000007f7,0x00000000,
    0x00030047,0x000007f8,0x00000000,0x00030047,0x000007ff,0x00000000,0x00030047,0x00000800,
    0x00000000,0x00030047,0x00000801,0x00000000,0x00030047,0x00000802,0x00000000,0x00030047,
    0x00000803,0x00000000,0x00030047,0x00000804,0x00000000,0x00030047,0x00000805,0x00000000,
    0x00030047,0x00000806,0x00000000,0x00030047,0x00000807,0x00000000,0x00030047,0x00000808,
    0x00000000,0x00030047,0x00000809,0x00000000,0x00030047,0x0000080a,0x00000000,0x00030047,
    0x0000080b,0x00000000,0x00030047,0x0000080c,0x00000000,0x00030047,0x0000080d,0x00000000,
    0x00030047,0x0000080f,0x00000000,0x00030047,0x00000814,0x00000000,0x00030047,0x00000815,
    0x00000000,0x00030047,0x00000816,0x00000000,0x00030047,0x00000818,0x00000000,0x00030047,
    0x0000081a,0x00000000,0x00030047,0x0000081c,0x00000000,0x00030047,0x0000081e,0x00000000,
    0x00030047,0x00000820,0x00000000,0x00030047,0x00000821,0x00000000,0x00030047,0x00000822,
    0x00000000,0x00030047,0x00000824,0x00000000,0x00030047,0x00000826,0x00000000,0x00030047,
    0x00000828,0x00000000,0x00030047,0x0000082a,0x00000000,0x00030047,0x0000082c,0x00000000,
    0x00030047,0x0000082e,0x00000000,0x00030047,0x00000831,0x00000000,0x00030047,0x00000832,
    0x00000000,0x00030047,0x00000840,0x00000000,0x00030047,0x00000846,0x00000000,0x00030047,
    0x0000084f,0x00000000,0x00030047,0x00000850,0x00000000,0x00030047,0x00000855,0x00000000,
    0x00030047,0x00000856,0x00000000,0x00030047,0x00000861,0x00000000,0x00030047,0x00000862,
    0x00000000,0x00030047,0x0000086b,0x00000000,0x00030047,0x00000890,0x00000000,0x00030047,
    0x00000891,0x00000000,0x00030047,0x00000894,0x00000000,0x00030047,0x00000895,0x00000000,
    0x00030047,0x00000896,0x00000000,0x00030047,0x00000897,0x00000000,0x00030047,0x00000899,
    0x00000000,0x00030047,0x0000089a,0x00000000,0x00030047,0x0000089b,0x00000000,0x00030047,
    0x0000089c,0x00000000,0x00030047,0x0000089d,0x00000000,0x00030047,0x0000089f,0x00000000,
    0x00030047,0x000008a1,0x00000000,0x00030047,0x000008a2,0x00000000,0x00030047,0x000008a3,
    0x00000000,0x00030047,0x000008a9,0x00000000,0x00030047,0x000008ab,0x00000000,0x00030047,
    0x000008af,0x00000000,0x00030047,0x000008b1,0x00000000,0x00030047,0x000008b2,0x00000000,
    0x00030047,0x000008b3,0x00000000,0x00030047,0x000008b4,0x00000000,0x00030047,0x000008b6,
    0x00000000,0x00030047,0x000008b8,0x00000000,0x00030047,0x000008b9,0x00000000,0x00030047,
    0x000008ba,0x00000000,0x00030047,0x000008bb,0x00000000,0x00030047,0x000008bd,0x00000000,
    0x00030047,0x000008be,0x00000000,0x00030047,0x000008e0,0x00000000,0x00030047,0x000008e1,
    0x00000000,0x00030047,0x000008e2,0x00000000,0x00030047,0x000008e3,0x00000000,0x00030047,
    0x000008e4,0x00000000,0x00030047,0x000008e8,0x00000000,0x00030047,0x000008eb,0x00000000,
    0x00030047,0x000008ec,0x00000000,0x00030047,0x000008ef,0x00000000,0x00030047,0x000008f8,
    0x00000000,0x00030047,0x000008f9,0x00000000,0x00030047,0x000008fa,0x00000000,0x00030047,
    0x000008fb,0x00000000,0x00030047,0x000008fc,0x00000000,0x00030047,0x000008fd,0x00000000,
    0x00030047,0x000008fe,0x00000000,0x00030047,0x000008ff,0x00000000,0x00030047,0x00000900,
    0x00000000,0x00030047,0x00000904,0x00000000,0x00030047,0x00000905,0x00000000,0x00030047,
    0x00000909,0x00000000,0x00030047,0x0000090c,0x00000000,0x00030047,0x00000912,0x00000000,
    0x00030047,0x00000913,0x00000000,0x00030047,0x00000914,0x00000000,0x00030047,0x00000915,
    0x00000000,0x00030047,0x00000917,0x00000000,0x00030047,0x00000918,0x00000000,0x00030047,
    0x0000091c,0x00000000,0x00030047,0x0000091d,0x00000000,0x00030047,0x0000091f,0x00000000,
    0x00030047,0x00000920,0x00000000,0x00030047,0x00000921,0x00000000,0x00030047,0x00000922,
    0x00000000,0x00030047,0x00000923,0x00000000,0x00030047,0x00000924,0x00000000,0x00030047,
    0x00000925,0x00000000,0x00030047,0x00000926,0x00000000,0x00030047,0x00000927,0x00000000,
    0x00030047,0x00000929,0x00000000,0x00030047,0x00000930,0x00000000,0x00030047,0x00000931,
    0x00000000,0x00030047,0x00000932,0x00000000,0x00030047,0x00000936,0x00000000,0x00030047,
    0x00000937,0x00000000,0x00030047,0x00000939,0x00000000,0x00030047,0x0000093a,0x00000000,
    0x00030047,0x0000093b,0x00000000,0x00030047,0x0000093c,0x00000000,0x00030047,0x0000093d,
    0x00000000,0x00030047,0x0000093e,0x00000000,0x00030047,0x0000093f,0x00000000,0x00030047,
    0x00000940,0x00000000,0x00030047,0x00000941,0x00000000,0x00030047,0x00000943,0x00000000,
    0x00030047,0x00000944,0x00000000,0x00030047,0x00000945,0x00000000,0x00030047,0x00000947,
    0x00000000,0x00030047,0x00000948,0x00000000,0x00030047,0x00000949,0x00000000,0x00030047,
    0x0000094a,0x00000000,0x00030047,0x0000094c,0x00000000,0x00030047,0x0000094d,0x00000000,
    0x00030047,0x0000096b,0x00000000,0x00030047,0x0000096c,0x00000000,0x00030047,0x0000096d,
    0x00000000,0x00030047,0x0000096e,0x00000000,0x00030047,0x0000096f,0x00000000,0x00030047,
    0x00000970,0x00000000,0x00030047,0x00000973,0x00000000,0x00030047,0x00000975,0x00000000,
    0x00030047,0x00000976,0x00000000,0x00030047,0x00000978,0x00000000,0x00030047,0x0000097e,
    0x00000000,0x00030047,0x0000097f,0x00000000,0x00030047,0x00000980,0x00000000,0x00030047,
    0x00000981,0x00000000,0x00030047,0x00000983,0x00000000,0x00030047,0x00000984,0x00000000,
    0x00030047,0x00000988,0x00000000,0x00030047,0x00000989,0x00000000,0x00030047,0x0000098b,
    0x00000000,0x00030047,0x0000098c,0x00000000,0x00030047,0x0000098d,0x00000000,0x00030047,
    0x0000098e,0x00000000,0x00030047,0x0000098f,0x00000000,0x00030047,0x00000990,0x00000000,
    0x00030047,0x00000991,0x00000000,0x00030047,0x00000992,0x00000000,0x00030047,0x00000993,
    0x00000000,0x00030047,0x00000994,0x00000000,0x00030047,0x00000996,0x00000000,0x00030047,
    0x00000997,0x00000000,0x00030047,0x00000998,0x00000000,0x00030047,0x0000099d,0x00000000,
    0x00030047,0x0000099e,0x00000000,0x00030047,0x000009a1,0x00000000,0x00030047,0x000009a2,
    0x00000000,0x00030047,0x000009a3,0x00000000,0x00030047,0x000009a4,0x00000000,0x00030047,
    0x000009ae,0x00000000,0x00030047,0x000009af,0x00000000,0x00030047,0x000009b0,0x00000000,
    0x00030047,0x000009b1,0x00000000,0x00030047,0x000009b2,0x00000000,0x00030047,0x000009b3,
    0x00000000,0x00030047,0x000009b4,0x00000000,0x00030047,0x000009b5,0x00000000,0x00030047,
    0x000009b6,0x00000000,0x00030047,0x000009b8,0x00000000,0x00030047,0x000009b9,0x00000000,
    0x00030047,0x000009ba,0x00000000,0x00030047,0x000009bb,0x00000000,0x00030047,0x000009bc,
    0x00000000,0x00030047,0x000009bd,0x00000000,0x00030047,0x000009be,0x00000000,0x00030047,
    0x000009bf,0x00000000,0x00030047,0x000009c1,0x00000000,0x00030047,0x000009c2,0x00000000,
    0x00030047,0x000009c3,0x00000000,0x00030047,0x000009c5,0x00000000,0x00030047,0x000009c6,
    0x00000000,0x00030047,0x000009c8,0x00000000,0x00030047,0x000009ca,0x00000000,0x00030047,
    0x000009cb,0x00000000,0x00030047,0x000009cc,0x00000000,0x00030047,0x000009cd,0x00000000,
    0x00030047,0x000009ce,0x00000000,0x00030047,0x000009cf,0x00000000,0x00030047,0x000009d0,
    0x00000000,0x00030047,0x000009d1,0x00000000,0x00030047,0x000009d2,0x00000000,0x00030047,
    0x000009d3,0x00000000,0x00030047,0x000009d4,0x00000000,0x00030047,0x000009d5,0x00000000,
    0x00030047,0x000009d6,0x00000000,0x00030047,0x000009d7,0x00000000,0x00030047,0x000009d8,
    0x00000000,0x00030047,0x000009d9,0x00000000,0x00030047,0x000009da,0x00000000,0x00030047,
    0x000009db,0x00000000,0x00030047,0x000009dc,0x00000000,0x00030047,0x000009dd,0x00000000,
    0x00030047,0x000009df,0x00000000,0x00030047,0x000009e0,0x00000000,0x00030047,0x000009e1,
    0x00000000,0x00030047,0x000009e2,0x00000000,0x00030047,0x000009e3,0x00000000,0x00030047,
    0x000009e4,0x00000000,0x00030047,0x000009e5,0x00000000,0x00030047,0x000009e6,0x00000000,
    0x00030047,0x000009e7,0x00000000,0x00030047,0x000009e8,0x00000000,0x00030047,0x000009e9,
    0x00000000,0x00030047,0x000009ea,0x00000000,0x00030047,0x000009eb,0x00000000,0x00030047,
    0x000009ec,0x00000000,0x00030047,0x000009ed,0x00000000,0x00030047,0x000009ee,0x00000000,
    0x00030047,0x000009ef,0x00000000,0x00030047,0x000009f0,0x00000000,0x00030047,0x000009f1,
    0x00000000,0x00030047,0x000009f3,0x00000000,0x00030047,0x000009f5,0x00000000,0x00030047,
    0x000009f8,0x00000000,0x00030047,0x000009fb,0x00000000,0x00030047,0x000009fc,0x00000000,
    0x00030047,0x000009fd,0x00000000,0x00030047,0x00000a02,0x00000000,0x00030047,0x00000a05,
    0x00000000,0x00030047,0x00000a06,0x00000000,0x00030047,0x00000a07,0x00000000,0x00030047,
    0x00000a0c,0x00000000,0x00030047,0x00000a0f,0x00000000,0x00030047,0x00000a10,0x00000000,
    0x00030047,0x00000a11,0x00000000,0x00030047,0x00000a12,0x00000000,0x00030047,0x00000a17,
    0x00000000,0x00030047,0x00000a1a,0x00000000,0x00030047,0x00000a1b,0x00000000,0x00030047,
    0x00000a1c,0x00000000,0x00030047,0x00000a1d,0x00000000,0x00030047,0x00000a21,0x00000000,
    0x00030047,0x00000a22,0x00000000,0x00030047,0x00000a23,0x00000000,0x00030047,0x00000a24,
    0x00000000,0x00030047,0x00000a25,0x00000000,0x00030047,0x00000a26,0x00000000,0x00030047,
    0x00000a27,0x00000000,0x00030047,0x00000a28,0x00000000,0x00030047,0x00000a2a,0x00000000,
    0x00030047,0x00000a2b,0x00000000,0x00030047,0x00000a2c,0x00000000,0x00030047,0x00000a2d,
    0x00000000,0x00030047,0x00000a36,0x00000000,0x00030047,0x00000a3b,0x00000000,0x00030047,
    0x00000a41,0x00000000,0x00030047,0x00000a42,0x00000000,0x00030047,0x00000a43,0x00000000,
    0x00030047,0x00000a49,0x00000000,0x00030047,0x00000a4a,0x00000000,0x00030047,0x00000a4b,
    0x00000000,0x00030047,0x00000a4e,0x00000000,0x00030047,0x00000a4f,0x00000000,0x00030047,
    0x00000a50,0x00000000,0x00030047,0x00000a57,0x00000000,0x00030047,0x00000a58,0x00000000,
    0x00030047,0x00000a5f,0x00000000,0x00030047,0x00000a60,0x00000000,0x00030047,0x00000a61,
    0x00000000,0x00030047,0x00000a62,0x00000000,0x00030047,0x00000a63,0x00000000,0x00030047,
    0x00000a64,0x00000000,0x00030047,0x00000a65,0x00000000,0x00030047,0x00000a66,0x00000000,
    0x00030047,0x00000a67,0x00000000,0x00030047,0x00000a69,0x00000000,0x00030047,0x00000a6a,
    0x00000000,0x00030047,0x00000a6b,0x00000000,0x00030047,0x00000a6c,0x00000000,0x00030047,
    0x00000a6d,0x00000000,0x00030047,0x00000a6e,0x00000000,0x00030047,0x00000a6f,0x00000000,
    0x00030047,0x00000a70,0x00000000,0x00030047,0x00000a71,0x00000000,0x00030047,0x00000a72,
    0x00000000,0x00030047,0x00000a73,0x00000000,0x00030047,0x00000a75,0x00000000,0x00030047,
    0x00000a76,0x00000000,0x00030047,0x00000a77,0x00000000,0x00030047,0x00000a79,0x00000000,
    0x00030047,0x00000a7c,0x00000000,0x00030047,0x00000a7d,0x00000000,0x00030047,0x00000a7e,
    0x00000000,0x00030047,0x00000a80,0x00000000,0x00030047,0x00000a81,0x00000000,0x00030047,
    0x00000a82,0x00000000,0x00030047,0x00000a8a,0x00000000,0x00030047,0x00000a90,0x00000000,
    0x00030047,0x00000a91,0x00000000,0x00030047,0x00000a92,0x00000000,0x00030047,0x00000a93,
    0x00000000,0x00030047,0x00000a94,0x00000000,0x00030047,0x00000a96,0x00000000,0x00030047,
    0x00000a97,0x00000000,0x00030047,0x00000a99,0x00000000,0x00030047,0x00000a9a,0x00000000,
    0x00030047,0x00000a9b,0x00000000,0x00030047,0x00000a9c,0x00000000,0x00030047,0x00000a9d,
    0x00000000,0x00030047,0x00000a9e,0x00000000,0x00030047,0x00000a9f,0x00000000,0x00030047,
    0x00000aa1,0x00000000,0x00030047,0x00000aa2,0x00000000,0x00030047,0x00000aa3,0x00000000,
    0x00030047,0x00000aa5,0x00000000,0x00030047,0x00000aa6,0x00000000,0x00030047,0x00000aa8,
    0x00000000,0x00030047,0x00000aa9,0x00000000,0x00030047,0x00000aaa,0x00000000,0x00030047,
    0x00000ab1,0x00000000,0x00030047,0x00000ab2,0x00000000,0x00030047,0x00000ab5,0x00000000,
    0x00030047,0x00000ab7,0x00000000,0x00030047,0x00000ab8,0x00000000,0x00030047,0x00000aba,
    0x00000000,0x00030047,0x00000abb,0x00000000,0x00030047,0x00000abc,0x00000000,0x00030047,
    0x00000abd,0x00000000,0x00030047,0x00000abe,0x00000000,0x00030047,0x00000abf,0x00000000,
    0x00030047,0x00000ac0,0x00000000,0x00030047,0x00000ac1,0x00000000,0x00030047,0x00000ac2,
    0x00000000,0x00030047,0x00000ac4,0x00000000,0x00030047,0x00000ac5,0x00000000,0x00030047,
    0x00000ac7,0x00000000,0x00030047,0x00000ac8,0x00000000,0x00030047,0x00000ac9,0x00000000,
    0x00030047,0x00000acb,0x00000000,0x00030047,0x00000acc,0x00000000,0x00030047,0x00000acd,
    0x00000000,0x00030047,0x00000acf,0x00000000,0x00030047,0x00000ad0,0x00000000,0x00030047,
    0x00000ad1,0x00000000,0x00030047,0x00000ad2,0x00000000,0x00030047,0x00000ad3,0x00000000,
    0x00030047,0x00000ad4,0x00000000,0x00030047,0x00000ad5,0x00000000,0x00030047,0x00000ad6,
    0x00000000,0x00030047,0x00000ad7,0x00000000,0x00030047,0x00000ad8,0x00000000,0x00030047,
    0x00000ad9,0x00000000,0x00030047,0x00000adb,0x00000000,0x00030047,0x00000adc,0x00000000,
    0x00030047,0x00000add,0x00000000,0x00030047,0x00000adf,0x00000000,0x00030047,0x00000ae0,
    0x00000000,0x00030047,0x00000ae1,0x00000000,0x00030047,0x00000ae2,0x00000000,0x00030047,
    0x00000ae3,0x00000000,0x00030047,0x00000ae4,0x00000000,0x00030047,0x00000ae5,0x00000000,
    0x00030047,0x00000ae7,0x00000000,0x00030047,0x00000ae8,0x00000000,0x00030047,0x00000ae9,
    0x00000000,0x00030047,0x00000aeb,0x00000000,0x00030047,0x00000aec,0x00000000,0x00030047,
    0x00000aed,0x00000000,0x00030047,0x00000aef,0x00000000,0x00030047,0x00000af0,0x00000000,
    0x00030047,0x00000af2,0x00000000,0x00030047,0x00000af7,0x00000000,0x00030047,0x00000af8,
    0x00000000,0x00030047,0x00000afa,0x00000000,0x00030047,0x00000afb,0x00000000,0x00030047,
    0x00000afc,0x00000000,0x00030047,0x00000afd,0x00000000,0x00030047,0x00000aff,0x00000000,
    0x00030047,0x00000b01,0x00000000,0x00030047,0x00000b03,0x00000000,0x00030047,0x00000b05,
    0x00000000,0x00030047,0x00000b06,0x00000000,0x00030047,0x00000b07,0x00000000,0x00030047,
    0x00000b09,0x00000000,0x00030047,0x00000b0b,0x00000000,0x00030047,0x00000b0d,0x00000000,
    0x00030047,0x00000b0f,0x00000000,0x00030047,0x00000b10,0x00000000,0x00030047,0x00000b11,
    0x00000000,0x00030047,0x00000b12,0x00000000,0x00030047,0x00000b13,0x00000000,0x00030047,
    0x00000b14,0x00000000,0x00030047,0x00000b15,0x00000000,0x00030047,0x00000b16,0x00000000,
    0x00030047,0x00000b17,0x00000000,0x00030047,0x00000b18,0x00000000,0x00030047,0x00000b19,
    0x00000000,0x00030047,0x00000b1a,0x00000000,0x00030047,0x00000b1b,0x00000000,0x00030047,
    0x00000b1c,0x00000000,0x00030047,0x00000b1d,0x00000000,0x00030047,0x00000b1e,0x00000000,
    0x00030047,0x00000b20,0x00000000,0x00030047,0x00000b22,0x00000000,0x00030047,0x00000b23,
    0x00000000,0x00030047,0x00000b25,0x00000000,0x00030047,0x00000b26,0x00000000,0x00030047,
    0x00000b27,0x00000000,0x00030047,0x00000b28,0x00000000,0x00030047,0x00000b29,0x00000000,
    0x00030047,0x00000b2c,0x00000000,0x00030047,0x00000b2e,0x00000000,0x00030047,0x00000b2f,
    0x00000000,0x00030047,0x00000b32,0x00000000,0x00030047,0x00000b33,0x00000000,0x00030047,
    0x00000b36,0x00000000,0x00030047,0x00000b38,0x00000000,0x00030047,0x00000b39,0x00000000,
    0x00030047,0x00000b3a,0x00000000,0x00030047,0x00000b3b,0x00000000,0x00030047,0x00000b3c,
    0x00000000,0x00030047,0x00000b3d,0x00000000,0x00030047,0x00000b3e,0x00000000,0x00030047,
    0x00000b3f,0x00000000,0x00030047,0x00000b40,0x00000000,0x00030047,0x00000b41,0x00000000,
    0x00030047,0x00000b42,0x00000000,0x00030047,0x00000b43,0x00000000,0x00030047,0x00000b44,
    0x00000000,0x00030047,0x00000b46,0x00000000,0x00030047,0x00000b48,0x00000000,0x00030047,
    0x00000b49,0x00000000,0x00030047,0x00000b4a,0x00000000,0x00030047,0x00000b4c,0x00000000,
    0x00030047,0x00000b4e,0x00000000,0x00030047,0x00000b50,0x00000000,0x00030047,0x00000b52,
    0x00000000,0x00030047,0x00000b53,0x00000000,0x00030047,0x00000b54,0x00000000,0x00030047,
    0x00000b55,0x00000000,0x00030047,0x00000b56,0x00000000,0x00030047,0x00000b58,0x00000000,
    0x00030047,0x00000b5a,0x00000000,0x00030047,0x00000b5b,0x00000000,0x00030047,0x00000b5c,
    0x00000000,0x00030047,0x00000b5e,0x00000000,0x00030047,0x00000b60,0x00000000,0x00030047,
    0x00000b62,0x00000000,0x00030047,0x00000b64,0x00000000,0x00030047,0x00000b65,0x00000000,
    0x00030047,0x00000b66,0x00000000,0x00030047,0x00000b68,0x00000000,0x00030047,0x00000b6a,
    0x00000000,0x00030047,0x00000b6c,0x00000000,0x00030047,0x00000b6d,0x00000000,0x00030047,
    0x00000b6e,0x00000000,0x00030047,0x00000b70,0x00000000,0x00030047,0x00000b72,0x00000000,
    0x00030047,0x00000b74,0x00000000,0x00030047,0x00000b75,0x00000000,0x00030047,0x00000b76,
    0x00000000,0x00030047,0x00000b78,0x00000000,0x00030047,0x00000b79,0x00000000,0x00030047,
    0x00000b7c,0x00000000,0x00030047,0x00000b7d,0x00000000,0x00030047,0x00000b7e,0x00000000,
    0x00030047,0x00000b81,0x00000000,0x00030047,0x00000b83,0x00000000,0x00030047,0x00000b84,
    0x00000000,0x00030047,0x00000b85,0x00000000,0x00030047,0x00000b86,0x00000000,0x00030047,
    0x00000b88,0x00000000,0x00030047,0x00000b89,0x00000000,0x00030047,0x00000b8c,0x00000000,
    0x00030047,0x00000b8d,0x00000000,0x00030047,0x00000b8e,0x00000000,0x00030047,0x00000b91,
    0x00000000,0x00030047,0x00000b93,0x00000000,0x00030047,0x00000b94,0x00000000,0x00030047,
    0x00000b95,0x00000000,0x00030047,0x00000b96,0x00000000,0x00030047,0x00000b98,0x00000000,
    0x00030047,0x00000b9a,0x00000000,0x00030047,0x00000b9c,0x00000000,0x00030047,0x00000b9d,
    0x00000000,0x00030047,0x00000b9f,0x00000000,0x00030047,0x00000ba0,0x00000000,0x00030047,
    0x00000ba1,0x00000000,0x00030047,0x00000ba3,0x00000000,0x00030047,0x00000ba5,0x00000000,
    0x00030047,0x00000ba7,0x00000000,0x00030047,0x00000ba9,0x00000000,0x00030047,0x00000baa,
    0x00000000,0x00030047,0x00000bab,0x00000000,0x00030047,0x00000bad,0x00000000,0x00030047,
    0x00000baf,0x00000000,0x00030047,0x00000bb1,0x00000000,0x00030047,0x00000bb3,0x00000000,
    0x00030047,0x00000bb4,0x00000000,0x00030047,0x00000bb5,0x00000000,0x00030047,0x00000bb6,
    0x00000000,0x00030047,0x00000bb7,0x00000000,0x00030047,0x00000bb8,0x00000000,0x00030047,
    0x00000bb9,0x00000000,0x00030047,0x00000bba,0x00000000,0x00030047,0x00000bbb,0x00000000,
    0x00030047,0x00000bbc,0x00000000,0x00030047,0x00000bbd,0x00000000,0x00030047,0x00000bbe,
    0x00000000,0x00030047,0x00000bbf,0x00000000,0x00030047,0x00000bc0,0x00000000,0x00030047,
    0x00000bc1,0x00000000,0x00030047,0x00000bc2,0x00000000,0x00030047,0x00000bc4,0x00000000,
    0x00030047,0x00000bc6,0x00000000,0x00030047,0x00000bc7,0x00000000,0x00030047,0x00000bc9,
    0x00000000,0x00030047,0x00000bca,0x00000000,0x00030047,0x00000bcb,0x00000000,0x00030047,
    0x00000bcc,0x00000000,0x00030047,0x00000bcd,0x00000000,0x00030047,0x00000bd0,0x00000000,
    0x00030047,0x00000bd2,0x00000000,0x00030047,0x00000bd3,0x00000000,0x00030047,0x00000bd6,
    0x00000000,0x00030047,0x00000bd7,0x00000000,0x00030047,0x00000bda,0x00000000,0x00030047,
    0x00000bdc,0x00000000,0x00030047,0x00000bdd,0x00000000,0x00030047,0x00000bde,0x00000000,
    0x00030047,0x00000bdf,0x00000000,0x00030047,0x00000be0,0x00000000,0x00030047,0x00000be1,
    0x00000000,0x00030047,0x00000be2,0x00000000,0x00030047,0x00000be3,0x00000000,0x00030047,
    0x00000be4,0x00000000,0x00030047,0x00000be5,0x00000000,0x00030047,0x00000be6,0x00000000,
    0x00030047,0x00000be7,0x00000000,0x00030047,0x00000be8,0x00000000,0x00030047,0x00000bea,
    0x00000000,0x00030047,0x00000bec,0x00000000,0x00030047,0x00000bed,0x00000000,0x00030047,
    0x00000bee,0x00000000,0x00030047,0x00000bf0,0x00000000,0x00030047,0x00000bf2,0x00000000,
    0x00030047,0x00000bf4,0x00000000,0x00030047,0x00000bf6,0x00000000,0x00030047,0x00000bf7,
    0x00000000,0x00030047,0x00000bf8,0x00000000,0x00030047,0x00000bf9,0x00000000,0x00030047,
    0x00000bfa,0x00000000,0x00030047,0x00000bfc,0x00000000,0x00030047,0x00000bfe,0x00000000,
    0x00030047,0x00000bff,0x00000000,0x00030047,0x00000c00,0x00000000,0x00030047,0x00000c02,
    0x00000000,0x00030047,0x00000c04,0x00000000,0x00030047,0x00000c06,0x00000000,0x00030047,
    0x00000c08,0x00000000,0x00030047,0x00000c09,0x00000000,0x00030047,0x00000c0a,0x00000000,
    0x00030047,0x00000c0c,0x00000000,0x00030047,0x00000c0e,0x00000000,0x00030047,0x00000c10,
    0x00000000,0x00030047,0x00000c11,0x00000000,0x00030047,0x00000c12,0x00000000,0x00030047,
    0x00000c14,0x00000000,0x00030047,0x00000c16,0x00000000,0x00030047,0x00000c18,0x00000000,
    0x00030047,0x00000c19,0x00000000,0x00030047,0x00000c1a,0x00000000,0x00030047,0x00000c1c,
    0x00000000,0x00030047,0x00000c1d,0x00000000,0x00030047,0x00000c20,0x00000000,0x00030047,
    0x00000c21,0x00000000,0x00030047,0x00000c22,0x00000000,0x00030047,0x00000c25,0x00000000,
    0x00030047,0x00000c27,0x00000000,0x00030047,0x00000c28,0x00000000,0x00030047,0x00000c29,
    0x00000000,0x00030047,0x00000c2a,0x00000000,0x00030047,0x00000c2c,0x00000000,0x00030047,
    0x00000c2d,0x00000000,0x00030047,0x00000c30,0x00000000,0x00030047,0x00000c31,0x00000000,
    0x00030047,0x00000c32,0x00000000,0x00030047,0x00000c35,0x00000000,0x00030047,0x00000c37,
    0x00000000,0x00030047,0x00000c38,0x00000000,0x00030047,0x00000c39,0x00000000,0x00030047,
    0x00000c3a,0x00000000,0x00030047,0x00000c3c,0x00000000,0x00030047,0x00000c3e,0x00000000,
    0x00030047,0x00000c40,0x00000000,0x00030047,0x00000c41,0x00000000,0x00030047,0x00000c43,
    0x00000000,0x00030047,0x00000c44,0x00000000,0x00030047,0x00000c45,0x00000000,0x00030047,
    0x00000c47,0x00000000,0x00030047,0x00000c49,0x00000000,0x00030047,0x00000c4b,0x00000000,
    0x00030047,0x00000c4d,0x00000000,0x00030047,0x00000c4e,0x00000000,0x00030047,0x00000c4f,
    0x00000000,0x00030047,0x00000c51,0x00000000,0x00030047,0x00000c53,0x00000000,0x00030047,
    0x00000c55,0x00000000,0x00030047,0x00000c57,0x00000000,0x00030047,0x00000c59,0x00000000,
    0x00030047,0x00000c5a,0x00000000,0x00030047,0x00000c5b,0x00000000,0x00030047,0x00000c5d,
    0x00000000,0x00030047,0x00000c5f,0x00000000,0x00030047,0x00000c60,0x00000000,0x00030047,
    0x00000c61,0x00000000,0x00030047,0x00000c63,0x00000000,0x00030047,0x00000c65,0x00000000,
    0x00030047,0x00000c67,0x00000000,0x00030047,0x00000c68,0x00000000,0x00030047,0x00000c6a,
    0x00000000,0x00030047,0x00000c6b,0x00000000,0x00030047,0x00000c6c,0x00000000,0x00030047,
    0x00000c6d,0x00000000,0x00030047,0x00000c73,0x00000000,0x00030047,0x00000c76,0x00000000,
    0x00030047,0x00000c78,0x00000000,0x00030047,0x00000c79,0x00000000,0x00030047,0x00000c7b,
    0x00000000,0x00030047,0x00000c7c,0x00000000,0x00030047,0x00000c7f,0x00000000,0x00030047,
    0x00000c80,0x00000000,0x00030047,0x00000c81,0x00000000,0x00030047,0x00000c84,0x00000000,
    0x00030047,0x00000c86,0x00000000,0x00030047,0x00000c87,0x00000000,0x00030047,0x00000c88,
    0x00000000,0x00030047,0x00000c89,0x00000000,0x00030047,0x00000c8b,0x00000000,0x00030047,
    0x00000c8c,0x00000000,0x00030047,0x00000c8f,0x00000000,0x00030047,0x00000c90,0x00000000,
    0x00030047,0x00000c91,0x00000000,0x00030047,0x00000c94,0x00000000,0x00030047,0x00000c96,
    0x00000000,0x00030047,0x00000c97,0x00000000,0x00030047,0x00000c98,0x00000000,0x00030047,
    0x00000c99,0x00000000,0x00030047,0x00000c9b,0x00000000,0x00030047,0x00000c9c,0x00000000,
    0x00030047,0x00000c9f,0x00000000,0x00030047,0x00000ca0,0x00000000,0x00030047,0x00000ca1,
    0x00000000,0x00030047,0x00000ca4,0x00000000,0x00030047,0x00000ca6,0x00000000,0x00030047,
    0x00000ca7,0x00000000,0x00030047,0x00000ca8,0x00000000,0x00030047,0x00000ca9,0x00000000,
    0x00030047,0x00000cab,0x00000000,0x00030047,0x00000cac,0x00000000,0x00030047,0x00000caf,
    0x00000000,0x00030047,0x00000cb0,0x00000000,0x00030047,0x00000cb1,0x00000000,0x00030047,
    0x00000cb4,0x00000000,0x00030047,0x00000cb6,0x00000000,0x00030047,0x00000cb7,0x00000000,
    0x00030047,0x00000cb8,0x00000000,0x00030047,0x00000cb9,0x00000000,0x00030047,0x00000cba,
    0x00000000,0x00030047,0x00000cbb,0x00000000,0x00030047,0x00000cbc,0x00000000,0x00030047,
    0x00000cbd,0x00000000,0x00030047,0x00000cbe,0x00000000,0x00030047,0x00000cbf,0x00000000,
    0x00030047,0x00000cc0,0x00000000,0x00030047,0x00000cc1,0x00000000,0x00030047,0x00000cc2,
    0x00000000,0x00030047,0x00000cc3,0x00000000,0x00030047,0x00000cc4,0x00000000,0x00030047,
    0x00000cc5,0x00000000,0x00030047,0x00000cc6,0x00000000,0x00030047,0x00000cc8,0x00000000,
    0x00030047,0x00000cca,0x00000000,0x00030047,0x00000ccb,0x00000000,0x00030047,0x00000ccd,
    0x00000000,0x00030047,0x00000cce,0x00000000,0x00030047,0x00000ccf,0x00000000,0x00030047,
    0x00000cd0,0x00000000,0x00030047,0x00000cd1,0x00000000,0x00030047,0x00000cd4,0x00000000,
    0x00030047,0x00000cd6,0x00000000,0x00030047,0x00000cd7,0x00000000,0x00030047,0x00000cda,
    0x00000000,0x00030047,0x00000cdb,0x00000000,0x00030047,0x00000cde,0x00000000,0x00030047,
    0x00000ce0,0x00000000,0x00030047,0x00000ce1,0x00000000,0x00030047,0x00000ce2,0x00000000,
    0x00030047,0x00000ce3,0x00000000,0x00030047,0x00000ce4,0x00000000,0x00030047,0x00000ce5,
    0x00000000,0x00030047,0x00000ce6,0x00000000,0x00030047,0x00000ce7,0x00000000,0x00030047,
    0x00000ce8,0x00000000,0x00030047,0x00000ce9,0x00000000,0x00030047,0x00000cea,0x00000000,
    0x00030047,0x00000ceb,0x00000000,0x00030047,0x00000cec,0x00000000,0x00030047,0x00000cee,
    0x00000000,0x00030047,0x00000cf0,0x00000000,0x00030047,0x00000cf1,0x00000000,0x00030047,
    0x00000cf2,0x00000000,0x00030047,0x00000cf4,0x00000000,0x00030047,0x00000cf6,0x00000000,
    0x00030047,0x00000cf8,0x00000000,0x00030047,0x00000cfa,0x00000000,0x00030047,0x00000cfb,
    0x00000000,0x00030047,0x00000cfc,0x00000000,0x00030047,0x00000cfd,0x00000000,0x00030047,
    0x00000cfe,0x00000000,0x00030047,0x00000d00,0x00000000,0x00030047,0x00000d02,0x00000000,
    0x00030047,0x00000d03,0x00000000,0x00030047,0x00000d04,0x00000000,0x00030047,0x00000d06,
    0x00000000,0x00030047,0x00000d08,0x00000000,0x00030047,0x00000d0a,0x00000000,0x00030047,
    0x00000d0c,0x00000000,0x00030047,0x00000d0d,0x00000000,0x00030047,0x00000d0e,0x00000000,
    0x00030047,0x00000d10,0x00000000,0x00030047,0x00000d12,0x00000000,0x00030047,0x00000d14,
    0x00000000,0x00030047,0x00000d15,0x00000000,0x00030047,0x00000d16,0x00000000,0x00030047,
    0x00000d18,0x00000000,0x00030047,0x00000d1a,0x00000000,0x00030047,0x00000d1c,0x00000000,
    0x00030047,0x00000d1d,0x00000000,0x00030047,0x00000d1e,0x00000000,0x00030047,0x00000d20,
    0x00000000,0x00030047,0x00000d21,0x00000000,0x00030047,0x00000d24,0x00000000,0x00030047,
    0x00000d25,0x00000000,0x00030047,0x00000d26,0x00000000,0x00030047,0x00000d29,0x00000000,
    0x00030047,0x00000d2b,0x00000000,0x00030047,0x00000d2c,0x00000000,0x00030047,0x00000d2d,
    0x00000000,0x00030047,0x00000d2e,0x00000000,0x00030047,0x00000d30,0x00000000,0x00030047,
    0x00000d31,0x00000000,0x00030047,0x00000d34,0x00000000,0x00030047,0x00000d35,0x00000000,
    0x00030047,0x00000d36,0x00000000,0x00030047,0x00000d39,0x00000000,0x00030047,0x00000d3b,
    0x00000000,0x00030047,0x00000d3c,0x00000000,0x00030047,0x00000d3d,0x00000000,0x00030047,
    0x00000d3e,0x00000000,0x00030047,0x00000d40,0x00000000,0x00030047,0x00000d42,0x00000000,
    0x00030047,0x00000d44,0x00000000,0x00030047,0x00000d45,0x00000000,0x00030047,0x00000d47,
    0x00000000,0x00030047,0x00000d48,0x00000000,0x00030047,0x00000d49,0x00000000,0x00030047,
    0x00000d4b,0x00000000,0x00030047,0x00000d4d,0x00000000,0x00030047,0x00000d4f,0x00000000,
    0x00030047,0x00000d51,0x00000000,0x00030047,0x00000d52,0x00000000,0x00030047,0x00000d53,
    0x00000000,0x00030047,0x00000d55,0x00000000,0x00030047,0x00000d57,0x00000000,0x00030047,
    0x00000d59,0x00000000,0x00030047,0x00000d5b,0x00000000,0x00030047,0x00000d5d,0x00000000,
    0x00030047,0x00000d5e,0x00000000,0x00030047,0x00000d5f,0x00000000,0x00030047,0x00000d61,
    0x00000000,0x00030047,0x00000d63,0x00000000,0x00030047,0x00000d64,0x00000000,0x00030047,
    0x00000d65,0x00000000,0x00030047,0x00000d67,0x00000000,0x00030047,0x00000d69,0x00000000,
    0x00030047,0x00000d6b,0x00000000,0x00030047,0x00000d6c,0x00000000,0x00030047,0x00000d6e,
    0x00000000,0x00030047,0x00000d6f,0x00000000,0x00030047,0x00000d70,0x00000000,0x00030047,
    0x00000d71,0x00000000,0x00030047,0x00000d77,0x00000000,0x00030047,0x00000d7a,0x00000000,
    0x00030047,0x00000d7c,0x00000000,0x00030047,0x00000d7d,0x00000000,0x00030047,0x00000d7f,
    0x00000000,0x00030047,0x00000d80,0x00000000,0x00030047,0x00000d83,0x00000000,0x00030047,
    0x00000d84,0x00000000,0x00030047,0x00000d85,0x00000000,0x00030047,0x00000d88,0x00000000,
    0x00030047,0x00000d8a,0x00000000,0x00030047,0x00000d8b,0x00000000,0x00030047,0x00000d8c,
    0x00000000,0x00030047,0x00000d8d,0x00000000,0x00030047,0x00000d8f,0x00000000,0x00030047,
    0x00000d90,0x00000000,0x00030047,0x00000d93,0x00000000,0x00030047,0x00000d94,0x00000000,
    0x00030047,0x00000d95,0x00000000,0x00030047,0x00000d98,0x00000000,0x00030047,0x00000d9a,
    0x00000000,0x00030047,0x00000d9b,0x00000000,0x00030047,0x00000d9c,0x00000000,0x00030047,
    0x00000d9d,0x00000000,0x00030047,0x00000d9f,0x00000000,0x00030047,0x00000da0,0x00000000,
    0x00030047,0x00000da3,0x00000000,0x00030047,0x00000da4,0x00000000,0x00030047,0x00000da5,
    0x00000000,0x00030047,0x00000da8,0x00000000,0x00030047,0x00000daa,0x00000000,0x00030047,
    0x00000dab,0x00000000,0x00030047,0x00000dac,0x00000000,0x00030047,0x00000dad,0x00000000,
    0x00030047,0x00000daf,0x00000000,0x00030047,0x00000db0,0x00000000,0x00030047,0x00000db3,
    0x00000000,0x00030047,0x00000db4,0x00000000,0x00030047,0x00000db5,0x00000000,0x00030047,
    0x00000db8,0x00000000,0x00030047,0x00000dba,0x00000000,0x00030047,0x00000dbb,0x00000000,
    0x00030047,0x00000dbc,0x00000000,0x00030047,0x00000dbd,0x00000000,0x00030047,0x00000dbe,
    0x00000000,0x00030047,0x00000dbf,0x00000000,0x00030047,0x00000dc0,0x00000000,0x00030047,
    0x00000dc1,0x00000000,0x00030047,0x00000dc2,0x00000000,0x00030047,0x00000dc3,0x00000000,
    0x00030047,0x00000dc4,0x00000000,0x00030047,0x00000dc5,0x00000000,0x00030047,0x00000dc6,
    0x00000000,0x00030047,0x00000dc7,0x00000000,0x00030047,0x00000dc8,0x00000000,0x00030047,
    0x00000dc9,0x00000000,0x00030047,0x00000dca,0x00000000,0x00030047,0x00000dcc,0x00000000,
    0x00030047,0x00000dce,0x00000000,0x00030047,0x00000dcf,0x00000000,0x00030047,0x00000dd1,
    0x00000000,0x00030047,0x00000dd2,0x00000000,0x00030047,0x00000dd3,0x00000000,0x00030047,
    0x00000dd4,0x00000000,0x00030047,0x00000dd5,0x00000000,0x00030047,0x00000dd8,0x00000000,
    0x00030047,0x00000dda,0x00000000,0x00030047,0x00000ddb,0x00000000,0x00030047,0x00000dde,
    0x00000000,0x00030047,0x00000ddf,0x00000000,0x00030047,0x00000de2,0x00000000,0x00030047,
    0x00000de4,0x00000000,0x00030047,0x00000de5,0x00000000,0x00030047,0x00000de6,0x00000000,
    0x00030047,0x00000de7,0x00000000,0x00030047,0x00000de8,0x00000000,0x00030047,0x00000de9,
    0x00000000,0x00030047,0x00000dea,0x00000000,0x00030047,0x00000deb,0x00000000,0x00030047,
    0x00000dec,0x00000000,0x00030047,0x00000ded,0x00000000,0x00030047,0x00000dee,0x00000000,
    0x00030047,0x00000def,0x00000000,0x00030047,0x00000df0,0x00000000,0x00030047,0x00000df2,
    0x00000000,0x00030047,0x00000df4,0x00000000,0x00030047,0x00000df5,0x00000000,0x00030047,
    0x00000df6,0x00000000,0x00030047,0x00000df8,0x00000000,0x00030047,0x00000dfa,0x00000000,
    0x00030047,0x00000dfc,0x00000000,0x00030047,0x00000dfe,0x00000000,0x00030047,0x00000dff,
    0x00000000,0x00030047,0x00000e00,0x00000000,0x00030047,0x00000e01,0x00000000,0x00030047,
    0x00000e02,0x00000000,0x00030047,0x00000e04,0x00000000,0x00030047,0x00000e06,0x00000000,
    0x00030047,0x00000e07,0x00000000,0x00030047,0x00000e08,0x00000000,0x00030047,0x00000e0a,
    0x00000000,0x00030047,0x00000e0c,0x00000000,0x00030047,0x00000e0e,0x00000000,0x00030047,
    0x00000e10,0x00000000,0x00030047,0x00000e11,0x00000000,0x00030047,0x00000e12,0x00000000,
    0x00030047,0x00000e14,0x00000000,0x00030047,0x00000e16,0x00000000,0x00030047,0x00000e18,
    0x00000000,0x00030047,0x00000e19,0x00000000,0x00030047,0x00000e1a,0x00000000,0x00030047,
    0x00000e1c,0x00000000,0x00030047,0x00000e1e,0x00000000,0x00030047,0x00000e20,0x00000000,
    0x00030047,0x00000e21,0x00000000,0x00030047,0x00000e22,0x00000000,0x00030047,0x00000e24,
    0x00000000,0x00030047,0x00000e25,0x00000000,0x00030047,0x00000e28,0x00000000,0x00030047,
    0x00000e29,0x00000000,0x00030047,0x00000e2a,0x00000000,0x00030047,0x00000e2d,0x00000000,
    0x00030047,0x00000e2f,0x00000000,0x00030047,0x00000e30,0x00000000,0x00030047,0x00000e31,
    0x00000000,0x00030047,0x00000e32,0x00000000,0x00030047,0x00000e34,0x00000000,0x00030047,
    0x00000e35,0x00000000,0x00030047,0x00000e38,0x00000000,0x00030047,0x00000e39,0x00000000,
    0x00030047,0x00000e3a,0x00000000,0x00030047,0x00000e3d,0x00000000,0x00030047,0x00000e3f,
    0x00000000,0x00030047,0x00000e40,0x00000000,0x00030047,0x00000e41,0x00000000,0x00030047,
    0x00000e42,0x00000000,0x00030047,0x00000e44,0x00000000,0x00030047,0x00000e46,0x00000000,
    0x00030047,0x00000e48,0x00000000,0x00030047,0x00000e49,0x00000000,0x00030047,0x00000e4b,
    0x00000000,0x00030047,0x00000e4c,0x00000000,0x00030047,0x00000e4d,0x00000000,0x00030047,
    0x00000e4f,0x00000000,0x00030047,0x00000e51,0x00000000,0x00030047,0x00000e53,0x00000000,
    0x00030047,0x00000e55,0x00000000,0x00030047,0x00000e56,0x00000000,0x00030047,0x00000e57,
    0x00000000,0x00030047,0x00000e59,0x00000000,0x00030047,0x00000e5b,0x00000000,0x00030047,
    0x00000e5d,0x00000000,0x00030047,0x00000e5f,0x00000000,0x00030047,0x00000e60,0x00000000,
    0x00030047,0x00000e61,0x00000000,0x00030047,0x00000e63,0x00000000,0x00030047,0x00000e65,
    0x00000000,0x00030047,0x00000e67,0x00000000,0x00030047,0x00000e69,0x00000000,0x00030047,
    0x00000e6a,0x00000000,0x00030047,0x00000e6b,0x00000000,0x00030047,0x00000e6d,0x00000000,
    0x00030047,0x00000e6f,0x00000000,0x00030047,0x00000e71,0x00000000,0x00030047,0x00000e73,
    0x00000000,0x00030047,0x00000e74,0x00000000,0x00030047,0x00000e75,0x00000000,0x00030047,
    0x00000e77,0x00000000,0x00030047,0x00000e79,0x00000000,0x00030047,0x00000e7b,0x00000000,
    0x00030047,0x00000e7d,0x00000000,0x00030047,0x00000e7e,0x00000000,0x00030047,0x00000e7f,
    0x00000000,0x00030047,0x00000e81,0x00000000,0x00030047,0x00000e83,0x00000000,0x00030047,
    0x00000e85,0x00000000,0x00030047,0x00000e87,0x00000000,0x00030047,0x00000e88,0x00000000,
    0x00030047,0x00000e89,0x00000000,0x00030047,0x00000e8b,0x00000000,0x00030047,0x00000e8d,
    0x00000000,0x00030047,0x00000e8f,0x00000000,0x00030047,0x00000e91,0x00000000,0x00030047,
    0x00000e92,0x00000000,0x00030047,0x00000e93,0x00000000,0x00030047,0x00000e95,0x00000000,
    0x00030047,0x00000e97,0x00000000,0x00030047,0x00000e99,0x00000000,0x00030047,0x00000e9b,
    0x00000000,0x00030047,0x00000e9c,0x00000000,0x00030047,0x00000e9d,0x00000000,0x00030047,
    0x00000e9f,0x00000000,0x00030047,0x00000ea1,0x00000000,0x00030047,0x00000ea3,0x00000000,
    0x00030047,0x00000ea5,0x00000000,0x00030047,0x00000ea6,0x00000000,0x00030047,0x00000ea7,
    0x00000000,0x00030047,0x00000ea9,0x00000000,0x00030047,0x00000eab,0x00000000,0x00030047,
    0x00000ead,0x00000000,0x00030047,0x00000eaf,0x00000000,0x00030047,0x00000eb0,0x00000000,
    0x00030047,0x00000eb1,0x00000000,0x00030047,0x00000eb3,0x00000000,0x00030047,0x00000eb5,
    0x00000000,0x00030047,0x00000eb7,0x00000000,0x00030047,0x00000eb9,0x00000000,0x00030047,
    0x00000eba,0x00000000,0x00030047,0x00000ebb,0x00000000,0x00030047,0x00000ebd,0x00000000,
    0x00030047,0x00000ebf,0x00000000,0x00030047,0x00000ec1,0x00000000,0x00030047,0x00000ec3,
    0x00000000,0x00030047,0x00000ec4,0x00000000,0x00030047,0x00000ec5,0x00000000,0x00030047,
    0x00000ec7,0x00000000,0x00030047,0x00000ec9,0x00000000,0x00030047,0x00000ecb,0x00000000,
    0x00030047,0x00000ecd,0x00000000,0x00030047,0x00000ece,0x00000000,0x00030047,0x00000ecf,
    0x00000000,0x00030047,0x00000ed1,0x00000000,0x00030047,0x00000ed8,0x00000000,0x00030047,
    0x00000eda,0x00000000,0x00030047,0x00000edb,0x00000000,0x00030047,0x00000edc,0x00000000,
    0x00030047,0x00000ede,0x00000000,0x00030047,0x00000ee0,0x00000000,0x00030047,0x00000ee2,
    0x00000000,0x00030047,0x00000ee4,0x00000000,0x00030047,0x00000ee6,0x00000000,0x00020013,
    0x00000002,0x00030021,0x00000003,0x00000002,0x00040015,0x00000006,0x00000020,0x00000000,
    0x00040020,0x00000007,0x00000007,0x00000006,0x00030016,0x00000008,0x00000020,0x00040015,
    0x0000000d,0x00000020,0x00000001,0x00040020,0x0000000e,0x00000007,0x0000000d,0x00040017,
    0x00000013,0x00000008,0x00000004,0x00040020,0x00000014,0x00000007,0x00000013,0x00040020,
    0x00000019,0x00000007,0x00000008,0x00040017,0x00000022,0x00000008,0x00000002,0x00040017,
    0x0000002c,0x00000008,0x00000003,0x00040020,0x0000003e,0x00000007,0x0000002c,0x00040020,
    0x0000004c,0x00000007,0x00000022,0x00020014,0x0000006a,0x00040017,0x00000081,0x00000006,
    0x00000002,0x00040020,0x00000082,0x00000007,0x00000081,0x0004002b,0x00000006,0x000000de,
    0x00000000,0x0004002b,0x00000006,0x000000e1,0x00000001,0x0004002b,0x00000006,0x000000f4,
    0x00000002,0x0004002b,0x00000006,0x0000010b,0x00000003,0x0004002b,0x00000008,0x0000012d,
    0x00000000,0x0004002b,0x00000008,0x00000132,0x3f800000,0x0004002b,0x00000008,0x0000016b,
    0x3d897143,0x0004002b,0x00000008,0x0000016f,0x3bbf4590,0x0004002b,0x00000008,0x00000176,
    0x4253ee82,0x00030030,0x0000006a,0x00000181,0x0004002b,0x00000008,0x00000197,0xbfc00000,
    0x00090019,0x000001ad,0x00000008,0x00000001,0x00000000,0x00000000,0x00000000,0x00000001,
    0x00000000,0x00040020,0x000001ae,0x00000000,0x000001ad,0x0004003b,0x000001ae,0x000001af,
    0x00000000,0x0002001a,0x000001b1,0x00040020,0x000001b2,0x00000000,0x000001b1,0x0004003b,
    0x000001b2,0x000001b3,0x00000000,0x0003001b,0x000001b5,0x000001ad,0x0004002b,0x00000008,
    0x000001bf,0x447a0000,0x0004002b,0x00000008,0x000001c7,0x3e800000,0x0004002b,0x00000008,
    0x000001cd,0xc0000000,0x0004002b,0x00000008,0x000001d3,0x3f19319f,0x0004002b,0x00000008,
    0x000001d8,0x3e55e621,0x0004002b,0x00000008,0x000001d9,0x3f206c99,0x0004002b,0x00000008,
    0x000001da,0x3f85afd5,0x0004002b,0x00000008,0x000001db,0x3fbb295d,0x0004002b,0x00000008,
    0x00000218,0x40a311dd,0x0004002b,0x00000008,0x0000021a,0xc02311dd,0x0004002b,0x00000008,
    0x00000235,0x40400000,0x0004002b,0x00000008,0x0000025b,0x388205ff,0x0004002b,0x00000006,
    0x00000263,0x00000005,0x0004002b,0x00000006,0x0000026b,0x0000000a,0x0004002b,0x00000006,
    0x00000270,0x0000001c,0x0004002b,0x0000000d,0x00000276,0x00000002,0x0004002b,0x00000006,
    0x00000289,0x0007ffff,0x0004002b,0x00000006,0x0000028b,0x00040000,0x0004002b,0x00000008,
    0x00000290,0x3a800000,0x0004002b,0x00000008,0x00000295,0x44800000,0x0004002b,0x00000008,
    0x00000297,0x3f000000,0x0004002b,0x00000008,0x0000029f,0x3e99999a,0x0004002b,0x00000008,
    0x000002a0,0x3f170a3d,0x0004002b,0x00000008,0x000002a1,0x3de147ae,0x0004002b,0x00000008,
    0x00000320,0x40000000,0x00040017,0x0000032c,0x0000006a,0x00000003,0x0004002b,0x0000000d,
    0x000003a9,0x00000000,0x0004002b,0x0000000d,0x000003b0,0x00000003,0x0004002b,0x00000008,
    0x000003c6,0x41800000,0x0004002b,0x00000008,0x000003cb,0x41400000,0x0004002b,0x0000000d,
    0x000003dc,0x00000001,0x00030030,0x0000006a,0x000003f7,0x0004002b,0x00000008,0x00000461,
    0xbf800000,0x0004002b,0x00000008,0x0000047f,0x3f7f8000,0x0004002b,0x00000008,0x00000484,
    0x3b000000,0x0004003b,0x000001ae,0x0000048e,0x00000000,0x0004003b,0x000001b2,0x00000490,
    0x00000000,0x0004003b,0x000001ae,0x000004b0,0x00000000,0x0004003b,0x000001b2,0x000004b2,
    0x00000000,0x00030030,0x0000006a,0x000004d1,0x0003001d,0x0000050f,0x00000006,0x0003001e,
    0x00000510,0x0000050f,0x00040020,0x00000511,0x00000002,0x00000510,0x0004003b,0x00000511,
    0x00000512,0x00000002,0x00040020,0x00000514,0x00000002,0x00000006,0x0007001e,0x00000517,
    0x00000006,0x00000008,0x00000008,0x00000008,0x00000008,0x00040020,0x00000518,0x00000002,
    0x00000517,0x0004003b,0x00000518,0x00000519,0x00000002,0x0004002b,0x00000006,0x0000052b,
    0x00080000,0x00040017,0x000005b2,0x0000000d,0x00000002,0x00040020,0x000005b3,0x00000007,
    0x000005b2,0x00040020,0x000005b5,0x00000001,0x00000013,0x0004003b,0x000005b5,0x000005b6,
    0x00000001,0x0004003b,0x000005b5,0x000005bc,0x00000001,0x00090019,0x000005c2,0x00000008,
    0x00000006,0x00000000,0x00000000,0x00000000,0x00000002,0x00000000,0x00040020,0x000005c3,
    0x00000000,0x000005c2,0x0004003b,0x000005c3,0x000005c4,0x00000000,0x0005002c,0x000005b2,
    0x000005c6,0x000003a9,0x000003a9,0x0004003b,0x000005b5,0x000005c9,0x00000001,0x00040020,
    0x000005ce,0x00000001,0x00000022,0x0004003b,0x000005ce,0x000005cf,0x00000001,0x00040020,
    0x000005d7,0x00000002,0x00000008,0x00040020,0x000005e0,0x00000001,0x00000081,0x0004003b,
    0x000005e0,0x000005e1,0x00000001,0x00040020,0x000005e2,0x00000001,0x00000006,0x00030030,
    0x0000006a,0x000005f0,0x0004003b,0x000005b5,0x000005f4,0x00000001,0x00030030,0x0000006a,
    0x000005fd,0x0004003b,0x000005ce,0x00000600,0x00000001,0x00040020,0x00000601,0x00000001,
    0x00000008,0x0004003b,0x000005c3,0x00000609,0x00000000,0x00040020,0x0000064d,0x00000007,
    0x0000006a,0x0004003b,0x00000601,0x0000065d,0x00000001,0x00090019,0x0000067f,0x00000008,
    0x00000001,0x00000000,0x00000000,0x00000000,0x00000002,0x0000000b,0x00040020,0x00000680,
    0x00000000,0x0000067f,0x0004003b,0x00000680,0x00000681,0x00000000,0x0004002b,0x00000006,
    0x00000688,0x00000d48,0x00040020,0x000006af,0x00000003,0x00000013,0x0004003b,0x000006af,
    0x000006b0,0x00000003,0x0004003b,0x000006af,0x000006b3,0x00000003,0x0004003b,0x00000601,
    0x000006be,0x00000001,0x0007002c,0x00000013,0x000006bf,0x0000021a,0x0000021a,0x0000021a,
    0x0000021a,0x0006002c,0x0000002c,0x000006c0,0x00000132,0x00000132,0x00000132,0x0006002c,
    0x0000002c,0x000006c1,0x00000297,0x00000297,0x00000297,0x0004002b,0x00000006,0x00000ee7,
    0x00000004,0x00050036,0x00000002,0x00000004,0x00000000,0x00000003,0x000200f8,0x00000005,
    0x0004003b,0x00000014,0x00000edb,0x00000007,0x0004003b,0x00000014,0x00000edc,0x00000007,
    0x0004003b,0x00000014,0x00000ece,0x00000007,0x0004003b,0x00000014,0x00000ecf,0x00000007,
    0x0004003b,0x0000003e,0x00000ec4,0x00000007,0x0004003b,0x0000003e,0x00000ec5,0x00000007,
    0x0004003b,0x0000003e,0x00000eba,0x00000007,0x0004003b,0x0000003e,0x00000ebb,0x00000007,
    0x0004003b,0x0000003e,0x00000eb0,0x00000007,0x0004003b,0x0000003e,0x00000eb1,0x00000007,
    0x0004003b,0x0000003e,0x00000ea6,0x00000007,0x0004003b,0x0000003e,0x00000ea7,0x00000007,
    0x0004003b,0x0000003e,0x00000e9c,0x00000007,0x0004003b,0x0000003e,0x00000e9d,0x00000007,
    0x0004003b,0x0000003e,0x00000e92,0x00000007,0x0004003b,0x0000003e,0x00000e93,0x00000007,
    0x0004003b,0x0000003e,0x00000e88,0x00000007,0x0004003b,0x0000003e,0x00000e89,0x00000007,
    0x0004003b,0x0000003e,0x00000e7e,0x00000007,0x0004003b,0x0000003e,0x00000e7f,0x00000007,
    0x0004003b,0x0000003e,0x00000e74,0x00000007,0x0004003b,0x0000003e,0x00000e75,0x00000007,
    0x0004003b,0x0000003e,0x00000e6a,0x00000007,0x0004003b,0x0000003e,0x00000e6b,0x00000007,
    0x0004003b,0x0000003e,0x00000e60,0x00000007,0x0004003b,0x0000003e,0x00000e61,0x00000007,
    0x0004003b,0x0000003e,0x00000e56,0x00000007,0x0004003b,0x0000003e,0x00000e57,0x00000007,
    0x0004003b,0x0000003e,0x00000e4c,0x00000007,0x0004003b,0x0000003e,0x00000e4d,0x00000007,
    0x0004003b,0x00000019,0x00000e49,0x00000007,0x0004003b,0x0000004c,0x00000e41,0x00000007,
    0x0004003b,0x0000004c,0x00000e42,0x00000007,0x0004003b,0x00000019,0x00000e3a,0x00000007,
    0x0004003b,0x0000004c,0x00000e31,0x00000007,0x0004003b,0x00000019,0x00000e32,0x00000007,
    0x0004003b,0x00000019,0x00000e2a,0x00000007,0x0004003b,0x0000004c,0x00000e21,0x00000007,
    0x0004003b,0x00000019,0x00000e22,0x00000007,0x0004003b,0x0000004c,0x00000e19,0x00000007,
    0x0004003b,0x0000004c,0x00000e1a,0x00000007,0x0004003b,0x0000004c,0x00000e11,0x00000007,
    0x0004003b,0x0000004c,0x00000e12,0x00000007,0x0004003b,0x0000003e,0x00000e07,0x00000007,
    0x0004003b,0x0000003e,0x00000e08,0x00000007,0x0004003b,0x00000019,0x00000dff,0x00000007,
    0x0004003b,0x00000019,0x00000e00,0x00000007,0x0004003b,0x00000019,0x00000e01,0x00000007,
    0x0004003b,0x00000019,0x00000e02,0x00000007,0x0004003b,0x0000003e,0x00000df5,0x00000007,
    0x0004003b,0x0000003e,0x00000df6,0x00000007,0x0004003b,0x00000019,0x00000ded,0x00000007,
    0x0004003b,0x00000019,0x00000dee,0x00000007,0x0004003b,0x00000019,0x00000def,0x00000007,
    0x0004003b,0x00000019,0x00000df0,0x00000007,0x0004003b,0x00000019,0x00000dbc,0x00000007,
    0x0004003b,0x0000003e,0x00000dbd,0x00000007,0x0004003b,0x0000003e,0x00000dbe,0x00000007,
    0x0004003b,0x0000003e,0x00000dbf,0x00000007,0x0004003b,0x0000004c,0x00000dc0,0x00000007,
    0x0004003b,0x00000019,0x00000dc1,0x00000007,0x0004003b,0x00000019,0x00000dc2,0x00000007,
    0x0004003b,0x00000019,0x00000dc3,0x00000007,0x0004003b,0x0000003e,0x00000dc4,0x00000007,
    0x0004003b,0x0000003e,0x00000dc5,0x00000007,0x0004003b,0x00000019,0x00000dc6,0x00000007,
    0x0004003b,0x00000019,0x00000dc7,0x00000007,0x0004003b,0x00000019,0x00000dc8,0x00000007,
    0x0004003b,0x00000019,0x00000dc9,0x00000007,0x0004003b,0x0000003e,0x00000dca,0x00000007,
    0x0004003b,0x00000019,0x00000db5,0x00000007,0x0004003b,0x0000004c,0x00000dac,0x00000007,
    0x0004003b,0x00000019,0x00000dad,0x00000007,0x0004003b,0x00000019,0x00000da5,0x00000007,
    0x0004003b,0x0000004c,0x00000d9c,0x00000007,0x0004003b,0x00000019,0x00000d9d,0x00000007,
    0x0004003b,0x00000019,0x00000d95,0x00000007,0x0004003b,0x0000004c,0x00000d8c,0x00000007,
    0x0004003b,0x00000019,0x00000d8d,0x00000007,0x0004003b,0x00000019,0x00000d85,0x00000007,
    0x0004003b,0x0000004c,0x00000d7c,0x00000007,0x0004003b,0x00000019,0x00000d7d,0x00000007,
    0x0004003b,0x00000019,0x00000d5c,0x00000007,0x0004003b,0x0000003e,0x00000d5d,0x00000007,
    0x0004003b,0x0000003e,0x00000d5e,0x00000007,0x0004003b,0x0000003e,0x00000d5f,0x00000007,
    0x0004003b,0x00000019,0x00000d60,0x00000007,0x0004003b,0x0000003e,0x00000d61,0x00000007,
    0x0004003b,0x00000019,0x00000d62,0x00000007,0x0004003b,0x0000003e,0x00000d63,0x00000007,
    0x0004003b,0x0000003e,0x00000d64,0x00000007,0x0004003b,0x0000003e,0x00000d65,0x00000007,
    0x0004003b,0x0000003e,0x00000d52,0x00000007,0x0004003b,0x0000003e,0x00000d53,0x00000007,
    0x0004003b,0x0000003e,0x00000d48,0x00000007,0x0004003b,0x0000003e,0x00000d49,0x00000007,
    0x0004003b,0x00000019,0x00000d45,0x00000007,0x0004003b,0x0000004c,0x00000d3d,0x00000007,
    0x0004003b,0x0000004c,0x00000d3e,0x00000007,0x0004003b,0x00000019,0x00000d36,0x00000007,
    0x0004003b,0x0000004c,0x00000d2d,0x00000007,0x0004003b,0x00000019,0x00000d2e,0x00000007,
    0x0004003b,0x00000019,0x00000d26,0x00000007,0x0004003b,0x0000004c,0x00000d1d,0x00000007,
    0x0004003b,0x00000019,0x00000d1e,0x00000007,0x0004003b,0x0000004c,0x00000d15,0x00000007,
    0x0004003b,0x0000004c,0x00000d16,0x00000007,0x0004003b,0x0000004c,0x00000d0d,0x00000007,
    0x0004003b,0x0000004c,0x00000d0e,0x00000007,0x0004003b,0x0000003e,0x00000d03,0x00000007,
    0x0004003b,0x0000003e,0x00000d04,0x00000007,0x0004003b,0x00000019,0x00000cfb,0x00000007,
    0x0004003b,0x00000019,0x00000cfc,0x00000007,0x0004003b,0x00000019,0x00000cfd,0x00000007,
    0x0004003b,0x00000019,0x00000cfe,0x00000007,0x0004003b,0x0000003e,0x00000cf1,0x00000007,
    0x0004003b,0x0000003e,0x00000cf2,0x00000007,0x0004003b,0x00000019,0x00000ce9,0x00000007,
    0x0004003b,0x00000019,0x00000cea,0x00000007,0x0004003b,0x00000019,0x00000ceb,0x00000007,
    0x0004003b,0x00000019,0x00000cec,0x00000007,0x0004003b,0x00000019,0x00000cb8,0x00000007,
    0x0004003b,0x0000003e,0x00000cb9,0x00000007,0x0004003b,0x0000003e,0x00000cba,0x00000007,
    0x0004003b,0x0000003e,0x00000cbb,0x00000007,0x0004003b,0x0000004c,0x00000cbc,0x00000007,
    0x0004003b,0x00000019,0x00000cbd,0x00000007,0x0004003b,0x00000019,0x00000cbe,0x00000007,
    0x0004003b,0x00000019,0x00000cbf,0x00000007,0x0004003b,0x0000003e,0x00000cc0,0x00000007,
    0x0004003b,0x0000003e,0x00000cc1,0x00000007,0x0004003b,0x00000019,0x00000cc2,0x00000007,
    0x0004003b,0x00000019,0x00000cc3,0x00000007,0x0004003b,0x00000019,0x00000cc4,0x00000007,
    0x0004003b,0x00000019,0x00000cc5,0x00000007,0x0004003b,0x0000003e,0x00000cc6,0x00000007,
    0x0004003b,0x00000019,0x00000cb1,0x00000007,0x0004003b,0x0000004c,0x00000ca8,0x00000007,
    0x0004003b,0x00000019,0x00000ca9,0x00000007,0x0004003b,0x00000019,0x00000ca1,0x00000007,
    0x0004003b,0x0000004c,0x00000c98,0x00000007,0x0004003b,0x00000019,0x00000c99,0x00000007,
    0x0004003b,0x00000019,0x00000c91,0x00000007,0x0004003b,0x0000004c,0x00000c88,0x00000007,
    0x0004003b,0x00000019,0x00000c89,0x00000007,0x0004003b,0x00000019,0x00000c81,0x00000007,
    0x0004003b,0x0000004c,0x00000c78,0x00000007,0x0004003b,0x00000019,0x00000c79,0x00000007,
    0x0004003b,0x00000019,0x00000c58,0x00000007,0x0004003b,0x0000003e,0x00000c59,0x00000007,
    0x0004003b,0x0000003e,0x00000c5a,0x00000007,0x0004003b,0x0000003e,0x00000c5b,0x00000007,
    0x0004003b,0x00000019,0x00000c5c,0x00000007,0x0004003b,0x0000003e,0x00000c5d,0x00000007,
    0x0004003b,0x00000019,0x00000c5e,0x00000007,0x0004003b,0x0000003e,0x00000c5f,0x00000007,
    0x0004003b,0x0000003e,0x00000c60,0x00000007,0x0004003b,0x0000003e,0x00000c61,0x00000007,
    0x0004003b,0x0000003e,0x00000c4e,0x00000007,0x0004003b,0x0000003e,0x00000c4f,0x00000007,
    0x0004003b,0x0000003e,0x00000c44,0x00000007,0x0004003b,0x0000003e,0x00000c45,0x00000007,
    0x0004003b,0x00000019,0x00000c41,0x00000007,0x0004003b,0x0000004c,0x00000c39,0x00000007,
    0x0004003b,0x0000004c,0x00000c3a,0x00000007,0x0004003b,0x00000019,0x00000c32,0x00000007,
    0x0004003b,0x0000004c,0x00000c29,0x00000007,0x0004003b,0x00000019,0x00000c2a,0x00000007,
    0x0004003b,0x00000019,0x00000c22,0x00000007,0x0004003b,0x0000004c,0x00000c19,0x00000007,
    0x0004003b,0x00000019,0x00000c1a,0x00000007,0x0004003b,0x0000004c,0x00000c11,0x00000007,
    0x0004003b,0x0000004c,0x00000c12,0x00000007,0x0004003b,0x0000004c,0x00000c09,0x00000007,
    0x0004003b,0x0000004c,0x00000c0a,0x00000007,0x0004003b,0x0000003e,0x00000bff,0x00000007,
    0x0004003b,0x0000003e,0x00000c00,0x00000007,0x0004003b,0x00000019,0x00000bf7,0x00000007,
    0x0004003b,0x00000019,0x00000bf8,0x00000007,0x0004003b,0x00000019,0x00000bf9,0x00000007,
    0x0004003b,0x00000019,0x00000bfa,0x00000007,0x0004003b,0x0000003e,0x00000bed,0x00000007,
    0x0004003b,0x0000003e,0x00000bee,0x00000007,0x0004003b,0x00000019,0x00000be5,0x00000007,
    0x0004003b,0x00000019,0x00000be6,0x00000007,0x0004003b,0x00000019,0x00000be7,0x00000007,
    0x0004003b,0x00000019,0x00000be8,0x00000007,0x0004003b,0x00000019,0x00000bb4,0x00000007,
    0x0004003b,0x0000003e,0x00000bb5,0x00000007,0x0004003b,0x0000003e,0x00000bb6,0x00000007,
    0x0004003b,0x0000003e,0x00000bb7,0x00000007,0x0004003b,0x0000004c,0x00000bb8,0x00000007,
    0x0004003b,0x00000019,0x00000bb9,0x00000007,0x0004003b,0x00000019,0x00000bba,0x00000007,
    0x0004003b,0x00000019,0x00000bbb,0x00000007,0x0004003b,0x0000003e,0x00000bbc,0x00000007,
    0x0004003b,0x0000003e,0x00000bbd,0x00000007,0x0004003b,0x00000019,0x00000bbe,0x00000007,
    0x0004003b,0x00000019,0x00000bbf,0x00000007,0x0004003b,0x00000019,0x00000bc0,0x00000007,
    0x0004003b,0x00000019,0x00000bc1,0x00000007,0x0004003b,0x0000003e,0x00000bc2,0x00000007,
    0x0004003b,0x0000003e,0x00000baa,0x00000007,0x0004003b,0x0000003e,0x00000bab,0x00000007,
    0x0004003b,0x0000003e,0x00000ba0,0x00000007,0x0004003b,0x0000003e,0x00000ba1,0x00000007,
    0x0004003b,0x00000019,0x00000b9d,0x00000007,0x0004003b,0x0000004c,0x00000b95,0x00000007,
    0x0004003b,0x0000004c,0x00000b96,0x00000007,0x0004003b,0x00000019,0x00000b8e,0x00000007,
    0x0004003b,0x0000004c,0x00000b85,0x00000007,0x0004003b,0x00000019,0x00000b86,0x00000007,
    0x0004003b,0x00000019,0x00000b7e,0x00000007,0x0004003b,0x0000004c,0x00000b75,0x00000007,
    0x0004003b,0x00000019,0x00000b76,0x00000007,0x0004003b,0x0000004c,0x00000b6d,0x00000007,
    0x0004003b,0x0000004c,0x00000b6e,0x00000007,0x0004003b,0x0000004c,0x00000b65,0x00000007,
    0x0004003b,0x0000004c,0x00000b66,0x00000007,0x0004003b,0x0000003e,0x00000b5b,0x00000007,
    0x0004003b,0x0000003e,0x00000b5c,0x00000007,0x0004003b,0x00000019,0x00000b53,0x00000007,
    0x0004003b,0x00000019,0x00000b54,0x00000007,0x0004003b,0x00000019,0x00000b55,0x00000007,
    0x0004003b,0x00000019,0x00000b56,0x00000007,0x0004003b,0x0000003e,0x00000b49,0x00000007,
    0x0004003b,0x0000003e,0x00000b4a,0x00000007,0x0004003b,0x00000019,0x00000b41,0x00000007,
    0x0004003b,0x00000019,0x00000b42,0x00000007,0x0004003b,0x00000019,0x00000b43,0x00000007,
    0x0004003b,0x00000019,0x00000b44,0x00000007,0x0004003b,0x00000019,0x00000b10,0x00000007,
    0x0004003b,0x0000003e,0x00000b11,0x00000007,0x0004003b,0x0000003e,0x00000b12,0x00000007,
    0x0004003b,0x0000003e,0x00000b13,0x00000007,0x0004003b,0x0000004c,0x00000b14,0x00000007,
    0x0004003b,0x00000019,0x00000b15,0x00000007,0x0004003b,0x00000019,0x00000b16,0x00000007,
    0x0004003b,0x00000019,0x00000b17,0x00000007,0x0004003b,0x0000003e,0x00000b18,0x00000007,
    0x0004003b,0x0000003e,0x00000b19,0x00000007,0x0004003b,0x00000019,0x00000b1a,0x00000007,
    0x0004003b,0x00000019,0x00000b1b,0x00000007,0x0004003b,0x00000019,0x00000b1c,0x00000007,
    0x0004003b,0x00000019,0x00000b1d,0x00000007,0x0004003b,0x0000003e,0x00000b1e,0x00000007,
    0x0004003b,0x0000003e,0x00000b06,0x00000007,0x0004003b,0x0000003e,0x00000b07,0x00000007,
    0x0004003b,0x0000003e,0x00000afc,0x00000007,0x0004003b,0x0000003e,0x00000afd,0x00000007,
    0x0004003b,0x00000019,0x00000aec,0x00000007,0x0004003b,0x0000003e,0x00000aed,0x00000007,
    0x0004003b,0x0000003e,0x000009cb,0x00000007,0x0004003b,0x00000014,0x000009cc,0x00000007,
    0x0004003b,0x0000003e,0x000009cd,0x00000007,0x0004003b,0x0000003e,0x000009ce,0x00000007,
    0x0004003b,0x00000019,0x000009cf,0x00000007,0x0004003b,0x00000019,0x000009d0,0x00000007,
    0x0004003b,0x0000003e,0x000009d1,0x00000007,0x0004003b,0x00000019,0x000009d2,0x00000007,
    0x0004003b,0x00000019,0x000009d3,0x00000007,0x0004003b,0x00000019,0x000009d4,0x00000007,
    0x0004003b,0x00000019,0x000009d5,0x00000007,0x0004003b,0x00000019,0x000009d6,0x00000007,
    0x0004003b,0x00000019,0x000009d7,0x00000007,0x0004003b,0x00000019,0x000009d8,0x00000007,
    0x0004003b,0x0000003e,0x000009d9,0x00000007,0x0004003b,0x00000019,0x000009da,0x00000007,
    0x0004003b,0x00000019,0x000009db,0x00000007,0x0004003b,0x0000003e,0x000009dc,0x00000007,
    0x0004003b,0x00000019,0x000009dd,0x00000007,0x0004003b,0x0000000e,0x000009de,0x00000007,
    0x0004003b,0x00000019,0x000009df,0x00000007,0x0004003b,0x00000019,0x000009e0,0x00000007,
    0x0004003b,0x0000003e,0x000009e1,0x00000007,0x0004003b,0x0000003e,0x000009e2,0x00000007,
    0x0004003b,0x0000003e,0x000009e3,0x00000007,0x0004003b,0x00000019,0x000009e4,0x00000007,
    0x0004003b,0x00000019,0x000009e5,0x00000007,0x0004003b,0x0000003e,0x000009e6,0x00000007,
    0x0004003b,0x0000003e,0x000009e7,0x00000007,0x0004003b,0x0000003e,0x000009e8,0x00000007,
    0x0004003b,0x00000019,0x000009e9,0x00000007,0x0004003b,0x00000019,0x000009ea,0x00000007,
    0x0004003b,0x0000003e,0x000009eb,0x00000007,0x0004003b,0x0000003e,0x000009ec,0x00000007,
    0x0004003b,0x00000019,0x000009ed,0x00000007,0x0004003b,0x00000019,0x000009ee,0x00000007,
    0x0004003b,0x0000003e,0x000009ef,0x00000007,0x0004003b,0x0000003e,0x000009f0,0x00000007,
    0x0004003b,0x0000003e,0x000009f1,0x00000007,0x0004003b,0x0000003e,0x000009ba,0x00000007,
    0x0004003b,0x0000003e,0x000009bb,0x00000007,0x0004003b,0x00000014,0x000009bc,0x00000007,
    0x0004003b,0x00000007,0x000009bd,0x00000007,0x0004003b,0x00000019,0x000009be,0x00000007,
    0x0004003b,0x0000003e,0x000009bf,0x00000007,0x0004003b,0x00000007,0x000009b6,0x00000007,
    0x0004003b,0x00000019,0x000009a2,0x00000007,0x0004003b,0x00000019,0x000009a3,0x00000007,
    0x0004003b,0x00000019,0x000009a4,0x00000007,0x0004003b,0x00000019,0x00000994,0x00000007,
    0x0004003b,0x0000004c,0x00000995,0x00000007,0x0004003b,0x00000019,0x00000996,0x00000007,
    0x0004003b,0x00000019,0x00000997,0x00000007,0x0004003b,0x00000019,0x00000998,0x00000007,
    0x0004003b,0x00000019,0x00000989,0x00000007,0x0004003b,0x00000019,0x00000983,0x00000007,
    0x0004003b,0x00000019,0x00000984,0x00000007,0x0004003b,0x00000007,0x0000097b,0x00000007,
    0x0004003b,0x00000007,0x0000097c,0x00000007,0x0004003b,0x00000007,0x00000942,0x00000007,
    0x0004003b,0x00000019,0x00000943,0x00000007,0x0004003b,0x00000019,0x00000944,0x00000007,
    0x0004003b,0x00000019,0x00000945,0x00000007,0x0004003b,0x00000007,0x00000946,0x00000007,
    0x0004003b,0x00000019,0x00000947,0x00000007,0x0004003b,0x00000019,0x00000948,0x00000007,
    0x0004003b,0x00000019,0x00000949,0x00000007,0x0004003b,0x00000019,0x0000094a,0x00000007,
    0x0004003b,0x00000019,0x00000937,0x00000007,0x0004003b,0x00000019,0x00000931,0x00000007,
    0x0004003b,0x00000019,0x00000932,0x00000007,0x0004003b,0x0000000e,0x00000928,0x00000007,
    0x0004003b,0x00000019,0x00000929,0x00000007,0x0004003b,0x00000019,0x0000091d,0x00000007,
    0x0004003b,0x00000019,0x00000917,0x00000007,0x0004003b,0x00000019,0x00000918,0x00000007,
    0x0004003b,0x00000007,0x0000090f,0x00000007,0x0004003b,0x00000007,0x00000910,0x00000007,
    0x0004003b,0x00000019,0x000008a9,0x00000007,0x0004003b,0x00000007,0x000008aa,0x00000007,
    0x0004003b,0x00000019,0x000008ab,0x00000007,0x0004003b,0x00000007,0x000008ac,0x00000007,
    0x0004003b,0x00000007,0x000008ad,0x00000007,0x0004003b,0x00000007,0x000008ae,0x00000007,
    0x0004003b,0x00000019,0x000008af,0x00000007,0x0004003b,0x00000007,0x000008b0,0x00000007,
    0x0004003b,0x00000019,0x000008b1,0x00000007,0x0004003b,0x00000019,0x000008b2,0x00000007,
    0x0004003b,0x00000019,0x000008b3,0x00000007,0x0004003b,0x00000019,0x000008b4,0x00000007,
    0x0004003b,0x00000007,0x000008b5,0x00000007,0x0004003b,0x00000019,0x000008b6,0x00000007,
    0x0004003b,0x00000007,0x000008b7,0x00000007,0x0004003b,0x00000019,0x000008b8,0x00000007,
    0x0004003b,0x00000019,0x000008b9,0x00000007,0x0004003b,0x00000019,0x000008ba,0x00000007,
    0x0004003b,0x00000019,0x000008bb,0x00000007,0x0004003b,0x0000064d,0x000008a4,0x00000007,
    0x0004003b,0x0000004c,0x00000895,0x00000007,0x0004003b,0x00000019,0x00000896,0x00000007,
    0x0004003b,0x00000019,0x00000897,0x00000007,0x0004003b,0x00000014,0x00000890,0x00000007,
    0x0004003b,0x00000014,0x00000891,0x00000007,0x0004003b,0x00000007,0x0000086c,0x00000007,
    0x0004003b,0x00000007,0x0000086d,0x00000007,0x0004003b,0x00000019,0x0000084c,0x00000007,
    0x0004003b,0x00000019,0x0000084d,0x00000007,0x0004003b,0x00000019,0x0000084e,0x00000007,
    0x0004003b,0x00000019,0x0000084f,0x00000007,0x0004003b,0x00000019,0x00000850,0x00000007,
    0x0004003b,0x0000064d,0x00000847,0x00000007,0x0004003b,0x00000019,0x0000082e,0x00000007,
    0x0004003b,0x00000014,0x0000082f,0x00000007,0x0004003b,0x00000014,0x00000830,0x00000007,
    0x0004003b,0x00000019,0x00000831,0x00000007,0x0004003b,0x00000019,0x00000832,0x00000007,
    0x0004003b,0x00000014,0x00000821,0x00000007,0x0004003b,0x00000014,0x00000822,0x00000007,
    0x0004003b,0x00000014,0x00000815,0x00000007,0x0004003b,0x00000014,0x00000816,0x00000007,
    0x0004003b,0x00000019,0x00000794,0x00000007,0x0004003b,0x00000019,0x00000795,0x00000007,
    0x0004003b,0x00000019,0x00000796,0x00000007,0x0004003b,0x00000019,0x00000797,0x00000007,
    0x0004003b,0x00000019,0x00000798,0x00000007,0x0004003b,0x00000019,0x00000799,0x00000007,
    0x0004003b,0x00000019,0x0000079a,0x00000007,0x0004003b,0x00000014,0x0000079b,0x00000007,
    0x0004003b,0x00000019,0x0000079c,0x00000007,0x0004003b,0x00000019,0x0000079d,0x00000007,
    0x0004003b,0x00000019,0x0000079e,0x00000007,0x0004003b,0x00000019,0x0000079f,0x00000007,
    0x0004003b,0x00000014,0x000007a0,0x00000007,0x0004003b,0x00000014,0x000007a1,0x00000007,
    0x0004003b,0x00000019,0x000007a2,0x00000007,0x0004003b,0x00000019,0x000007a3,0x00000007,
    0x0004003b,0x00000019,0x000007a4,0x00000007,0x0004003b,0x00000019,0x000007a5,0x00000007,
    0x0004003b,0x00000014,0x000007a6,0x00000007,0x0004003b,0x00000014,0x000007a7,0x00000007,
    0x0004003b,0x00000019,0x000007a8,0x00000007,0x0004003b,0x00000019,0x000007a9,0x00000007,
    0x0004003b,0x0000064d,0x0000078f,0x00000007,0x0004003b,0x00000019,0x00000779,0x00000007,
    0x0004003b,0x00000014,0x0000077a,0x00000007,0x0004003b,0x00000014,0x0000077b,0x00000007,
    0x0004003b,0x00000019,0x0000077c,0x00000007,0x0004003b,0x00000019,0x0000077d,0x00000007,
    0x0004003b,0x0000064d,0x00000773,0x00000007,0x0004003b,0x00000019,0x00000761,0x00000007,
    0x0004003b,0x00000014,0x00000762,0x00000007,0x0004003b,0x00000014,0x00000763,0x00000007,
    0x0004003b,0x00000014,0x00000764,0x00000007,0x0004003b,0x00000019,0x00000765,0x00000007,
    0x0004003b,0x00000014,0x0000075b,0x00000007,0x0004003b,0x00000014,0x0000075c,0x00000007,
    0x0004003b,0x00000014,0x0000074e,0x00000007,0x0004003b,0x00000014,0x0000074f,0x00000007,
    0x0004003b,0x00000019,0x0000073e,0x00000007,0x0004003b,0x0000003e,0x0000073f,0x00000007,
    0x0004003b,0x00000014,0x000006d2,0x00000007,0x0004003b,0x00000014,0x000006d3,0x00000007,
    0x0004003b,0x00000019,0x000006d4,0x00000007,0x0004003b,0x00000019,0x000006d5,0x00000007,
    0x0004003b,0x00000019,0x000006d6,0x00000007,0x0004003b,0x00000019,0x000006d7,0x00000007,
    0x0004003b,0x00000019,0x000006d8,0x00000007,0x0004003b,0x00000019,0x000006d9,0x00000007,
    0x0004003b,0x00000019,0x000006da,0x00000007,0x0004003b,0x00000019,0x000006db,0x00000007,
    0x0004003b,0x00000014,0x000006dc,0x00000007,0x0004003b,0x0000003e,0x000006dd,0x00000007,
    0x0004003b,0x00000019,0x000006de,0x00000007,0x0004003b,0x00000014,0x000006df,0x00000007,
    0x0004003b,0x000005b3,0x000005b4,0x00000007,0x0004003b,0x00000014,0x000005bb,0x00000007,
    0x0004003b,0x00000014,0x000005bd,0x00000007,0x0004003b,0x00000019,0x000005bf,0x00000007,
    0x0004003b,0x00000014,0x000005c1,0x00000007,0x0004003b,0x00000019,0x000005c8,0x00000007,
    0x0004003b,0x00000014,0x000005ca,0x00000007,0x0004003b,0x0000004c,0x000005cd,0x00000007,
    0x0004003b,0x00000007,0x000005df,0x00000007,0x0004003b,0x00000007,0x000005e5,0x00000007,
    0x0004003b,0x00000082,0x000005ea,0x00000007,0x0004003b,0x00000007,0x000005eb,0x00000007,
    0x0004003b,0x00000019,0x000005ef,0x00000007,0x0004003b,0x00000019,0x000005f3,0x00000007,
    0x0004003b,0x00000014,0x000005f5,0x00000007,0x0004003b,0x00000014,0x000005f8,0x00000007,
    0x0004003b,0x00000019,0x00000608,0x00000007,0x0004003b,0x00000014,0x00000615,0x00000007,
    0x0004003b,0x00000007,0x0000061a,0x00000007,0x0004003b,0x00000019,0x0000061b,0x00000007,
    0x0004003b,0x00000019,0x0000061c,0x00000007,0x0004003b,0x00000019,0x0000061f,0x00000007,
    0x0004003b,0x00000007,0x00000621,0x00000007,0x0004003b,0x00000007,0x00000623,0x00000007,
    0x0004003b,0x00000019,0x00000624,0x00000007,0x0004003b,0x00000019,0x0000062b,0x00000007,
    0x0004003b,0x00000019,0x0000062e,0x00000007,0x0004003b,0x00000007,0x00000630,0x00000007,
    0x0004003b,0x00000007,0x00000632,0x00000007,0x0004003b,0x00000019,0x00000633,0x00000007,
    0x0004003b,0x00000019,0x0000063b,0x00000007,0x0004003b,0x0000004c,0x0000063e,0x00000007,
    0x0004003b,0x00000019,0x00000641,0x00000007,0x0004003b,0x00000019,0x00000644,0x00000007,
    0x0004003b,0x0000064d,0x0000064e,0x00000007,0x0004003b,0x00000019,0x0000065e,0x00000007,
    0x0004003b,0x0000003e,0x00000661,0x00000007,0x0004003b,0x00000014,0x00000664,0x00000007,
    0x0004003b,0x00000007,0x00000666,0x00000007,0x0004003b,0x0000003e,0x00000672,0x00000007,
    0x0004003b,0x0000003e,0x00000684,0x00000007,0x0004003b,0x00000019,0x00000686,0x00000007,
    0x0004003b,0x00000019,0x000006b1,0x00000007,0x0004003d,0x00000013,0x000005b7,0x000005b6,
    0x0007004f,0x00000022,0x000005b8,0x000005b7,0x000005b7,0x00000000,0x00000001,0x0006000c,
    0x00000022,0x000005b9,0x00000001,0x00000008,0x000005b8,0x0004006e,0x000005b2,0x000005ba,
    0x000005b9,0x0003003e,0x000005b4,0x000005ba,0x0004003d,0x00000013,0x000005be,0x000005bc,
    0x0003003e,0x000005bd,0x000005be,0x0003003e,0x000005bf,0x00000132,0x00050041,0x00000019,
    0x000006e1,0x000005bd,0x0000010b,0x0004003d,0x00000008,0x000006e2,0x000006e1,0x000500be,
    0x0000006a,0x000006e3,0x000006e2,0x0000012d,0x000300f7,0x0000073c,0x00000000,0x000400fa,
    0x000006e3,0x00000732,0x000006e4,0x000200f8,0x000006e4,0x0004003d,0x00000008,0x000006e6,
    0x000006e1,0x000500ba,0x0000006a,0x000006e7,0x000006e6,0x00000461,0x000300f7,0x00000731,
    0x00000000,0x000400fa,0x000006e7,0x00000701,0x000006e8,0x000200f8,0x000006e8,0x0004003d,
    0x00000008,0x000006ea,0x000006e1,0x00050083,0x00000008,0x000006ec,0x000001cd,0x000006ea,
    0x0003003e,0x000006da,0x000006ec,0x0004003d,0x000001ad,0x000006ed,0x000004b0,0x0004003d,
    0x000001b1,0x000006ee,0x000004b2,0x00050056,0x000001b5,0x000006ef,0x000006ed,0x000006ee,
    0x0004003d,0x00000013,0x000006f0,0x000005bd,0x0007004f,0x00000022,0x000006f1,0x000006f0,
    0x000006f0,0x00000000,0x00000001,0x0004003d,0x00000008,0x000006f2,0x000006da,0x00070058,
    0x00000013,0x000006f3,0x000006ef,0x000006f1,0x00000002,0x000006f2,0x0003003e,0x000006d2,
    0x000006f3,0x00050041,0x00000019,0x000006f4,0x000005bd,0x000000f4,0x0004003d,0x00000008,
    0x000006f5,0x000006f4,0x0004003d,0x00000008,0x000006f6,0x000005bf,0x00050085,0x00000008,
    0x000006f7,0x000006f5,0x000006f6,0x0003003e,0x000006db,0x000006f7,0x0004003d,0x00000013,
    0x000006f9,0x000006d2,0x0003003e,0x000006dc,0x000006f9,0x0004003d,0x00000013,0x00000741,
    0x000006dc,0x0008004f,0x0000002c,0x00000742,0x00000741,0x00000741,0x00000000,0x00000001,
    0x00000002,0x00050041,0x00000019,0x00000743,0x000006dc,0x0000010b,0x0004003d,0x00000008,
    0x00000744,0x00000743,0x000500b7,0x0000006a,0x00000745,0x00000744,0x0000012d,0x000300f7,
    0x0000074b,0x00000000,0x000400fa,0x00000745,0x00000747,0x00000746,0x000200f8,0x00000746,
    0x0003003e,0x0000073e,0x0000012d,0x000200f9,0x0000074b,0x000200f8,0x00000747,0x0004003d,
    0x00000008,0x00000749,0x00000743,0x00050088,0x00000008,0x0000074a,0x00000132,0x00000749,
    0x0003003e,0x0000073e,0x0000074a,0x000200f9,0x0000074b,0x000200f8,0x0000074b,0x0004003d,
    0x00000008,0x0000074c,0x0000073e,0x0005008e,0x0000002c,0x0000074d,0x00000742,0x0000074c,
    0x0003003e,0x0000073f,0x0000074d,0x0004003d,0x0000002c,0x000006fa,0x0000073f,0x00050041,
    0x00000019,0x000006fb,0x000006d2,0x0000010b,0x0004003d,0x00000008,0x000006fc,0x000006fb,
    0x0004003d,0x00000008,0x000006fd,0x000006db,0x00050085,0x00000008,0x000006fe,0x000006fc,
    0x000006fd,0x0003003e,0x000006dd,0x000006fa,0x0003003e,0x000006de,0x000006fe,0x0004003d,
    0x0000002c,0x00000751,0x000006dd,0x00050041,0x00000019,0x00000752,0x0000074e,0x000000de,
    0x00050051,0x00000008,0x00000753,0x00000751,0x00000000,0x0003003e,0x00000752,0x00000753,
    0x00050041,0x00000019,0x00000754,0x0000074e,0x000000e1,0x00050051,0x00000008,0x00000755,
    0x00000751,0x00000001,0x0003003e,0x00000754,0x00000755,0x00050041,0x00000019,0x00000756,
    0x0000074e,0x000000f4,0x00050051,0x00000008,0x00000757,0x00000751,0x00000002,0x0003003e,
    0x00000756,0x00000757,0x0004003d,0x00000008,0x00000758,0x000006de,0x00050041,0x00000019,
    0x00000759,0x0000074e,0x0000010b,0x0003003e,0x00000759,0x00000758,0x0004003d,0x00000013,
    0x0000075a,0x0000074e,0x0003003e,0x0000074f,0x0000075a,0x0004003d,0x00000013,0x000006ff,
    0x0000074f,0x0003003e,0x000006d2,0x000006ff,0x000200f9,0x00000731,0x000200f8,0x00000701,
    0x00050041,0x00000019,0x00000702,0x000005bd,0x000000f4,0x0004003d,0x00000008,0x00000703,
    0x00000702,0x000500ba,0x0000006a,0x00000704,0x00000703,0x0000012d,0x000300f7,0x0000070c,
    0x00000000,0x000400fa,0x00000704,0x00000709,0x00000705,0x000200f8,0x00000705,0x0004003d,
    0x00000013,0x00000706,0x000005bd,0x0007004f,0x00000022,0x00000707,0x00000706,0x00000706,
    0x00000000,0x00000001,0x0006000c,0x00000008,0x00000708,0x00000001,0x00000042,0x00000707,
    0x0003003e,0x000006d5,0x00000708,0x000200f9,0x0000070c,0x000200f8,0x00000709,0x00050041,
    0x00000019,0x0000070a,0x000005bd,0x000000de,0x0004003d,0x00000008,0x0000070b,0x0000070a,
    0x0003003e,0x000006d5,0x0000070b,0x000200f9,0x0000070c,0x000200f8,0x0000070c,0x0004003d,
    0x00000008,0x0000070d,0x000006d5,0x0003003e,0x000006d4,0x0000070d,0x0004003d,0x00000008,
    0x0000070e,0x000006d4,0x0008000c,0x00000008,0x0000070f,0x00000001,0x0000002b,0x0000070e,
    0x0000012d,0x00000132,0x0003003e,0x000006d4,0x0000070f,0x0004003d,0x00000008,0x00000711,
    0x00000702,0x0006000c,0x00000008,0x00000712,0x00000001,0x00000004,0x00000711,0x0003003e,
    0x000006d6,0x00000712,0x0004003d,0x00000008,0x00000713,0x000006d6,0x000500ba,0x0000006a,
    0x00000714,0x00000713,0x00000132,0x000300f7,0x0000071e,0x00000000,0x000400fa,0x00000714,
    0x0000071a,0x00000715,0x000200f8,0x00000715,0x0004003d,0x00000008,0x00000716,0x000006d4,
    0x00050085,0x00000008,0x00000717,0x00000484,0x00000716,0x0004003d,0x00000008,0x00000718,
    0x000006d6,0x00050081,0x00000008,0x00000719,0x00000717,0x00000718,0x0003003e,0x000006d8,
    0x00000719,0x000200f9,0x0000071e,0x000200f8,0x0000071a,0x0004003d,0x00000008,0x0000071b,
    0x000006d4,0x00050085,0x00000008,0x0000071c,0x0000047f,0x0000071b,0x00050081,0x00000008,
    0x0000071d,0x0000071c,0x00000290,0x0003003e,0x000006d8,0x0000071d,0x000200f9,0x0000071e,
    0x000200f8,0x0000071e,0x0004003d,0x00000008,0x0000071f,0x000006d8,0x0003003e,0x000006d7,
    0x0000071f,0x0004003d,0x00000008,0x00000721,0x000006e1,0x0004007f,0x00000008,0x00000722,
    0x00000721,0x0003003e,0x000006d9,0x00000722,0x0004003d,0x000001ad,0x00000723,0x0000048e,
    0x0004003d,0x000001b1,0x00000724,0x00000490,0x00050056,0x000001b5,0x00000725,0x00000723,
    0x00000724,0x0004003d,0x00000008,0x00000726,0x000006d7,0x0004003d,0x00000008,0x00000727,
    0x000006d9,0x00050050,0x00000022,0x00000728,0x00000726,0x00000727,0x00070058,0x00000013,
    0x00000729,0x00000725,0x00000728,0x00000002,0x0000012d,0x0003003e,0x000006d2,0x00000729,
    0x0004003d,0x00000008,0x0000072a,0x000005bf,0x00050041,0x00000019,0x0000072b,0x000006d2,
    0x0000010b,0x0004003d,0x00000008,0x0000072c,0x0000072b,0x00050085,0x00000008,0x0000072d,
    0x0000072c,0x0000072a,0x0003003e,0x0000072b,0x0000072d,0x000200f9,0x00000731,0x000200f8,
    0x00000731,0x000200f9,0x0000073c,0x000200f8,0x00000732,0x0004003d,0x00000013,0x00000733,
    0x000005bd,0x0003003e,0x000006d3,0x00000733,0x0004003d,0x00000013,0x0000075e,0x000006d3,
    0x0003003e,0x0000075b,0x0000075e,0x0004003d,0x00000013,0x0000075f,0x0000075b,0x0003003e,
    0x0000075c,0x0000075f,0x0004003d,0x00000013,0x00000734,0x0000075c,0x0003003e,0x000006d2,
    0x00000734,0x0004003d,0x00000008,0x00000736,0x000005bf,0x00050041,0x00000019,0x00000737,
    0x000006d2,0x0000010b,0x0004003d,0x00000008,0x00000738,0x00000737,0x00050085,0x00000008,
    0x00000739,0x00000738,0x00000736,0x0003003e,0x00000737,0x00000739,0x000200f9,0x0000073c,
    0x000200f8,0x0000073c,0x0004003d,0x00000013,0x0000073d,0x000006d2,0x0003003e,0x000006df,
    0x0000073d,0x0004003d,0x00000013,0x000005c0,0x000006df,0x0003003e,0x000005bb,0x000005c0,
    0x0004003d,0x000005c2,0x000005c5,0x000005c4,0x00050062,0x00000013,0x000005c7,0x000005c5,
    0x000005c6,0x0003003e,0x000005c1,0x000005c7,0x0004003d,0x00000013,0x000005cb,0x000005c9,
    0x0003003e,0x000005ca,0x000005cb,0x000300f7,0x00000771,0x00000000,0x000300fb,0x000000de,
    0x00000767,0x000200f8,0x00000767,0x0004003d,0x00000013,0x00000768,0x000005ca,0x0003003e,
    0x00000762,0x00000768,0x00050041,0x00000019,0x00000775,0x00000762,0x000000e1,0x0004003d,
    0x00000008,0x00000776,0x00000775,0x000500be,0x0000006a,0x00000777,0x00000776,0x0000012d,
    0x0003003e,0x00000773,0x00000777,0x0004003d,0x0000006a,0x00000769,0x00000773,0x000300f7,
    0x00000770,0x00000000,0x000400fa,0x00000769,0x0000076d,0x0000076a,0x000200f8,0x0000076a,
    0x0004003d,0x00000013,0x0000076b,0x000005ca,0x0003003e,0x00000764,0x0000076b,0x000300f7,
    0x0000078d,0x00000000,0x000300fb,0x000000de,0x0000077f,0x000200f8,0x0000077f,0x000300f7,
    0x00000783,0x00000000,0x000400fa,0x000004d1,0x00000780,0x00000783,0x000200f8,0x00000780,
    0x0004003d,0x00000013,0x00000781,0x00000764,0x0003003e,0x0000077a,0x00000781,0x00050041,
    0x00000019,0x00000791,0x0000077a,0x000000e1,0x0004003d,0x00000008,0x00000792,0x00000791,
    0x000500b8,0x0000006a,0x00000793,0x00000792,0x00000197,0x0003003e,0x0000078f,0x00000793,
    0x0004003d,0x0000006a,0x00000782,0x0000078f,0x000200f9,0x00000783,0x000200f8,0x00000783,
    0x000700f5,0x0000006a,0x00000784,0x000004d1,0x0000077f,0x00000782,0x00000780,0x000300f7,
    0x0000078c,0x00000000,0x000400fa,0x00000784,0x00000789,0x00000785,0x000200f8,0x00000785,
    0x00050041,0x00000019,0x00000786,0x00000764,0x000000de,0x0004003d,0x00000008,0x00000787,
    0x00000786,0x0003003e,0x0000077c,0x00000787,0x0004003d,0x00000008,0x00000788,0x0000077c,
    0x0003003e,0x00000779,0x00000788,0x000200f9,0x0000078d,0x000200f8,0x00000789,0x0004003d,
    0x00000013,0x0000078a,0x00000764,0x0003003e,0x0000077b,0x0000078a,0x00050041,0x00000019,
    0x000007ab,0x0000077b,0x000000f4,0x0004003d,0x00000008,0x000007ac,0x000007ab,0x0003003e,
    0x00000794,0x000007ac,0x00050041,0x00000019,0x000007ad,0x0000077b,0x0000010b,0x0004003d,
    0x00000008,0x000007ae,0x000007ad,0x0007000c,0x00000008,0x000007af,0x00000001,0x00000028,
    0x000007ae,0x0000012d,0x0003003e,0x00000795,0x000007af,0x0004003d,0x00000008,0x000007b0,
    0x00000794,0x000500be,0x0000006a,0x000007b1,0x000007b0,0x0000012d,0x000300f7,0x000007bb,
    0x00000000,0x000400fa,0x000007b1,0x000007b3,0x000007b2,0x000200f8,0x000007b2,0x0003003e,
    0x00000797,0x0000012d,0x000200f9,0x000007bb,0x000200f8,0x000007b3,0x0004003d,0x000001ad,
    0x000007b4,0x000001af,0x0004003d,0x000001b1,0x000007b5,0x000001b3,0x00050056,0x000001b5,
    0x000007b6,0x000007b4,0x000007b5,0x0004003d,0x00000008,0x000007b7,0x00000795,0x00050050,
    0x00000022,0x000007b8,0x000007b7,0x0000012d,0x00070058,0x00000013,0x000007b9,0x000007b6,
    0x000007b8,0x00000002,0x0000012d,0x00050051,0x00000008,0x000007ba,0x000007b9,0x00000000,
    0x0003003e,0x00000797,0x000007ba,0x000200f9,0x000007bb,0x000200f8,0x000007bb,0x0004003d,
    0x00000008,0x000007bc,0x00000797,0x0003003e,0x00000796,0x000007bc,0x0004003d,0x00000008,
    0x000007bd,0x00000794,0x0006000c,0x00000008,0x000007be,0x00000001,0x00000004,0x000007bd,
    0x000500b8,0x0000006a,0x000007bf,0x000007be,0x000001bf,0x000300f7,0x0000080e,0x00000000,
    0x000400fa,0x000007bf,0x000007c0,0x0000080e,0x000200f8,0x000007c0,0x00050041,0x00000019,
    0x000007c1,0x0000077b,0x000000de,0x0004003d,0x00000008,0x000007c2,0x000007c1,0x0006000c,
    0x00000008,0x000007c3,0x00000001,0x00000004,0x000007c2,0x00050083,0x00000008,0x000007c4,
    0x000007c3,0x000001c7,0x0003003e,0x00000798,0x000007c4,0x00050041,0x00000019,0x000007c5,
    0x0000077b,0x000000e1,0x0004003d,0x00000008,0x000007c6,0x000007c5,0x00050083,0x00000008,
    0x000007c8,0x000001cd,0x000007c6,0x0003003e,0x00000799,0x000007c8,0x0004003d,0x00000008,
    0x000007c9,0x00000799,0x0004003d,0x00000008,0x000007ca,0x00000795,0x00050083,0x00000008,
    0x000007cb,0x000007c9,0x000007ca,0x00050085,0x00000008,0x000007cc,0x000007cb,0x000001d3,
    0x0003003e,0x0000079a,0x000007cc,0x0004003d,0x00000008,0x000007cd,0x00000795,0x0004003d,
    0x00000008,0x000007ce,0x0000079a,0x0003003e,0x0000079c,0x000001d8,0x0003003e,0x0000079d,
    0x000001d9,0x0003003e,0x0000079e,0x000001da,0x0003003e,0x0000079f,0x000001db,0x0004003d,
    0x00000008,0x00000818,0x0000079c,0x00050041,0x00000019,0x00000819,0x00000815,0x000000de,
    0x0003003e,0x00000819,0x00000818,0x0004003d,0x00000008,0x0000081a,0x0000079d,0x00050041,
    0x00000019,0x0000081b,0x00000815,0x000000e1,0x0003003e,0x0000081b,0x0000081a,0x0004003d,
    0x00000008,0x0000081c,0x0000079e,0x00050041,0x00000019,0x0000081d,0x00000815,0x000000f4,
    0x0003003e,0x0000081d,0x0000081c,0x0004003d,0x00000008,0x0000081e,0x0000079f,0x00050041,
    0x00000019,0x0000081f,0x00000815,0x0000010b,0x0003003e,0x0000081f,0x0000081e,0x0004003d,
    0x00000013,0x00000820,0x00000815,0x0003003e,0x00000816,0x00000820,0x0004003d,0x00000013,
    0x000007cf,0x00000816,0x0005008e,0x00000013,0x000007d0,0x000007cf,0x000007ce,0x00070050,
    0x00000013,0x000007d1,0x000007cd,0x000007cd,0x000007cd,0x000007cd,0x00050081,0x00000013,
    0x000007d2,0x000007d1,0x000007d0,0x0003003e,0x0000079b,0x000007d2,0x0004003d,0x00000013,
    0x000007d3,0x0000079b,0x0004003d,0x00000008,0x000007d4,0x00000794,0x0004007f,0x00000008,
    0x000007d5,0x000007d4,0x0005008e,0x00000013,0x000007d6,0x000007d3,0x000007d5,0x0004003d,
    0x00000008,0x000007d7,0x00000799,0x0004003d,0x00000008,0x000007d8,0x00000794,0x00050085,
    0x00000008,0x000007d9,0x000007d7,0x000007d8,0x0004003d,0x00000008,0x000007da,0x00000798,
    0x00050081,0x00000008,0x000007db,0x000007d9,0x000007da,0x00070050,0x00000013,0x000007dc,
    0x000007db,0x000007db,0x000007db,0x000007db,0x00050081,0x00000013,0x000007dd,0x000007d6,
    0x000007dc,0x0003003e,0x000007a0,0x000007dd,0x0004003d,0x000001ad,0x000007de,0x000001af,
    0x0004003d,0x000001b1,0x000007df,0x000001b3,0x00050056,0x000001b5,0x000007e0,0x000007de,
    0x000007df,0x00050041,0x00000019,0x000007e1,0x000007a0,0x000000de,0x0004003d,0x00000008,
    0x000007e2,0x000007e1,0x00050050,0x00000022,0x000007e3,0x000007e2,0x0000012d,0x00070058,
    0x00000013,0x000007e4,0x000007e0,0x000007e3,0x00000002,0x0000012d,0x0004003d,0x000001ad,
    0x000007e5,0x000001af,0x0004003d,0x000001b1,0x000007e6,0x000001b3,0x00050056,0x000001b5,
    0x000007e7,0x000007e5,0x000007e6,0x00050041,0x00000019,0x000007e8,0x000007a0,0x000000e1,
    0x0004003d,0x00000008,0x000007e9,0x000007e8,0x00050050,0x00000022,0x000007ea,0x000007e9,
    0x0000012d,0x00070058,0x00000013,0x000007eb,0x000007e7,0x000007ea,0x00000002,0x0000012d,
    0x0004003d,0x000001ad,0x000007ec,0x000001af,0x0004003d,0x000001b1,0x000007ed,0x000001b3,
    0x00050056,0x000001b5,0x000007ee,0x000007ec,0x000007ed,0x00050041,0x00000019,0x000007ef,
    0x000007a0,0x000000f4,0x0004003d,0x00000008,0x000007f0,0x000007ef,0x00050050,0x00000022,
    0x000007f1,0x000007f0,0x0000012d,0x00070058,0x00000013,0x000007f2,0x000007ee,0x000007f1,
    0x00000002,0x0000012d,0x0004003d,0x000001ad,0x000007f3,0x000001af,0x0004003d,0x000001b1,
    0x000007f4,0x000001b3,0x00050056,0x000001b5,0x000007f5,0x000007f3,0x000007f4,0x00050041,
    0x00000019,0x000007f6,0x000007a0,0x0000010b,0x0004003d,0x00000008,0x000007f7,0x000007f6,
    0x00050050,0x00000022,0x000007f8,0x000007f7,0x0000012d,0x00070058,0x00000013,0x000007f9,
    0x000007f5,0x000007f8,0x00000002,0x0000012d,0x00050051,0x00000008,0x000007fa,0x000007e4,
    0x00000000,0x0003003e,0x000007a2,0x000007fa,0x00050051,0x00000008,0x000007fb,0x000007eb,
    0x00000000,0x0003003e,0x000007a3,0x000007fb,0x00050051,0x00000008,0x000007fc,0x000007f2,
    0x00000000,0x0003003e,0x000007a4,0x000007fc,0x00050051,0x00000008,0x000007fd,0x000007f9,
    0x00000000,0x0003003e,0x000007a5,0x000007fd,0x0004003d,0x00000008,0x00000824,0x000007a2,
    0x00050041,0x00000019,0x00000825,0x00000821,0x000000de,0x0003003e,0x00000825,0x00000824,
    0x0004003d,0x00000008,0x00000826,0x000007a3,0x00050041,0x00000019,0x00000827,0x00000821,
    0x000000e1,0x0003003e,0x00000827,0x00000826,0x0004003d,0x00000008,0x00000828,0x000007a4,
    0x00050041,0x00000019,0x00000829,0x00000821,0x000000f4,0x0003003e,0x00000829,0x00000828,
    0x0004003d,0x00000008,0x0000082a,0x000007a5,0x00050041,0x00000019,0x0000082b,0x00000821,
    0x0000010b,0x0003003e,0x0000082b,0x0000082a,0x0004003d,0x00000013,0x0000082c,0x00000821,
    0x0003003e,0x00000822,0x0000082c,0x0004003d,0x00000013,0x000007fe,0x00000822,0x0003003e,
    0x000007a1,0x000007fe,0x0004003d,0x00000013,0x000007ff,0x0000079b,0x0005008e,0x00000013,
    0x00000800,0x000007ff,0x00000218,0x00050081,0x00000013,0x00000801,0x00000800,0x000006bf,
    0x0003003e,0x000007a6,0x00000801,0x0004003d,0x00000013,0x00000802,0x000007a6,0x0004007f,
    0x00000013,0x00000803,0x00000802,0x0004003d,0x00000013,0x00000804,0x000007a6,0x00050085,
    0x00000013,0x00000805,0x00000803,0x00000804,0x0006000c,0x00000013,0x00000806,0x00000001,
    0x0000001d,0x00000805,0x0003003e,0x000007a7,0x00000806,0x0004003d,0x00000013,0x00000807,
    0x000007a1,0x0004003d,0x00000013,0x00000808,0x000007a7,0x00050094,0x00000008,0x00000809,
    0x00000807,0x00000808,0x0004003d,0x00000008,0x0000080a,0x0000079a,0x00050085,0x00000008,
    0x0000080b,0x00000809,0x0000080a,0x0004003d,0x00000008,0x0000080c,0x00000796,0x00050081,
    0x00000008,0x0000080d,0x0000080c,0x0000080b,0x0003003e,0x00000796,0x0000080d,0x000200f9,
    0x0000080e,0x000200f8,0x0000080e,0x0004003d,0x00000008,0x0000080f,0x00000796,0x00050041,
    0x00000019,0x00000810,0x0000077b,0x000000de,0x0004003d,0x00000008,0x00000811,0x00000810,
    0x0006000c,0x00000008,0x00000812,0x00000001,0x00000006,0x00000811,0x00050085,0x00000008,
    0x00000813,0x0000080f,0x00000812,0x0003003e,0x000007a8,0x00000813,0x0004003d,0x00000008,
    0x00000814,0x000007a8,0x0003003e,0x000007a9,0x00000814,0x0004003d,0x00000008,0x0000078b,
    0x000007a9,0x0003003e,0x00000779,0x0000078b,0x000200f9,0x0000078d,0x000200f8,0x0000078c,
    0x000200f9,0x0000078d,0x000200f8,0x0000078d,0x0004003d,0x00000008,0x0000078e,0x00000779,
    0x0003003e,0x0000077d,0x0000078e,0x0004003d,0x00000008,0x0000076c,0x0000077d,0x0003003e,
    0x00000761,0x0000076c,0x000200f9,0x00000771,0x000200f8,0x0000076d,0x0004003d,0x00000013,
    0x0000076e,0x000005ca,0x0003003e,0x00000763,0x0000076e,0x000300f7,0x00000845,0x00000000,
    0x000300fb,0x000000de,0x00000834,0x000200f8,0x00000834,0x000300f7,0x00000838,0x00000000,
    0x000400fa,0x000004d1,0x00000835,0x00000838,0x000200f8,0x00000835,0x0004003d,0x00000013,
    0x00000836,0x00000763,0x0003003e,0x0000082f,0x00000836,0x00050041,0x00000019,0x00000849,
    0x0000082f,0x000000de,0x0004003d,0x00000008,0x0000084a,0x00000849,0x000500b8,0x0000006a,
    0x0000084b,0x0000084a,0x00000197,0x0003003e,0x00000847,0x0000084b,0x0004003d,0x0000006a,
    0x00000837,0x00000847,0x000200f9,0x00000838,0x000200f8,0x00000838,0x000700f5,0x0000006a,
    0x00000839,0x000004d1,0x00000834,0x00000837,0x00000835,0x000300f7,0x00000844,0x00000000,
    0x000400fa,0x00000839,0x00000841,0x0000083a,0x000200f8,0x0000083a,0x00050041,0x00000019,
    0x0000083b,0x00000763,0x000000de,0x0004003d,0x00000008,0x0000083c,0x0000083b,0x00050041,
    0x00000019,0x0000083d,0x00000763,0x000000e1,0x0004003d,0x00000008,0x0000083e,0x0000083d,
    0x0007000c,0x00000008,0x0000083f,0x00000001,0x00000025,0x0000083c,0x0000083e,0x0003003e,
    0x00000831,0x0000083f,0x0004003d,0x00000008,0x00000840,0x00000831,0x0003003e,0x0000082e,
    0x00000840,0x000200f9,0x00000845,0x000200f8,0x00000841,0x0004003d,0x00000013,0x00000842,
    0x00000763,0x0003003e,0x00000830,0x00000842,0x0003003e,0x0000084c,0x00000132,0x00050041,
    0x00000019,0x00000852,0x00000830,0x000000de,0x0004003d,0x00000008,0x00000853,0x00000852,
    0x00050081,0x00000008,0x00000854,0x00000235,0x00000853,0x0003003e,0x0000084d,0x00000854,
    0x0004003d,0x000001ad,0x00000855,0x000001af,0x0004003d,0x000001b1,0x00000856,0x000001b3,
    0x00050056,0x000001b5,0x00000857,0x00000855,0x00000856,0x0004003d,0x00000008,0x00000858,
    0x0000084d,0x00050050,0x00000022,0x00000859,0x00000858,0x0000012d,0x00070058,0x00000013,
    0x0000085a,0x00000857,0x00000859,0x00000002,0x0000012d,0x00050051,0x00000008,0x0000085b,
    0x0000085a,0x00000000,0x0004003d,0x00000008,0x0000085c,0x0000084c,0x00050083,0x00000008,
    0x0000085d,0x0000085c,0x0000085b,0x0003003e,0x0000084c,0x0000085d,0x00050041,0x00000019,
    0x0000085e,0x00000830,0x000000e1,0x0004003d,0x00000008,0x0000085f,0x0000085e,0x00050083,
    0x00000008,0x00000860,0x00000132,0x0000085f,0x0003003e,0x0000084e,0x00000860,0x0004003d,
    0x000001ad,0x00000861,0x000001af,0x0004003d,0x000001b1,0x00000862,0x000001b3,0x00050056,
    0x000001b5,0x00000863,0x00000861,0x00000862,0x0004003d,0x00000008,0x00000864,0x0000084e,
    0x00050050,0x00000022,0x00000865,0x00000864,0x0000012d,0x00070058,0x00000013,0x00000866,
    0x00000863,0x00000865,0x00000002,0x0000012d,0x00050051,0x00000008,0x00000867,0x00000866,
    0x00000000,0x0004003d,0x00000008,0x00000868,0x0000084c,0x00050083,0x00000008,0x00000869,
    0x00000868,0x00000867,0x0003003e,0x0000084c,0x00000869,0x0004003d,0x00000008,0x0000086a,
    0x0000084c,0x0003003e,0x0000084f,0x0000086a,0x0004003d,0x00000008,0x0000086b,0x0000084f,
    0x0003003e,0x00000850,0x0000086b,0x0004003d,0x00000008,0x00000843,0x00000850,0x0003003e,
    0x0000082e,0x00000843,0x000200f9,0x00000845,0x000200f8,0x00000844,0x000200f9,0x00000845,
    0x000200f8,0x00000845,0x0004003d,0x00000008,0x00000846,0x0000082e,0x0003003e,0x00000832,
    0x00000846,0x0004003d,0x00000008,0x0000076f,0x00000832,0x0003003e,0x00000761,0x0000076f,
    0x000200f9,0x00000771,0x000200f8,0x00000770,0x000200f9,0x00000771,0x000200f8,0x00000771,
    0x0004003d,0x00000008,0x00000772,0x00000761,0x0003003e,0x00000765,0x00000772,0x0004003d,
    0x00000008,0x000005cc,0x00000765,0x0003003e,0x000005c8,0x000005cc,0x0004003d,0x00000022,
    0x000005d0,0x000005cf,0x0003003e,0x000005cd,0x000005d0,0x0004003d,0x00000013,0x000005d1,
    0x000005c1,0x0007004f,0x00000022,0x000005d2,0x000005d1,0x000005d1,0x00000000,0x00000001,
    0x0004003d,0x00000013,0x000005d3,0x000005c1,0x0007004f,0x00000022,0x000005d4,0x000005d3,
    0x000005d3,0x00000002,0x00000003,0x00050081,0x00000022,0x000005d5,0x000005d2,0x000005d4,
    0x00050041,0x000005d7,0x000005d8,0x00000519,0x000000e1,0x0004003d,0x00000008,0x000005d9,
    0x000005d8,0x0005008e,0x00000022,0x000005da,0x000005d5,0x000005d9,0x0004003d,0x00000022,
    0x000005db,0x000005cd,0x00050081,0x00000022,0x000005dc,0x000005db,0x000005da,0x0003003e,
    0x000005cd,0x000005dc,0x0004003d,0x00000022,0x000005dd,0x000005cd,0x0006000c,0x00000022,
    0x000005de,0x00000001,0x00000008,0x000005dd,0x0003003e,0x000005cd,0x000005de,0x00050041,
    0x000005e2,0x000005e3,0x000005e1,0x000000e1,0x0004003d,0x00000006,0x000005e4,0x000005e3,
    0x0003003e,0x000005df,0x000005e4,0x00050041,0x000005e2,0x000005e6,0x000005e1,0x000000de,
    0x0004003d,0x00000006,0x000005e7,0x000005e6,0x0004003d,0x00000022,0x000005e8,0x000005cd,
    0x0004006d,0x00000081,0x000005e9,0x000005e8,0x0003003e,0x000005ea,0x000005e9,0x0004003d,
    0x00000006,0x000005ec,0x000005df,0x0003003e,0x000005eb,0x000005ec,0x00050041,0x00000007,
    0x0000086f,0x000005ea,0x000000e1,0x0004003d,0x00000006,0x00000870,0x0000086f,0x000500c2,
    0x00000006,0x00000871,0x00000870,0x00000263,0x0004003d,0x00000006,0x00000872,0x000005eb,
    0x000500c4,0x00000006,0x00000873,0x00000872,0x00000263,0x00050084,0x00000006,0x00000874,
    0x00000871,0x00000873,0x00050041,0x00000007,0x00000875,0x000005ea,0x000000de,0x0004003d,
    0x00000006,0x00000876,0x00000875,0x000500c2,0x00000006,0x00000877,0x00000876,0x00000263,
    0x000500c4,0x00000006,0x00000878,0x00000877,0x0000026b,0x00050080,0x00000006,0x00000879,
    0x00000874,0x00000878,0x0003003e,0x0000086c,0x00000879,0x0004003d,0x00000006,0x0000087b,
    0x00000875,0x000500c7,0x00000006,0x0000087c,0x0000087b,0x00000270,0x000500c4,0x00000006,
    0x0000087d,0x0000087c,0x00000263,0x0004003d,0x00000006,0x0000087f,0x0000086f,0x000500c7,
    0x00000006,0x00000880,0x0000087f,0x00000270,0x000500c4,0x00000006,0x00000881,0x00000880,
    0x00000276,0x00050080,0x00000006,0x00000882,0x0000087d,0x00000881,0x0004003d,0x00000006,
    0x00000883,0x0000086c,0x00050080,0x00000006,0x00000884,0x00000883,0x00000882,0x0003003e,
    0x0000086c,0x00000884,0x0004003d,0x00000006,0x00000886,0x0000086f,0x000500c7,0x00000006,
    0x00000887,0x00000886,0x0000010b,0x000500c4,0x00000006,0x00000888,0x00000887,0x00000276,
    0x0004003d,0x00000006,0x0000088a,0x00000875,0x000500c7,0x00000006,0x0000088b,0x0000088a,
    0x0000010b,0x00050080,0x00000006,0x0000088c,0x00000888,0x0000088b,0x0004003d,0x00000006,
    0x0000088d,0x0000086c,0x00050080,0x00000006,0x0000088e,0x0000088d,0x0000088c,0x0003003e,
    0x0000086c,0x0000088e,0x0004003d,0x00000006,0x0000088f,0x0000086c,0x0003003e,0x0000086d,
    0x0000088f,0x0004003d,0x00000006,0x000005ed,0x0000086d,0x00050080,0x00000006,0x000005ee,
    0x000005e7,0x000005ed,0x0003003e,0x000005e5,0x000005ee,0x0003003e,0x000005ef,0x00000132,
    0x000300f7,0x000005f2,0x00000000,0x000400fa,0x000005f0,0x000005f1,0x000005f2,0x000200f8,
    0x000005f1,0x0004003d,0x00000013,0x000005f6,0x000005f4,0x0003003e,0x000005f5,0x000005f6,
    0x0004003d,0x00000013,0x00000893,0x000005f5,0x0003003e,0x00000890,0x00000893,0x0004003d,
    0x00000013,0x00000894,0x00000890,0x0003003e,0x00000891,0x00000894,0x0004003d,0x00000013,
    0x000005f7,0x00000891,0x0003003e,0x000005f8,0x000005f7,0x0004003d,0x00000013,0x00000899,
    0x000005f8,0x0007004f,0x00000022,0x0000089a,0x00000899,0x00000899,0x00000000,0x00000001,
    0x0004003d,0x00000013,0x0000089b,0x000005f8,0x0007004f,0x00000022,0x0000089c,0x0000089b,
    0x0000089b,0x00000002,0x00000003,0x0007000c,0x00000022,0x0000089d,0x00000001,0x00000025,
    0x0000089a,0x0000089c,0x0003003e,0x00000895,0x0000089d,0x00050041,0x00000019,0x0000089e,
    0x00000895,0x000000de,0x0004003d,0x00000008,0x0000089f,0x0000089e,0x00050041,0x00000019,
    0x000008a0,0x00000895,0x000000e1,0x0004003d,0x00000008,0x000008a1,0x000008a0,0x0007000c,
    0x00000008,0x000008a2,0x00000001,0x00000025,0x0000089f,0x000008a1,0x0003003e,0x00000896,
    0x000008a2,0x0004003d,0x00000008,0x000008a3,0x00000896,0x0003003e,0x00000897,0x000008a3,
    0x0004003d,0x00000008,0x000005f9,0x00000897,0x0003003e,0x000005f3,0x000005f9,0x0004003d,
    0x00000008,0x000005fa,0x000005f3,0x0004003d,0x00000008,0x000005fb,0x000005ef,0x0007000c,
    0x00000008,0x000005fc,0x00000001,0x00000025,0x000005fa,0x000005fb,0x0003003e,0x000005ef,
    0x000005fc,0x000200f9,0x000005f2,0x000200f8,0x000005f2,0x000300f7,0x000005ff,0x00000000,
    0x000400fa,0x000005fd,0x000005fe,0x000005ff,0x000200f8,0x000005fe,0x00050041,0x00000601,
    0x00000602,0x00000600,0x000000de,0x0004003d,0x00000008,0x00000603,0x00000602,0x000500b7,
    0x0000006a,0x00000604,0x00000603,0x0000012d,0x000200f9,0x000005ff,0x000200f8,0x000005ff,
    0x000700f5,0x0000006a,0x00000605,0x000005fd,0x000005f2,0x00000604,0x000005fe,0x000300f7,
    0x00000607,0x00000000,0x000400fa,0x00000605,0x00000606,0x00000607,0x000200f8,0x00000606,
    0x0004003d,0x000005c2,0x0000060a,0x00000609,0x00050062,0x00000013,0x0000060b,0x0000060a,
    0x000005c6,0x00050051,0x00000008,0x0000060c,0x0000060b,0x00000000,0x0003003e,0x00000608,
    0x0000060c,0x0004003d,0x00000008,0x0000060d,0x00000608,0x0004003d,0x00000008,0x0000060e,
    0x000005ef,0x0007000c,0x00000008,0x0000060f,0x00000001,0x00000025,0x0000060d,0x0000060e,
    0x0003003e,0x000005ef,0x0000060f,0x000200f9,0x00000607,0x000200f8,0x00000607,0x0004003d,
    0x00000008,0x00000610,0x000005ef,0x0007000c,0x00000008,0x00000611,0x00000001,0x00000028,
    0x00000610,0x0000012d,0x0003003e,0x000005ef,0x00000611,0x0004003d,0x00000008,0x00000612,
    0x000005c8,0x0004003d,0x00000008,0x00000613,0x000005ef,0x0008000c,0x00000008,0x00000614,
    0x00000001,0x0000002b,0x00000612,0x0000012d,0x00000613,0x0003003e,0x000005c8,0x00000614,
    0x0003003e,0x00000615,0x000005cb,0x00050041,0x00000019,0x000008a6,0x00000615,0x000000e1,
    0x0004003d,0x00000008,0x000008a7,0x000008a6,0x000500be,0x0000006a,0x000008a8,0x000008a7,
    0x0000012d,0x0003003e,0x000008a4,0x000008a8,0x0004003d,0x0000006a,0x00000617,0x000008a4,
    0x000300f7,0x00000619,0x00000000,0x000400fa,0x00000617,0x00000618,0x0000062a,0x000200f8,
    0x0000062a,0x00050041,0x00000019,0x0000062c,0x000005bb,0x0000010b,0x0004003d,0x00000008,
    0x0000062d,0x0000062c,0x0003003e,0x0000062b,0x0000062d,0x0004003d,0x00000008,0x0000062f,
    0x000005c8,0x0003003e,0x0000062e,0x0000062f,0x0004003d,0x00000006,0x00000631,0x000005e5,
    0x0003003e,0x00000630,0x00000631,0x0003003e,0x000008a9,0x0000012d,0x0004003d,0x00000008,
    0x000008bd,0x0000062e,0x0006000c,0x00000008,0x000008be,0x00000001,0x00000004,0x000008bd,
    0x0003003e,0x000008ab,0x000008be,0x0004003d,0x00000008,0x00000912,0x000008ab,0x00050085,
    0x00000008,0x00000913,0x00000912,0x00000295,0x00050081,0x00000008,0x00000914,0x00000913,
    0x00000297,0x0004006d,0x00000006,0x00000915,0x00000914,0x0003003e,0x0000090f,0x00000915,
    0x0004003d,0x00000006,0x00000916,0x0000090f,0x0003003e,0x00000910,0x00000916,0x0004003d,
    0x00000006,0x000008bf,0x00000910,0x0003003e,0x000008aa,0x000008bf,0x0004003d,0x00000006,
    0x000008c0,0x00000630,0x00060041,0x00000514,0x000008c1,0x00000512,0x000003a9,0x000008c0,
    0x0004003d,0x00000006,0x000008c2,0x000008c1,0x0003003e,0x00000632,0x000008c2,0x0004003d,
    0x00000006,0x000008c3,0x00000632,0x00050041,0x00000514,0x000008c4,0x00000519,0x000000de,
    0x0004003d,0x00000006,0x000008c5,0x000008c4,0x000500b0,0x0000006a,0x000008c6,0x000008c3,
    0x000008c5,0x000300f7,0x000008ee,0x00000000,0x000400fa,0x000008c6,0x000008c7,0x000008ee,
    0x000200f8,0x000008c7,0x0004003d,0x00000006,0x000008ca,0x000008aa,0x00050080,0x00000006,
    0x000008cb,0x0000028b,0x000008ca,0x000500c5,0x00000006,0x000008cc,0x000008c5,0x000008cb,
    0x0003003e,0x000008ac,0x000008cc,0x0004003d,0x00000006,0x000008cd,0x00000630,0x00060041,
    0x00000514,0x000008ce,0x00000512,0x000003a9,0x000008cd,0x0004003d,0x00000006,0x000008cf,
    0x000008ac,0x000700ef,0x00000006,0x000008d0,0x000008ce,0x000000e1,0x000000de,0x000008cf,
    0x0003003e,0x000008ad,0x000008d0,0x0004003d,0x00000006,0x000008d1,0x000008ad,0x0003003e,
    0x00000632,0x000008d1,0x0004003d,0x00000006,0x000008d2,0x000008ad,0x000500b2,0x0000006a,
    0x000008d5,0x000008d2,0x000008c5,0x000300f7,0x000008ed,0x00000000,0x000400fa,0x000008d5,
    0x000008ea,0x000008d6,0x000200f8,0x000008d6,0x0004003d,0x00000006,0x000008d7,0x000008ad,
    0x0004003d,0x00000006,0x000008d8,0x000008ac,0x000500b0,0x0000006a,0x000008d9,0x000008d7,
    0x000008d8,0x000300f7,0x000008e9,0x00000000,0x000400fa,0x000008d9,0x000008da,0x000008e9,
    0x000200f8,0x000008da,0x0004003d,0x00000006,0x000008db,0x000008ad,0x000500c7,0x00000006,
    0x000008dc,0x000008db,0x00000289,0x00050082,0x00000006,0x000008dd,0x000008dc,0x0000028b,
    0x0003003e,0x000008ae,0x000008dd,0x0004003d,0x00000006,0x000008de,0x000008ae,0x0003003e,
    0x000008b0,0x000008de,0x0004003d,0x00000006,0x0000091a,0x000008b0,0x00040070,0x00000008,
    0x0000091b,0x0000091a,0x0003003e,0x00000917,0x0000091b,0x0004003d,0x00000008,0x0000091c,
    0x00000917,0x0003003e,0x00000918,0x0000091c,0x0004003d,0x00000008,0x000008df,0x00000918,
    0x00050085,0x00000008,0x000008e0,0x000008df,0x00000290,0x0003003e,0x000008af,0x000008e0,
    0x0004003d,0x00000008,0x000008e1,0x0000062e,0x0003003e,0x000008b1,0x000008e1,0x0004003d,
    0x00000008,0x000008e2,0x000008b1,0x0003003e,0x00000633,0x000008e2,0x0004003d,0x00000008,
    0x000008e3,0x000008af,0x0003003e,0x000008b2,0x000008e3,0x0004003d,0x00000008,0x000008e4,
    0x000008b1,0x0003003e,0x000008b3,0x000008e4,0x0004003d,0x00000008,0x000008e5,0x0000062b,
    0x0003003e,0x000008b4,0x000008e5,0x0004003d,0x00000008,0x0000091f,0x000008b3,0x0004003d,
    0x00000008,0x00000920,0x000008b2,0x00050083,0x00000008,0x00000921,0x0000091f,0x00000920,
    0x0004003d,0x00000008,0x00000922,0x000008b2,0x0004003d,0x00000008,0x00000923,0x000008b4,
    0x00050085,0x00000008,0x00000924,0x00000922,0x00000923,0x00050083,0x00000008,0x00000925,
    0x00000132,0x00000924,0x0007000c,0x00000008,0x00000926,0x00000001,0x00000028,0x00000925,
    0x0000025b,0x00050088,0x00000008,0x00000927,0x00000921,0x00000926,0x0003003e,0x0000091d,
    0x00000927,0x0004003d,0x00000008,0x000008e6,0x0000091d,0x0003003e,0x000008a9,0x000008e6,
    0x0004003d,0x00000006,0x000008e7,0x000008ae,0x0003003e,0x000008aa,0x000008e7,0x0004003d,
    0x00000008,0x000008e8,0x000008af,0x0003003e,0x0000062e,0x000008e8,0x000200f9,0x000008e9,
    0x000200f8,0x000008e9,0x000200f9,0x000008ed,0x000200f8,0x000008ea,0x0004003d,0x00000008,
    0x000008eb,0x0000062e,0x0003003e,0x000008a9,0x000008eb,0x0004003d,0x00000008,0x000008ec,
    0x000008a9,0x0003003e,0x00000633,0x000008ec,0x0003003e,0x0000062e,0x0000012d,0x000200f9,
    0x000008ed,0x000200f8,0x000008ed,0x000200f9,0x000008ee,0x000200f8,0x000008ee,0x0004003d,
    0x00000008,0x000008ef,0x0000062e,0x000500ba,0x0000006a,0x000008f0,0x000008ef,0x0000012d,
    0x000300f7,0x0000090b,0x00000000,0x000400fa,0x000008f0,0x000008f1,0x0000090b,0x000200f8,
    0x000008f1,0x0004003d,0x00000006,0x000008f2,0x00000630,0x00060041,0x00000514,0x000008f3,
    0x00000512,0x000003a9,0x000008f2,0x0004003d,0x00000006,0x000008f4,0x000008aa,0x000700ea,
    0x00000006,0x000008f5,0x000008f3,0x000000e1,0x000000de,0x000008f4,0x0003003e,0x000008b5,
    0x000008f5,0x0004003d,0x00000006,0x000008f6,0x000008b5,0x0003003e,0x000008b7,0x000008f6,
    0x0004003d,0x00000006,0x0000092b,0x000008b7,0x000500c7,0x00000006,0x0000092c,0x0000092b,
    0x00000289,0x00050082,0x00000006,0x0000092d,0x0000092c,0x0000028b,0x0004007c,0x0000000d,
    0x0000092e,0x0000092d,0x0003003e,0x00000928,0x0000092e,0x0004003d,0x0000000d,0x00000934,
    0x00000928,0x0004006f,0x00000008,0x00000935,0x00000934,0x0003003e,0x00000931,0x00000935,
    0x0004003d,0x00000008,0x00000936,0x00000931,0x0003003e,0x00000932,0x00000936,0x0004003d,
    0x00000008,0x0000092f,0x00000932,0x00050085,0x00000008,0x00000930,0x0000092f,0x00000290,
    0x0003003e,0x00000929,0x00000930,0x0004003d,0x00000008,0x000008f7,0x00000929,0x0003003e,
    0x000008b6,0x000008f7,0x0004003d,0x00000008,0x000008f8,0x000008b6,0x0004003d,0x00000008,
    0x000008f9,0x0000062e,0x00050081,0x00000008,0x000008fa,0x000008f8,0x000008f9,0x0003003e,
    0x000008b8,0x000008fa,0x0004003d,0x00000008,0x000008fb,0x000008b6,0x0008000c,0x00000008,
    0x000008fc,0x00000001,0x0000002b,0x000008fb,0x0000012d,0x00000132,0x0003003e,0x000008b6,
    0x000008fc,0x0004003d,0x00000008,0x000008fd,0x000008b8,0x0008000c,0x00000008,0x000008fe,
    0x00000001,0x0000002b,0x000008fd,0x0000012d,0x00000132,0x0003003e,0x000008b8,0x000008fe,
    0x0004003d,0x00000008,0x000008ff,0x000008b8,0x0003003e,0x00000633,0x000008ff,0x0004003d,
    0x00000008,0x00000900,0x000008a9,0x0004003d,0x00000008,0x00000901,0x0000062b,0x00050085,
    0x00000008,0x00000902,0x00000900,0x00000901,0x00050083,0x00000008,0x00000903,0x00000132,
    0x00000902,0x0004003d,0x00000008,0x00000904,0x000008b6,0x0003003e,0x000008b9,0x00000904,
    0x0004003d,0x00000008,0x00000905,0x000008b8,0x0003003e,0x000008ba,0x00000905,0x0004003d,
    0x00000008,0x00000906,0x0000062b,0x0003003e,0x000008bb,0x00000906,0x0004003d,0x00000008,
    0x00000939,0x000008ba,0x0004003d,0x00000008,0x0000093a,0x000008b9,0x00050083,0x00000008,
    0x0000093b,0x00000939,0x0000093a,0x0004003d,0x00000008,0x0000093c,0x000008b9,0x0004003d,
    0x00000008,0x0000093d,0x000008bb,0x00050085,0x00000008,0x0000093e,0x0000093c,0x0000093d,
    0x00050083,0x00000008,0x0000093f,0x00000132,0x0000093e,0x0007000c,0x00000008,0x00000940,
    0x00000001,0x00000028,0x0000093f,0x0000025b,0x00050088,0x00000008,0x00000941,0x0000093b,
    0x00000940,0x0003003e,0x00000937,0x00000941,0x0004003d,0x00000008,0x00000907,0x00000937,
    0x00050085,0x00000008,0x00000908,0x00000903,0x00000907,0x0004003d,0x00000008,0x00000909,
    0x000008a9,0x00050081,0x00000008,0x0000090a,0x00000909,0x00000908,0x0003003e,0x000008a9,
    0x0000090a,0x000200f9,0x0000090b,0x000200f8,0x0000090b,0x0004003d,0x00000008,0x0000090c,
    0x000008a9,0x0004003d,0x00000008,0x0000090d,0x0000062b,0x00050085,0x00000008,0x0000090e,
    0x0000090d,0x0000090c,0x0003003e,0x0000062b,0x0000090e,0x0004003d,0x00000008,0x00000635,
    0x0000062b,0x0003003e,0x0000062c,0x00000635,0x0004003d,0x00000006,0x00000637,0x00000632,
    0x0003003e,0x0000061a,0x00000637,0x0004003d,0x00000008,0x00000638,0x00000633,0x0003003e,
    0x0000061b,0x00000638,0x000200f9,0x00000619,0x000200f8,0x00000618,0x00050041,0x00000019,
    0x0000061d,0x000005bb,0x0000010b,0x0004003d,0x00000008,0x0000061e,0x0000061d,0x0003003e,
    0x0000061c,0x0000061e,0x0004003d,0x00000008,0x00000620,0x000005c8,0x0003003e,0x0000061f,
    0x00000620,0x0004003d,0x00000006,0x00000622,0x000005e5,0x0003003e,0x00000621,0x00000622,
    0x0004003d,0x00000008,0x0000094c,0x0000061f,0x0006000c,0x00000008,0x0000094d,0x00000001,
    0x00000004,0x0000094c,0x0003003e,0x00000943,0x0000094d,0x0004003d,0x00000008,0x0000097e,
    0x00000943,0x00050085,0x00000008,0x0000097f,0x0000097e,0x00000295,0x00050081,0x00000008,
    0x00000980,0x0000097f,0x00000297,0x0004006d,0x00000006,0x00000981,0x00000980,0x0003003e,
    0x0000097b,0x00000981,0x0004003d,0x00000006,0x00000982,0x0000097b,0x0003003e,0x0000097c,
    0x00000982,0x0004003d,0x00000006,0x0000094e,0x0000097c,0x0003003e,0x00000942,0x0000094e,
    0x0004003d,0x00000006,0x0000094f,0x00000621,0x00060041,0x00000514,0x00000950,0x00000512,
    0x000003a9,0x0000094f,0x00050041,0x00000514,0x00000951,0x00000519,0x000000de,0x0004003d,
    0x00000006,0x00000952,0x00000951,0x0004003d,0x00000006,0x00000953,0x00000942,0x000500c5,
    0x00000006,0x00000954,0x00000952,0x00000953,0x000700ef,0x00000006,0x00000955,0x00000950,
    0x000000e1,0x000000de,0x00000954,0x0003003e,0x00000623,0x00000955,0x0004003d,0x00000006,
    0x00000956,0x00000623,0x000500b0,0x0000006a,0x00000959,0x00000956,0x00000952,0x000300f7,
    0x00000977,0x00000000,0x000400fa,0x00000959,0x00000974,0x0000095a,0x000200f8,0x0000095a,
    0x0004003d,0x00000006,0x0000095b,0x00000623,0x000500c7,0x00000006,0x0000095c,0x0000095b,
    0x0000052b,0x000500ab,0x0000006a,0x0000095d,0x0000095c,0x000000de,0x000300f7,0x00000967,
    0x00000000,0x000400fa,0x0000095d,0x0000095e,0x00000967,0x000200f8,0x0000095e,0x0004003d,
    0x00000006,0x0000095f,0x00000621,0x00060041,0x00000514,0x00000960,0x00000512,0x000003a9,
    0x0000095f,0x000500c5,0x00000006,0x00000963,0x00000952,0x0000052b,0x0004003d,0x00000006,
    0x00000964,0x00000942,0x000500c5,0x00000006,0x00000965,0x00000963,0x00000964,0x000700ef,
    0x00000006,0x00000966,0x00000960,0x000000e1,0x000000de,0x00000965,0x0003003e,0x00000623,
    0x00000966,0x000200f9,0x00000967,0x000200f8,0x00000967,0x0004003d,0x00000006,0x00000968,
    0x00000623,0x000500c7,0x00000006,0x00000969,0x00000968,0x00000289,0x0003003e,0x00000946,
    0x00000969,0x0004003d,0x00000006,0x00000986,0x00000946,0x00040070,0x00000008,0x00000987,
    0x00000986,0x0003003e,0x00000983,0x00000987,0x0004003d,0x00000008,0x00000988,0x00000983,
    0x0003003e,0x00000984,0x00000988,0x0004003d,0x00000008,0x0000096a,0x00000984,0x00050085,
    0x00000008,0x0000096b,0x0000096a,0x00000290,0x0003003e,0x00000945,0x0000096b,0x0004003d,
    0x00000008,0x0000096c,0x00000945,0x0004003d,0x00000008,0x0000096d,0x0000061f,0x0007000c,
    0x00000008,0x0000096e,0x00000001,0x00000028,0x0000096c,0x0000096d,0x0003003e,0x00000947,
    0x0000096e,0x0004003d,0x00000008,0x0000096f,0x00000945,0x0003003e,0x00000948,0x0000096f,
    0x0004003d,0x00000008,0x00000970,0x00000947,0x0003003e,0x00000949,0x00000970,0x0004003d,
    0x00000008,0x00000971,0x0000061c,0x0003003e,0x0000094a,0x00000971,0x0004003d,0x00000008,
    0x0000098b,0x00000949,0x0004003d,0x00000008,0x0000098c,0x00000948,0x00050083,0x00000008,
    0x0000098d,0x0000098b,0x0000098c,0x0004003d,0x00000008,0x0000098e,0x00000948,0x0004003d,
    0x00000008,0x0000098f,0x0000094a,0x00050085,0x00000008,0x00000990,0x0000098e,0x0000098f,
    0x00050083,0x00000008,0x00000991,0x00000132,0x00000990,0x0007000c,0x00000008,0x00000992,
    0x00000001,0x00000028,0x00000991,0x0000025b,0x00050088,0x00000008,0x00000993,0x0000098d,
    0x00000992,0x0003003e,0x00000989,0x00000993,0x0004003d,0x00000008,0x00000972,0x00000989,
    0x0003003e,0x00000944,0x00000972,0x0004003d,0x00000008,0x00000973,0x00000947,0x0003003e,
    0x00000624,0x00000973,0x000200f9,0x00000977,0x000200f8,0x00000974,0x0004003d,0x00000008,
    0x00000975,0x0000061f,0x0003003e,0x00000944,0x00000975,0x0004003d,0x00000008,0x00000976,
    0x0000061f,0x0003003e,0x00000624,0x00000976,0x000200f9,0x00000977,0x000200f8,0x00000977,
    0x0004003d,0x00000008,0x00000978,0x00000944,0x0004003d,0x00000008,0x00000979,0x0000061c,
    0x00050085,0x00000008,0x0000097a,0x00000979,0x00000978,0x0003003e,0x0000061c,0x0000097a,
    0x0004003d,0x00000008,0x00000626,0x0000061c,0x0003003e,0x0000061d,0x00000626,0x0004003d,
    0x00000006,0x00000628,0x00000623,0x0003003e,0x0000061a,0x00000628,0x0004003d,0x00000008,
    0x00000629,0x00000624,0x0003003e,0x0000061b,0x00000629,0x000200f9,0x00000619,0x000200f8,
    0x00000619,0x000300f7,0x0000063a,0x00000000,0x000400fa,0x00000181,0x00000639,0x0000063a,
    0x000200f8,0x00000639,0x0003003e,0x0000063e,0x000005b8,0x00050041,0x000005d7,0x00000642,
    0x00000519,0x000000f4,0x0004003d,0x00000008,0x00000643,0x00000642,0x0003003e,0x00000641,
    0x00000643,0x00050041,0x000005d7,0x00000645,0x00000519,0x0000010b,0x0004003d,0x00000008,
    0x00000646,0x00000645,0x0003003e,0x00000644,0x00000646,0x000300f7,0x000009a0,0x00000000,
    0x000400fa,0x00000181,0x0000099b,0x0000099a,0x000200f8,0x0000099a,0x0003003e,0x00000994,
    0x0000012d,0x000200f9,0x000009a0,0x000200f8,0x0000099b,0x0004003d,0x00000022,0x0000099c,
    0x0000063e,0x0003003e,0x00000995,0x0000099c,0x0004003d,0x00000008,0x0000099d,0x00000641,
    0x0003003e,0x00000996,0x0000099d,0x0004003d,0x00000008,0x0000099e,0x00000644,0x0003003e,
    0x00000997,0x0000099e,0x00050041,0x00000019,0x000009a6,0x00000995,0x000000de,0x0004003d,
    0x00000008,0x000009a7,0x000009a6,0x00050085,0x00000008,0x000009a8,0x0000016b,0x000009a7,
    0x00050041,0x00000019,0x000009a9,0x00000995,0x000000e1,0x0004003d,0x00000008,0x000009aa,
    0x000009a9,0x00050085,0x00000008,0x000009ab,0x0000016f,0x000009aa,0x00050081,0x00000008,
    0x000009ac,0x000009a8,0x000009ab,0x0006000c,0x00000008,0x000009ad,0x00000001,0x0000000a,
    0x000009ac,0x0003003e,0x000009a2,0x000009ad,0x0004003d,0x00000008,0x000009ae,0x000009a2,
    0x00050085,0x00000008,0x000009af,0x00000176,0x000009ae,0x0006000c,0x00000008,0x000009b0,
    0x00000001,0x0000000a,0x000009af,0x0003003e,0x000009a3,0x000009b0,0x0004003d,0x00000008,
    0x000009b1,0x000009a3,0x0004003d,0x00000008,0x000009b2,0x00000996,0x00050085,0x00000008,
    0x000009b3,0x000009b1,0x000009b2,0x0004003d,0x00000008,0x000009b4,0x00000997,0x00050081,
    0x00000008,0x000009b5,0x000009b3,0x000009b4,0x0003003e,0x000009a4,0x000009b5,0x0004003d,
    0x00000008,0x0000099f,0x000009a4,0x0003003e,0x00000994,0x0000099f,0x000200f9,0x000009a0,
    0x000200f8,0x000009a0,0x0004003d,0x00000008,0x000009a1,0x00000994,0x0003003e,0x00000998,
    0x000009a1,0x0004003d,0x00000008,0x00000647,0x00000998,0x0003003e,0x0000063b,0x00000647,
    0x000200f9,0x0000063a,0x000200f8,0x0000063a,0x00050041,0x00000019,0x00000648,0x000005bb,
    0x0000010b,0x0004003d,0x00000008,0x00000649,0x00000648,0x000500ba,0x0000006a,0x0000064a,
    0x00000649,0x0000012d,0x000300f7,0x0000064c,0x00000000,0x000400fa,0x0000064a,0x0000064b,
    0x0000064c,0x000200f8,0x0000064b,0x0004003d,0x00000006,0x0000064f,0x0000061a,0x00050041,
    0x00000514,0x00000650,0x00000519,0x000000de,0x0004003d,0x00000006,0x00000651,0x00000650,
    0x000500ae,0x0000006a,0x00000652,0x0000064f,0x00000651,0x000300f7,0x00000654,0x00000000,
    0x000400fa,0x00000652,0x00000653,0x00000654,0x000200f8,0x00000653,0x0004003d,0x00000006,
    0x00000655,0x0000061a,0x000500c7,0x00000006,0x00000656,0x00000655,0x0000052b,0x000500ab,
    0x0000006a,0x00000657,0x00000656,0x000000de,0x000200f9,0x00000654,0x000200f8,0x00000654,
    0x000700f5,0x0000006a,0x00000658,0x00000652,0x0000064b,0x00000657,0x00000653,0x0003003e,
    0x0000064e,0x00000658,0x0004003d,0x0000006a,0x00000659,0x0000064e,0x000400a8,0x0000006a,
    0x0000065a,0x00000659,0x000300f7,0x0000065c,0x00000000,0x000400fa,0x0000065a,0x0000065b,
    0x0000068c,0x000200f8,0x0000068c,0x0004003d,0x0000067f,0x0000068d,0x00000681,0x0004003d,
    0x000005b2,0x0000068e,0x000005b4,0x00050062,0x00000013,0x0000068f,0x0000068d,0x0000068e,
    0x00050041,0x00000019,0x00000691,0x000005bb,0x000000de,0x00050051,0x00000008,0x00000692,
    0x0000068f,0x00000000,0x0003003e,0x00000691,0x00000692,0x00050041,0x00000019,0x00000693,
    0x000005bb,0x000000e1,0x00050051,0x00000008,0x00000694,0x0000068f,0x00000001,0x0003003e,
    0x00000693,0x00000694,0x00050041,0x00000019,0x00000695,0x000005bb,0x000000f4,0x00050051,
    0x00000008,0x00000696,0x0000068f,0x00000002,0x0003003e,0x00000695,0x00000696,0x000200f9,
    0x0000065c,0x000200f8,0x0000065b,0x0004003d,0x00000008,0x0000065f,0x0000065d,0x0003003e,
    0x0000065e,0x0000065f,0x0004003d,0x00000008,0x000009b8,0x0000065e,0x0004006d,0x00000006,
    0x000009b9,0x000009b8,0x0003003e,0x000009b6,0x000009b9,0x0004003d,0x00000006,0x00000660,
    0x000009b6,0x0004003d,0x00000013,0x00000662,0x000005bb,0x0008004f,0x0000002c,0x00000663,
    0x00000662,0x00000662,0x00000000,0x00000001,0x00000002,0x0003003e,0x00000661,0x00000663,
    0x0004003d,0x00000013,0x00000665,0x000005c1,0x0003003e,0x00000664,0x00000665,0x0003003e,
    0x00000666,0x00000660,0x0004003d,0x0000002c,0x000009c1,0x00000661,0x0003003e,0x000009bb,
    0x000009c1,0x0004003d,0x00000013,0x000009c2,0x00000664,0x0003003e,0x000009bc,0x000009c2,
    0x0004003d,0x00000006,0x000009c3,0x00000666,0x0003003e,0x000009bd,0x000009c3,0x0004003d,
    0x00000013,0x000009f3,0x000009bc,0x0003003e,0x000009cc,0x000009f3,0x0004003d,0x00000013,
    0x00000aef,0x000009cc,0x0008004f,0x0000002c,0x00000af0,0x00000aef,0x00000aef,0x00000000,
    0x00000001,0x00000002,0x00050041,0x00000019,0x00000af1,0x000009cc,0x0000010b,0x0004003d,
    0x00000008,0x00000af2,0x00000af1,0x000500b7,0x0000006a,0x00000af3,0x00000af2,0x0000012d,
    0x000300f7,0x00000af9,0x00000000,0x000400fa,0x00000af3,0x00000af5,0x00000af4,0x000200f8,
    0x00000af4,0x0003003e,0x00000aec,0x0000012d,0x000200f9,0x00000af9,0x000200f8,0x00000af5,
    0x0004003d,0x00000008,0x00000af7,0x00000af1,0x00050088,0x00000008,0x00000af8,0x00000132,
    0x00000af7,0x0003003e,0x00000aec,0x00000af8,0x000200f9,0x00000af9,0x000200f8,0x00000af9,
    0x0004003d,0x00000008,0x00000afa,0x00000aec,0x0005008e,0x0000002c,0x00000afb,0x00000af0,
    0x00000afa,0x0003003e,0x00000aed,0x00000afb,0x0004003d,0x0000002c,0x000009f4,0x00000aed,
    0x0003003e,0x000009cb,0x000009f4,0x0004003d,0x00000006,0x000009f5,0x000009bd,0x000300f7,
    0x00000aea,0x00000000,0x002100fb,0x000009f5,0x00000aea,0x0000000b,0x00000ae6,0x00000001,
    0x00000ade,0x00000002,0x00000ace,0x00000003,0x00000aca,0x00000004,0x00000ac6,0x00000005,
    0x00000aa4,0x00000006,0x00000a78,0x00000007,0x00000a68,0x00000008,0x00000a2e,0x00000009,
    0x00000a29,0x0000000a,0x00000a20,0x0000000c,0x00000a15,0x0000000d,0x00000a0a,0x0000000e,
    0x00000a00,0x0000000f,0x000009f6,0x000200f8,0x000009f6,0x000300f7,0x000009ff,0x00000000,
    0x000400fa,0x000003f7,0x000009f7,0x000009ff,0x000200f8,0x000009f7,0x0004003d,0x0000002c,
    0x000009f8,0x000009bb,0x0003003e,0x000009ed,0x0000012d,0x0004003d,0x00000008,0x00000aff,
    0x000009ed,0x00050041,0x00000019,0x00000b00,0x00000afc,0x000000de,0x0003003e,0x00000b00,
    0x00000aff,0x0004003d,0x00000008,0x00000b01,0x000009ed,0x00050041,0x00000019,0x00000b02,
    0x00000afc,0x000000e1,0x0003003e,0x00000b02,0x00000b01,0x0004003d,0x00000008,0x00000b03,
    0x000009ed,0x00050041,0x00000019,0x00000b04,0x00000afc,0x000000f4,0x0003003e,0x00000b04,
    0x00000b03,0x0004003d,0x0000002c,0x00000b05,0x00000afc,0x0003003e,0x00000afd,0x00000b05,
    0x0004003d,0x0000002c,0x000009f9,0x00000afd,0x0003003e,0x000009ee,0x00000132,0x0004003d,
    0x00000008,0x00000b09,0x000009ee,0x00050041,0x00000019,0x00000b0a,0x00000b06,0x000000de,
    0x0003003e,0x00000b0a,0x00000b09,0x0004003d,0x00000008,0x00000b0b,0x000009ee,0x00050041,
    0x00000019,0x00000b0c,0x00000b06,0x000000e1,0x0003003e,0x00000b0c,0x00000b0b,0x0004003d,
    0x00000008,0x00000b0d,0x000009ee,0x00050041,0x00000019,0x00000b0e,0x00000b06,0x000000f4,
    0x0003003e,0x00000b0e,0x00000b0d,0x0004003d,0x0000002c,0x00000b0f,0x00000b06,0x0003003e,
    0x00000b07,0x00000b0f,0x0004003d,0x0000002c,0x000009fa,0x00000b07,0x0008000c,0x0000002c,
    0x000009fb,0x00000001,0x0000002b,0x000009f8,0x000009f9,0x000009fa,0x0003003e,0x000009bb,
    0x000009fb,0x0004003d,0x0000002c,0x000009fc,0x000009cb,0x0003003e,0x000009ef,0x000009fc,
    0x0004003d,0x0000002c,0x000009fd,0x000009bb,0x0003003e,0x000009f0,0x000009fd,0x0004003d,
    0x0000002c,0x00000b20,0x000009f0,0x0003003e,0x00000b11,0x00000b20,0x0004003d,0x0000002c,
    0x00000b46,0x00000b11,0x0003003e,0x00000b41,0x0000029f,0x0003003e,0x00000b42,0x000002a0,
    0x0003003e,0x00000b43,0x000002a1,0x0004003d,0x00000008,0x00000b4c,0x00000b41,0x00050041,
    0x00000019,0x00000b4d,0x00000b49,0x000000de,0x0003003e,0x00000b4d,0x00000b4c,0x0004003d,
    0x00000008,0x00000b4e,0x00000b42,0x00050041,0x00000019,0x00000b4f,0x00000b49,0x000000e1,
    0x0003003e,0x00000b4f,0x00000b4e,0x0004003d,0x00000008,0x00000b50,0x00000b43,0x00050041,
    0x00000019,0x00000b51,0x00000b49,0x000000f4,0x0003003e,0x00000b51,0x00000b50,0x0004003d,
    0x0000002c,0x00000b52,0x00000b49,0x0003003e,0x00000b4a,0x00000b52,0x0004003d,0x0000002c,
    0x00000b47,0x00000b4a,0x00050094,0x00000008,0x00000b48,0x00000b46,0x00000b47,0x0003003e,
    0x00000b44,0x00000b48,0x0004003d,0x00000008,0x00000b21,0x00000b44,0x0003003e,0x00000b10,
    0x00000b21,0x0004003d,0x0000002c,0x00000b22,0x000009ef,0x0004003d,0x0000002c,0x00000b23,
    0x000009ef,0x0003003e,0x00000b13,0x00000b23,0x0004003d,0x0000002c,0x00000b58,0x00000b13,
    0x0003003e,0x00000b53,0x0000029f,0x0003003e,0x00000b54,0x000002a0,0x0003003e,0x00000b55,
    0x000002a1,0x0004003d,0x00000008,0x00000b5e,0x00000b53,0x00050041,0x00000019,0x00000b5f,
    0x00000b5b,0x000000de,0x0003003e,0x00000b5f,0x00000b5e,0x0004003d,0x00000008,0x00000b60,
    0x00000b54,0x00050041,0x00000019,0x00000b61,0x00000b5b,0x000000e1,0x0003003e,0x00000b61,
    0x00000b60,0x0004003d,0x00000008,0x00000b62,0x00000b55,0x00050041,0x00000019,0x00000b63,
    0x00000b5b,0x000000f4,0x0003003e,0x00000b63,0x00000b62,0x0004003d,0x0000002c,0x00000b64,
    0x00000b5b,0x0003003e,0x00000b5c,0x00000b64,0x0004003d,0x0000002c,0x00000b59,0x00000b5c,
    0x00050094,0x00000008,0x00000b5a,0x00000b58,0x00000b59,0x0003003e,0x00000b56,0x00000b5a,
    0x0004003d,0x00000008,0x00000b24,0x00000b56,0x00060050,0x0000002c,0x00000b25,0x00000b24,
    0x00000b24,0x00000b24,0x00050083,0x0000002c,0x00000b26,0x00000b22,0x00000b25,0x0003003e,
    0x00000b12,0x00000b26,0x0004003d,0x00000008,0x00000b27,0x00000b10,0x00050083,0x00000008,
    0x00000b28,0x00000132,0x00000b27,0x0004003d,0x00000008,0x00000b29,0x00000b10,0x0003003e,
    0x00000b15,0x00000b29,0x0003003e,0x00000b16,0x00000b28,0x0004003d,0x00000008,0x00000b68,
    0x00000b15,0x00050041,0x00000019,0x00000b69,0x00000b65,0x000000de,0x0003003e,0x00000b69,
    0x00000b68,0x0004003d,0x00000008,0x00000b6a,0x00000b16,0x00050041,0x00000019,0x00000b6b,
    0x00000b65,0x000000e1,0x0003003e,0x00000b6b,0x00000b6a,0x0004003d,0x00000022,0x00000b6c,
    0x00000b65,0x0003003e,0x00000b66,0x00000b6c,0x0004003d,0x00000022,0x00000b2a,0x00000b66,
    0x0003003e,0x00000b17,0x0000025b,0x0004003d,0x00000008,0x00000b70,0x00000b17,0x00050041,
    0x00000019,0x00000b71,0x00000b6d,0x000000de,0x0003003e,0x00000b71,0x00000b70,0x0004003d,
    0x00000008,0x00000b72,0x00000b17,0x00050041,0x00000019,0x00000b73,0x00000b6d,0x000000e1,
    0x0003003e,0x00000b73,0x00000b72,0x0004003d,0x00000022,0x00000b74,0x00000b6d,0x0003003e,
    0x00000b6e,0x00000b74,0x0004003d,0x00000022,0x00000b2b,0x00000b6e,0x0004003d,0x0000002c,
    0x00000b2c,0x00000b12,0x0003003e,0x00000b18,0x00000b2c,0x0004003d,0x0000002c,0x00000b78,
    0x00000b18,0x0007004f,0x00000022,0x00000b79,0x00000b78,0x00000b78,0x00000000,0x00000001,
    0x0003003e,0x00000b75,0x00000b79,0x00050041,0x00000019,0x00000b80,0x00000b75,0x000000de,
    0x0004003d,0x00000008,0x00000b81,0x00000b80,0x00050041,0x00000019,0x00000b82,0x00000b75,
    0x000000e1,0x0004003d,0x00000008,0x00000b83,0x00000b82,0x0007000c,0x00000008,0x00000b84,
    0x00000001,0x00000025,0x00000b81,0x00000b83,0x0003003e,0x00000b7e,0x00000b84,0x0004003d,
    0x00000008,0x00000b7a,0x00000b7e,0x00050041,0x00000019,0x00000b7b,0x00000b18,0x000000f4,
    0x0004003d,0x00000008,0x00000b7c,0x00000b7b,0x0007000c,0x00000008,0x00000b7d,0x00000001,
    0x00000025,0x00000b7a,0x00000b7c,0x0003003e,0x00000b76,0x00000b7d,0x0004003d,0x00000008,
    0x00000b2d,0x00000b76,0x0004007f,0x00000008,0x00000b2e,0x00000b2d,0x0004003d,0x0000002c,
    0x00000b2f,0x00000b12,0x0003003e,0x00000b19,0x00000b2f,0x0004003d,0x0000002c,0x00000b88,
    0x00000b19,0x0007004f,0x00000022,0x00000b89,0x00000b88,0x00000b88,0x00000000,0x00000001,
    0x0003003e,0x00000b85,0x00000b89,0x00050041,0x00000019,0x00000b90,0x00000b85,0x000000de,
    0x0004003d,0x00000008,0x00000b91,0x00000b90,0x00050041,0x00000019,0x00000b92,0x00000b85,
    0x000000e1,0x0004003d,0x00000008,0x00000b93,0x00000b92,0x0007000c,0x00000008,0x00000b94,
    0x00000001,0x00000028,0x00000b91,0x00000b93,0x0003003e,0x00000b8e,0x00000b94,0x0004003d,
    0x00000008,0x00000b8a,0x00000b8e,0x00050041,0x00000019,0x00000b8b,0x00000b19,0x000000f4,
    0x0004003d,0x00000008,0x00000b8c,0x00000b8b,0x0007000c,0x00000008,0x00000b8d,0x00000001,
    0x00000028,0x00000b8a,0x00000b8c,0x0003003e,0x00000b86,0x00000b8d,0x0004003d,0x00000008,
    0x00000b30,0x00000b86,0x0003003e,0x00000b1a,0x00000b2e,0x0003003e,0x00000b1b,0x00000b30,
    0x0004003d,0x00000008,0x00000b98,0x00000b1a,0x00050041,0x00000019,0x00000b99,0x00000b95,
    0x000000de,0x0003003e,0x00000b99,0x00000b98,0x0004003d,0x00000008,0x00000b9a,0x00000b1b,
    0x00050041,0x00000019,0x00000b9b,0x00000b95,0x000000e1,0x0003003e,0x00000b9b,0x00000b9a,
    0x0004003d,0x00000022,0x00000b9c,0x00000b95,0x0003003e,0x00000b96,0x00000b9c,0x0004003d,
    0x00000022,0x00000b31,0x00000b96,0x0007000c,0x00000022,0x00000b32,0x00000001,0x00000028,
    0x00000b2b,0x00000b31,0x00050088,0x00000022,0x00000b33,0x00000b2a,0x00000b32,0x0003003e,
    0x00000b14,0x00000b33,0x0003003e,0x00000b1d,0x00000132,0x0004003d,0x00000008,0x00000b9f,
    0x00000b1d,0x0003003e,0x00000b9d,0x00000b9f,0x0004003d,0x00000008,0x00000b34,0x00000b9d,
    0x00050041,0x00000019,0x00000b35,0x00000b14,0x000000de,0x0004003d,0x00000008,0x00000b36,
    0x00000b35,0x00050041,0x00000019,0x00000b37,0x00000b14,0x000000e1,0x0004003d,0x00000008,
    0x00000b38,0x00000b37,0x0007000c,0x00000008,0x00000b39,0x00000001,0x00000025,0x00000b36,
    0x00000b38,0x0007000c,0x00000008,0x00000b3a,0x00000001,0x00000025,0x00000b34,0x00000b39,
    0x0003003e,0x00000b1c,0x00000b3a,0x0004003d,0x0000002c,0x00000b3b,0x00000b12,0x0004003d,
    0x00000008,0x00000b3c,0x00000b1c,0x0005008e,0x0000002c,0x00000b3d,0x00000b3b,0x00000b3c,
    0x0004003d,0x00000008,0x00000b3e,0x00000b10,0x00060050,0x0000002c,0x00000b3f,0x00000b3e,
    0x00000b3e,0x00000b3e,0x00050081,0x0000002c,0x00000b40,0x00000b3d,0x00000b3f,0x0003003e,
    0x00000b1e,0x00000b40,0x0004003d,0x0000002c,0x000009fe,0x00000b1e,0x0003003e,0x000009cd,
    0x000009fe,0x000200f9,0x000009ff,0x000200f8,0x000009ff,0x000200f9,0x00000aea,0x000200f8,
    0x00000a00,0x000300f7,0x00000a09,0x00000000,0x000400fa,0x000003f7,0x00000a01,0x00000a09,
    0x000200f8,0x00000a01,0x0004003d,0x0000002c,0x00000a02,0x000009bb,0x0003003e,0x000009e9,
    0x0000012d,0x0004003d,0x00000008,0x00000ba3,0x000009e9,0x00050041,0x00000019,0x00000ba4,
    0x00000ba0,0x000000de,0x0003003e,0x00000ba4,0x00000ba3,0x0004003d,0x00000008,0x00000ba5,
    0x000009e9,0x00050041,0x00000019,0x00000ba6,0x00000ba0,0x000000e1,0x0003003e,0x00000ba6,
    0x00000ba5,0x0004003d,0x00000008,0x00000ba7,0x000009e9,0x00050041,0x00000019,0x00000ba8,
    0x00000ba0,0x000000f4,0x0003003e,0x00000ba8,0x00000ba7,0x0004003d,0x0000002c,0x00000ba9,
    0x00000ba0,0x0003003e,0x00000ba1,0x00000ba9,0x0004003d,0x0000002c,0x00000a03,0x00000ba1,
    0x0003003e,0x000009ea,0x00000132,0x0004003d,0x00000008,0x00000bad,0x000009ea,0x00050041,
    0x00000019,0x00000bae,0x00000baa,0x000000de,0x0003003e,0x00000bae,0x00000bad,0x0004003d,
    0x00000008,0x00000baf,0x000009ea,0x00050041,0x00000019,0x00000bb0,0x00000baa,0x000000e1,
    0x0003003e,0x00000bb0,0x00000baf,0x0004003d,0x00000008,0x00000bb1,0x000009ea,0x00050041,
    0x00000019,0x00000bb2,0x00000baa,0x000000f4,0x0003003e,0x00000bb2,0x00000bb1,0x0004003d,
    0x0000002c,0x00000bb3,0x00000baa,0x0003003e,0x00000bab,0x00000bb3,0x0004003d,0x0000002c,
    0x00000a04,0x00000bab,0x0008000c,0x0000002c,0x00000a05,0x00000001,0x0000002b,0x00000a02,
    0x00000a03,0x00000a04,0x0003003e,0x000009bb,0x00000a05,0x0004003d,0x0000002c,0x00000a06,
    0x000009bb,0x0003003e,0x000009eb,0x00000a06,0x0004003d,0x0000002c,0x00000a07,0x000009cb,
    0x0003003e,0x000009ec,0x00000a07,0x0004003d,0x0000002c,0x00000bc4,0x000009ec,0x0003003e,
    0x00000bb5,0x00000bc4,0x0004003d,0x0000002c,0x00000bea,0x00000bb5,0x0003003e,0x00000be5,
    0x0000029f,0x0003003e,0x00000be6,0x000002a0,0x0003003e,0x00000be7,0x000002a1,0x0004003d,
    0x00000008,0x00000bf0,0x00000be5,0x00050041,0x00000019,0x00000bf1,0x00000bed,0x000000de,
    0x0003003e,0x00000bf1,0x00000bf0,0x0004003d,0x00000008,0x00000bf2,0x00000be6,0x00050041,
    0x00000019,0x00000bf3,0x00000bed,0x000000e1,0x0003003e,0x00000bf3,0x00000bf2,0x0004003d,
    0x00000008,0x00000bf4,0x00000be7,0x00050041,0x00000019,0x00000bf5,0x00000bed,0x000000f4,
    0x0003003e,0x00000bf5,0x00000bf4,0x0004003d,0x0000002c,0x00000bf6,0x00000bed,0x0003003e,
    0x00000bee,0x00000bf6,0x0004003d,0x0000002c,0x00000beb,0x00000bee,0x00050094,0x00000008,
    0x00000bec,0x00000bea,0x00000beb,0x0003003e,0x00000be8,0x00000bec,0x0004003d,0x00000008,
    0x00000bc5,0x00000be8,0x0003003e,0x00000bb4,0x00000bc5,0x0004003d,0x0000002c,0x00000bc6,
    0x000009eb,0x0004003d,0x0000002c,0x00000bc7,0x000009eb,0x0003003e,0x00000bb7,0x00000bc7,
    0x0004003d,0x0000002c,0x00000bfc,0x00000bb7,0x0003003e,0x00000bf7,0x0000029f,0x0003003e,
    0x00000bf8,0x000002a0,0x0003003e,0x00000bf9,0x000002a1,0x0004003d,0x00000008,0x00000c02,
    0x00000bf7,0x00050041,0x00000019,0x00000c03,0x00000bff,0x000000de,0x0003003e,0x00000c03,
    0x00000c02,0x0004003d,0x00000008,0x00000c04,0x00000bf8,0x00050041,0x00000019,0x00000c05,
    0x00000bff,0x000000e1,0x0003003e,0x00000c05,0x00000c04,0x0004003d,0x00000008,0x00000c06,
    0x00000bf9,0x00050041,0x00000019,0x00000c07,0x00000bff,0x000000f4,0x0003003e,0x00000c07,
    0x00000c06,0x0004003d,0x0000002c,0x00000c08,0x00000bff,0x0003003e,0x00000c00,0x00000c08,
    0x0004003d,0x0000002c,0x00000bfd,0x00000c00,0x00050094,0x00000008,0x00000bfe,0x00000bfc,
    0x00000bfd,0x0003003e,0x00000bfa,0x00000bfe,0x0004003d,0x00000008,0x00000bc8,0x00000bfa,
    0x00060050,0x0000002c,0x00000bc9,0x00000bc8,0x00000bc8,0x00000bc8,0x00050083,0x0000002c,
    0x00000bca,0x00000bc6,0x00000bc9,0x0003003e,0x00000bb6,0x00000bca,0x0004003d,0x00000008,
    0x00000bcb,0x00000bb4,0x00050083,0x00000008,0x00000bcc,0x00000132,0x00000bcb,0x0004003d,
    0x00000008,0x00000bcd,0x00000bb4,0x0003003e,0x00000bb9,0x00000bcd,0x0003003e,0x00000bba,
    0x00000bcc,0x0004003d,0x00000008,0x00000c0c,0x00000bb9,0x00050041,0x00000019,0x00000c0d,
    0x00000c09,0x000000de,0x0003003e,0x00000c0d,0x00000c0c,0x0004003d,0x00000008,0x00000c0e,
    0x00000bba,0x00050041,0x00000019,0x00000c0f,0x00000c09,0x000000e1,0x0003003e,0x00000c0f,
    0x00000c0e,0x0004003d,0x00000022,0x00000c10,0x00000c09,0x0003003e,0x00000c0a,0x00000c10,
    0x0004003d,0x00000022,0x00000bce,0x00000c0a,0x0003003e,0x00000bbb,0x0000025b,0x0004003d,
    0x00000008,0x00000c14,0x00000bbb,0x00050041,0x00000019,0x00000c15,0x00000c11,0x000000de,
    0x0003003e,0x00000c15,0x00000c14,0x0004003d,0x00000008,0x00000c16,0x00000bbb,0x00050041,
    0x00000019,0x00000c17,0x00000c11,0x000000e1,0x0003003e,0x00000c17,0x00000c16,0x0004003d,
    0x00000022,0x00000c18,0x00000c11,0x0003003e,0x00000c12,0x00000c18,0x0004003d,0x00000022,
    0x00000bcf,0x00000c12,0x0004003d,0x0000002c,0x00000bd0,0x00000bb6,0x0003003e,0x00000bbc,
    0x00000bd0,0x0004003d,0x0000002c,0x00000c1c,0x00000bbc,0x0007004f,0x00000022,0x00000c1d,
    0x00000c1c,0x00000c1c,0x00000000,0x00000001,0x0003003e,0x00000c19,0x00000c1d,0x00050041,
    0x00000019,0x00000c24,0x00000c19,0x000000de,0x0004003d,0x00000008,0x00000c25,0x00000c24,
    0x00050041,0x00000019,0x00000c26,0x00000c19,0x000000e1,0x0004003d,0x00000008,0x00000c27,
    0x00000c26,0x0007000c,0x00000008,0x00000c28,0x00000001,0x00000025,0x00000c25,0x00000c27,
    0x0003003e,0x00000c22,0x00000c28,0x0004003d,0x00000008,0x00000c1e,0x00000c22,0x00050041,
    0x00000019,0x00000c1f,0x00000bbc,0x000000f4,0x0004003d,0x00000008,0x00000c20,0x00000c1f,
    0x0007000c,0x00000008,0x00000c21,0x00000001,0x00000025,0x00000c1e,0x00000c20,0x0003003e,
    0x00000c1a,0x00000c21,0x0004003d,0x00000008,0x00000bd1,0x00000c1a,0x0004007f,0x00000008,
    0x00000bd2,0x00000bd1,0x0004003d,0x0000002c,0x00000bd3,0x00000bb6,0x0003003e,0x00000bbd,
    0x00000bd3,0x0004003d,0x0000002c,0x00000c2c,0x00000bbd,0x0007004f,0x00000022,0x00000c2d,
    0x00000c2c,0x00000c2c,0x00000000,0x00000001,0x0003003e,0x00000c29,0x00000c2d,0x00050041,
    0x00000019,0x00000c34,0x00000c29,0x000000de,0x0004003d,0x00000008,0x00000c35,0x00000c34,
    0x00050041,0x00000019,0x00000c36,0x00000c29,0x000000e1,0x0004003d,0x00000008,0x00000c37,
    0x00000c36,0x0007000c,0x00000008,0x00000c38,0x00000001,0x00000028,0x00000c35,0x00000c37,
    0x0003003e,0x00000c32,0x00000c38,0x0004003d,0x00000008,0x00000c2e,0x00000c32,0x00050041,
    0x00000019,0x00000c2f,0x00000bbd,0x000000f4,0x0004003d,0x00000008,0x00000c30,0x00000c2f,
    0x0007000c,0x00000008,0x00000c31,0x00000001,0x00000028,0x00000c2e,0x00000c30,0x0003003e,
    0x00000c2a,0x00000c31,0x0004003d,0x00000008,0x00000bd4,0x00000c2a,0x0003003e,0x00000bbe,
    0x00000bd2,0x0003003e,0x00000bbf,0x00000bd4,0x0004003d,0x00000008,0x00000c3c,0x00000bbe,
    0x00050041,0x00000019,0x00000c3d,0x00000c39,0x000000de,0x0003003e,0x00000c3d,0x00000c3c,
    0x0004003d,0x00000008,0x00000c3e,0x00000bbf,0x00050041,0x00000019,0x00000c3f,0x00000c39,
    0x000000e1,0x0003003e,0x00000c3f,0x00000c3e,0x0004003d,0x00000022,0x00000c40,0x00000c39,
    0x0003003e,0x00000c3a,0x00000c40,0x0004003d,0x00000022,0x00000bd5,0x00000c3a,0x0007000c,
    0x00000022,0x00000bd6,0x00000001,0x00000028,0x00000bcf,0x00000bd5,0x00050088,0x00000022,
    0x00000bd7,0x00000bce,0x00000bd6,0x0003003e,0x00000bb8,0x00000bd7,0x0003003e,0x00000bc1,
    0x00000132,0x0004003d,0x00000008,0x00000c43,0x00000bc1,0x0003003e,0x00000c41,0x00000c43,
    0x0004003d,0x00000008,0x00000bd8,0x00000c41,0x00050041,0x00000019,0x00000bd9,0x00000bb8,
    0x000000de,0x0004003d,0x00000008,0x00000bda,0x00000bd9,0x00050041,0x00000019,0x00000bdb,
    0x00000bb8,0x000000e1,0x0004003d,0x00000008,0x00000bdc,0x00000bdb,0x0007000c,0x00000008,
    0x00000bdd,0x00000001,0x00000025,0x00000bda,0x00000bdc,0x0007000c,0x00000008,0x00000bde,
    0x00000001,0x00000025,0x00000bd8,0x00000bdd,0x0003003e,0x00000bc0,0x00000bde,0x0004003d,
    0x0000002c,0x00000bdf,0x00000bb6,0x0004003d,0x00000008,0x00000be0,0x00000bc0,0x0005008e,
    0x0000002c,0x00000be1,0x00000bdf,0x00000be0,0x0004003d,0x00000008,0x00000be2,0x00000bb4,
    0x00060050,0x0000002c,0x00000be3,0x00000be2,0x00000be2,0x00000be2,0x00050081,0x0000002c,
    0x00000be4,0x00000be1,0x00000be3,0x0003003e,0x00000bc2,0x00000be4,0x0004003d,0x0000002c,
    0x00000a08,0x00000bc2,0x0003003e,0x000009cd,0x00000a08,0x000200f9,0x00000a09,0x000200f8,
    0x00000a09,0x000200f9,0x00000aea,0x000200f8,0x00000a0a,0x000300f7,0x00000a14,0x00000000,
    0x000400fa,0x000003f7,0x00000a0b,0x00000a14,0x000200f8,0x00000a0b,0x0004003d,0x0000002c,
    0x00000a0c,0x000009bb,0x0003003e,0x000009e4,0x0000012d,0x0004003d,0x00000008,0x00000c47,
    0x000009e4,0x00050041,0x00000019,0x00000c48,0x00000c44,0x000000de,0x0003003e,0x00000c48,
    0x00000c47,0x0004003d,0x00000008,0x00000c49,0x000009e4,0x00050041,0x00000019,0x00000c4a,
    0x00000c44,0x000000e1,0x0003003e,0x00000c4a,0x00000c49,0x0004003d,0x00000008,0x00000c4b,
    0x000009e4,0x00050041,0x00000019,0x00000c4c,0x00000c44,0x000000f4,0x0003003e,0x00000c4c,
    0x00000c4b,0x0004003d,0x0000002c,0x00000c4d,0x00000c44,0x0003003e,0x00000c45,0x00000c4d,
    0x0004003d,0x0000002c,0x00000a0d,0x00000c45,0x0003003e,0x000009e5,0x00000132,0x0004003d,
    0x00000008,0x00000c51,0x000009e5,0x00050041,0x00000019,0x00000c52,0x00000c4e,0x000000de,
    0x0003003e,0x00000c52,0x00000c51,0x0004003d,0x00000008,0x00000c53,0x000009e5,0x00050041,
    0x00000019,0x00000c54,0x00000c4e,0x000000e1,0x0003003e,0x00000c54,0x00000c53,0x0004003d,
    0x00000008,0x00000c55,0x000009e5,0x00050041,0x00000019,0x00000c56,0x00000c4e,0x000000f4,
    0x0003003e,0x00000c56,0x00000c55,0x0004003d,0x0000002c,0x00000c57,0x00000c4e,0x0003003e,
    0x00000c4f,0x00000c57,0x0004003d,0x0000002c,0x00000a0e,0x00000c4f,0x0008000c,0x0000002c,
    0x00000a0f,0x00000001,0x0000002b,0x00000a0c,0x00000a0d,0x00000a0e,0x0003003e,0x000009bb,
    0x00000a0f,0x0004003d,0x0000002c,0x00000a10,0x000009cb,0x0003003e,0x000009e6,0x00000a10,
    0x0004003d,0x0000002c,0x00000a11,0x000009bb,0x0003003e,0x000009e7,0x00000a11,0x0004003d,
    0x0000002c,0x00000a12,0x000009cb,0x0003003e,0x000009e8,0x00000a12,0x0004003d,0x0000002c,
    0x00000c63,0x000009e7,0x0003003e,0x00000c59,0x00000c63,0x0004003d,0x0000002c,0x00000c7b,
    0x00000c59,0x0007004f,0x00000022,0x00000c7c,0x00000c7b,0x00000c7b,0x00000000,0x00000001,
    0x0003003e,0x00000c78,0x00000c7c,0x00050041,0x00000019,0x00000c83,0x00000c78,0x000000de,
    0x0004003d,0x00000008,0x00000c84,0x00000c83,0x00050041,0x00000019,0x00000c85,0x00000c78,
    0x000000e1,0x0004003d,0x00000008,0x00000c86,0x00000c85,0x0007000c,0x00000008,0x00000c87,
    0x00000001,0x00000028,0x00000c84,0x00000c86,0x0003003e,0x00000c81,0x00000c87,0x0004003d,
    0x00000008,0x00000c7d,0x00000c81,0x00050041,0x00000019,0x00000c7e,0x00000c59,0x000000f4,
    0x0004003d,0x00000008,0x00000c7f,0x00000c7e,0x0007000c,0x00000008,0x00000c80,0x00000001,
    0x00000028,0x00000c7d,0x00000c7f,0x0003003e,0x00000c79,0x00000c80,0x0004003d,0x00000008,
    0x00000c64,0x00000c79,0x0004003d,0x0000002c,0x00000c65,0x000009e7,0x0003003e,0x00000c5a,
    0x00000c65,0x0004003d,0x0000002c,0x00000c8b,0x00000c5a,0x0007004f,0x00000022,0x00000c8c,
    0x00000c8b,0x00000c8b,0x00000000,0x00000001,0x0003003e,0x00000c88,0x00000c8c,0x00050041,
    0x00000019,0x00000c93,0x00000c88,0x000000de,0x0004003d,0x00000008,0x00000c94,0x00000c93,
    0x00050041,0x00000019,0x00000c95,0x00000c88,0x000000e1,0x0004003d,0x00000008,0x00000c96,
    0x00000c95,0x0007000c,0x00000008,0x00000c97,0x00000001,0x00000025,0x00000c94,0x00000c96,
    0x0003003e,0x00000c91,0x00000c97,0x0004003d,0x00000008,0x00000c8d,0x00000c91,0x00050041,
    0x00000019,0x00000c8e,0x00000c5a,0x000000f4,0x0004003d,0x00000008,0x00000c8f,0x00000c8e,
    0x0007000c,0x00000008,0x00000c90,0x00000001,0x00000025,0x00000c8d,0x00000c8f,0x0003003e,
    0x00000c89,0x00000c90,0x0004003d,0x00000008,0x00000c66,0x00000c89,0x00050083,0x00000008,
    0x00000c67,0x00000c64,0x00000c66,0x0003003e,0x00000c58,0x00000c67,0x0004003d,0x0000002c,
    0x00000c68,0x000009e6,0x0003003e,0x00000c5b,0x00000c68,0x0004003d,0x0000002c,0x00000c9b,
    0x00000c5b,0x0007004f,0x00000022,0x00000c9c,0x00000c9b,0x00000c9b,0x00000000,0x00000001,
    0x0003003e,0x00000c98,0x00000c9c,0x00050041,0x00000019,0x00000ca3,0x00000c98,0x000000de,
    0x0004003d,0x00000008,0x00000ca4,0x00000ca3,0x00050041,0x00000019,0x00000ca5,0x00000c98,
    0x000000e1,0x0004003d,0x00000008,0x00000ca6,0x00000ca5,0x0007000c,0x00000008,0x00000ca7,
    0x00000001,0x00000025,0x00000ca4,0x00000ca6,0x0003003e,0x00000ca1,0x00000ca7,0x0004003d,
    0x00000008,0x00000c9d,0x00000ca1,0x00050041,0x00000019,0x00000c9e,0x00000c5b,0x000000f4,
    0x0004003d,0x00000008,0x00000c9f,0x00000c9e,0x0007000c,0x00000008,0x00000ca0,0x00000001,
    0x00000025,0x00000c9d,0x00000c9f,0x0003003e,0x00000c99,0x00000ca0,0x0004003d,0x00000008,
    0x00000c69,0x00000c99,0x0004003d,0x0000002c,0x00000c6a,0x000009e6,0x00060050,0x0000002c,
    0x00000c6b,0x00000c69,0x00000c69,0x00000c69,0x00050083,0x0000002c,0x00000c6c,0x00000c6a,
    0x00000c6b,0x0003003e,0x000009e6,0x00000c6c,0x0004003d,0x0000002c,0x00000c6d,0x000009e6,
    0x0003003e,0x00000c5d,0x00000c6d,0x0004003d,0x0000002c,0x00000cab,0x00000c5d,0x0007004f,
    0x00000022,0x00000cac,0x00000cab,0x00000cab,0x00000000,0x00000001,0x0003003e,0x00000ca8,
    0x00000cac,0x00050041,0x00000019,0x00000cb3,0x00000ca8,0x000000de,0x0004003d,0x00000008,
    0x00000cb4,0x00000cb3,0x00050041,0x00000019,0x00000cb5,0x00000ca8,0x000000e1,0x0004003d,
    0x00000008,0x00000cb6,0x00000cb5,0x0007000c,0x00000008,0x00000cb7,0x00000001,0x00000028,
    0x00000cb4,0x00000cb6,0x0003003e,0x00000cb1,0x00000cb7,0x0004003d,0x00000008,0x00000cad,
    0x00000cb1,0x00050041,0x00000019,0x00000cae,0x00000c5d,0x000000f4,0x0004003d,0x00000008,
    0x00000caf,0x00000cae,0x0007000c,0x00000008,0x00000cb0,0x00000001,0x00000028,0x00000cad,
    0x00000caf,0x0003003e,0x00000ca9,0x00000cb0,0x0004003d,0x00000008,0x00000c6e,0x00000ca9,
    0x0003003e,0x00000c5c,0x00000c6e,0x0004003d,0x00000008,0x00000c6f,0x00000c58,0x0004003d,
    0x00000008,0x00000c70,0x00000c5c,0x0007000c,0x00000008,0x00000c71,0x00000001,0x00000028,
    0x0000025b,0x00000c70,0x00050088,0x00000008,0x00000c72,0x00000c6f,0x00000c71,0x0003003e,
    0x00000c5e,0x00000c72,0x0004003d,0x0000002c,0x00000c73,0x000009e6,0x0004003d,0x00000008,
    0x00000c74,0x00000c5e,0x0005008e,0x0000002c,0x00000c75,0x00000c73,0x00000c74,0x0003003e,
    0x00000c5f,0x00000c75,0x0004003d,0x0000002c,0x00000c76,0x000009e8,0x0003003e,0x00000c60,
    0x00000c76,0x0004003d,0x0000002c,0x00000cc8,0x00000c60,0x0003003e,0x00000cb9,0x00000cc8,
    0x0004003d,0x0000002c,0x00000cee,0x00000cb9,0x0003003e,0x00000ce9,0x0000029f,0x0003003e,
    0x00000cea,0x000002a0,0x0003003e,0x00000ceb,0x000002a1,0x0004003d,0x00000008,0x00000cf4,
    0x00000ce9,0x00050041,0x00000019,0x00000cf5,0x00000cf1,0x000000de,0x0003003e,0x00000cf5,
    0x00000cf4,0x0004003d,0x00000008,0x00000cf6,0x00000cea,0x00050041,0x00000019,0x00000cf7,
    0x00000cf1,0x000000e1,0x0003003e,0x00000cf7,0x00000cf6,0x0004003d,0x00000008,0x00000cf8,
    0x00000ceb,0x00050041,0x00000019,0x00000cf9,0x00000cf1,0x000000f4,0x0003003e,0x00000cf9,
    0x00000cf8,0x0004003d,0x0000002c,0x00000cfa,0x00000cf1,0x0003003e,0x00000cf2,0x00000cfa,
    0x0004003d,0x0000002c,0x00000cef,0x00000cf2,0x00050094,0x00000008,0x00000cf0,0x00000cee,
    0x00000cef,0x0003003e,0x00000cec,0x00000cf0,0x0004003d,0x00000008,0x00000cc9,0x00000cec,
    0x0003003e,0x00000cb8,0x00000cc9,0x0004003d,0x0000002c,0x00000cca,0x00000c5f,0x0004003d,
    0x0000002c,0x00000ccb,0x00000c5f,0x0003003e,0x00000cbb,0x00000ccb,0x0004003d,0x0000002c,
    0x00000d00,0x00000cbb,0x0003003e,0x00000cfb,0x0000029f,0x0003003e,0x00000cfc,0x000002a0,
    0x0003003e,0x00000cfd,0x000002a1,0x0004003d,0x00000008,0x00000d06,0x00000cfb,0x00050041,
    0x00000019,0x00000d07,0x00000d03,0x000000de,0x0003003e,0x00000d07,0x00000d06,0x0004003d,
    0x00000008,0x00000d08,0x00000cfc,0x00050041,0x00000019,0x00000d09,0x00000d03,0x000000e1,
    0x0003003e,0x00000d09,0x00000d08,0x0004003d,0x00000008,0x00000d0a,0x00000cfd,0x00050041,
    0x00000019,0x00000d0b,0x00000d03,0x000000f4,0x0003003e,0x00000d0b,0x00000d0a,0x0004003d,
    0x0000002c,0x00000d0c,0x00000d03,0x0003003e,0x00000d04,0x00000d0c,0x0004003d,0x0000002c,
    0x00000d01,0x00000d04,0x00050094,0x00000008,0x00000d02,0x00000d00,0x00000d01,0x0003003e,
    0x00000cfe,0x00000d02,0x0004003d,0x00000008,0x00000ccc,0x00000cfe,0x00060050,0x0000002c,
    0x00000ccd,0x00000ccc,0x00000ccc,0x00000ccc,0x00050083,0x0000002c,0x00000cce,0x00000cca,
    0x00000ccd,0x0003003e,0x00000cba,0x00000cce,0x0004003d,0x00000008,0x00000ccf,0x00000cb8,
    0x00050083,0x00000008,0x00000cd0,0x00000132,0x00000ccf,0x0004003d,0x00000008,0x00000cd1,
    0x00000cb8,0x0003003e,0x00000cbd,0x00000cd1,0x0003003e,0x00000cbe,0x00000cd0,0x0004003d,
    0x00000008,0x00000d10,0x00000cbd,0x00050041,0x00000019,0x00000d11,0x00000d0d,0x000000de,
    0x0003003e,0x00000d11,0x00000d10,0x0004003d,0x00000008,0x00000d12,0x00000cbe,0x00050041,
    0x00000019,0x00000d13,0x00000d0d,0x000000e1,0x0003003e,0x00000d13,0x00000d12,0x0004003d,
    0x00000022,0x00000d14,0x00000d0d,0x0003003e,0x00000d0e,0x00000d14,0x0004003d,0x00000022,
    0x00000cd2,0x00000d0e,0x0003003e,0x00000cbf,0x0000025b,0x0004003d,0x00000008,0x00000d18,
    0x00000cbf,0x00050041,0x00000019,0x00000d19,0x00000d15,0x000000de,0x0003003e,0x00000d19,
    0x00000d18,0x0004003d,0x00000008,0x00000d1a,0x00000cbf,0x00050041,0x00000019,0x00000d1b,
    0x00000d15,0x000000e1,0x0003003e,0x00000d1b,0x00000d1a,0x0004003d,0x00000022,0x00000d1c,
    0x00000d15,0x0003003e,0x00000d16,0x00000d1c,0x0004003d,0x00000022,0x00000cd3,0x00000d16,
    0x0004003d,0x0000002c,0x00000cd4,0x00000cba,0x0003003e,0x00000cc0,0x00000cd4,0x0004003d,
    0x0000002c,0x00000d20,0x00000cc0,0x0007004f,0x00000022,0x00000d21,0x00000d20,0x00000d20,
    0x00000000,0x00000001,0x0003003e,0x00000d1d,0x00000d21,0x00050041,0x00000019,0x00000d28,
    0x00000d1d,0x000000de,0x0004003d,0x00000008,0x00000d29,0x00000d28,0x00050041,0x00000019,
    0x00000d2a,0x00000d1d,0x000000e1,0x0004003d,0x00000008,0x00000d2b,0x00000d2a,0x0007000c,
    0x00000008,0x00000d2c,0x00000001,0x00000025,0x00000d29,0x00000d2b,0x0003003e,0x00000d26,
    0x00000d2c,0x0004003d,0x00000008,0x00000d22,0x00000d26,0x00050041,0x00000019,0x00000d23,
    0x00000cc0,0x000000f4,0x0004003d,0x00000008,0x00000d24,0x00000d23,0x0007000c,0x00000008,
    0x00000d25,0x00000001,0x00000025,0x00000d22,0x00000d24,0x0003003e,0x00000d1e,0x00000d25,
    0x0004003d,0x00000008,0x00000cd5,0x00000d1e,0x0004007f,0x00000008,0x00000cd6,0x00000cd5,
    0x0004003d,0x0000002c,0x00000cd7,0x00000cba,0x0003003e,0x00000cc1,0x00000cd7,0x0004003d,
    0x0000002c,0x00000d30,0x00000cc1,0x0007004f,0x00000022,0x00000d31,0x00000d30,0x00000d30,
    0x00000000,0x00000001,0x0003003e,0x00000d2d,0x00000d31,0x00050041,0x00000019,0x00000d38,
    0x00000d2d,0x000000de,0x0004003d,0x00000008,0x00000d39,0x00000d38,0x00050041,0x00000019,
    0x00000d3a,0x00000d2d,0x000000e1,0x0004003d,0x00000008,0x00000d3b,0x00000d3a,0x0007000c,
    0x00000008,0x00000d3c,0x00000001,0x00000028,0x00000d39,0x00000d3b,0x0003003e,0x00000d36,
    0x00000d3c,0x0004003d,0x00000008,0x00000d32,0x00000d36,0x00050041,0x00000019,0x00000d33,
    0x00000cc1,0x000000f4,0x0004003d,0x00000008,0x00000d34,0x00000d33,0x0007000c,0x00000008,
    0x00000d35,0x00000001,0x00000028,0x00000d32,0x00000d34,0x0003003e,0x00000d2e,0x00000d35,
    0x0004003d,0x00000008,0x00000cd8,0x00000d2e,0x0003003e,0x00000cc2,0x00000cd6,0x0003003e,
    0x00000cc3,0x00000cd8,0x0004003d,0x00000008,0x00000d40,0x00000cc2,0x00050041,0x00000019,
    0x00000d41,0x00000d3d,0x000000de,0x0003003e,0x00000d41,0x00000d40,0x0004003d,0x00000008,
    0x00000d42,0x00000cc3,0x00050041,0x00000019,0x00000d43,0x00000d3d,0x000000e1,0x0003003e,
    0x00000d43,0x00000d42,0x0004003d,0x00000022,0x00000d44,0x00000d3d,0x0003003e,0x00000d3e,
    0x00000d44,0x0004003d,0x00000022,0x00000cd9,0x00000d3e,0x0007000c,0x00000022,0x00000cda,
    0x00000001,0x00000028,0x00000cd3,0x00000cd9,0x00050088,0x00000022,0x00000cdb,0x00000cd2,
    0x00000cda,0x0003003e,0x00000cbc,0x00000cdb,0x0003003e,0x00000cc5,0x00000132,0x0004003d,
    0x00000008,0x00000d47,0x00000cc5,0x0003003e,0x00000d45,0x00000d47,0x0004003d,0x00000008,
    0x00000cdc,0x00000d45,0x00050041,0x00000019,0x00000cdd,0x00000cbc,0x000000de,0x0004003d,
    0x00000008,0x00000cde,0x00000cdd,0x00050041,0x00000019,0x00000cdf,0x00000cbc,0x000000e1,
    0x0004003d,0x00000008,0x00000ce0,0x00000cdf,0x0007000c,0x00000008,0x00000ce1,0x00000001,
    0x00000025,0x00000cde,0x00000ce0,0x0007000c,0x00000008,0x00000ce2,0x00000001,0x00000025,
    0x00000cdc,0x00000ce1,0x0003003e,0x00000cc4,0x00000ce2,0x0004003d,0x0000002c,0x00000ce3,
    0x00000cba,0x0004003d,0x00000008,0x00000ce4,0x00000cc4,0x0005008e,0x0000002c,0x00000ce5,
    0x00000ce3,0x00000ce4,0x0004003d,0x00000008,0x00000ce6,0x00000cb8,0x00060050,0x0000002c,
    0x00000ce7,0x00000ce6,0x00000ce6,0x00000ce6,0x00050081,0x0000002c,0x00000ce8,0x00000ce5,
    0x00000ce7,0x0003003e,0x00000cc6,0x00000ce8,0x0004003d,0x0000002c,0x00000c77,0x00000cc6,
    0x0003003e,0x00000c61,0x00000c77,0x0004003d,0x0000002c,0x00000a13,0x00000c61,0x0003003e,
    0x000009cd,0x00000a13,0x000200f9,0x00000a14,0x000200f8,0x00000a14,0x000200f9,0x00000aea,
    0x000200f8,0x00000a15,0x000300f7,0x00000a1f,0x00000000,0x000400fa,0x000003f7,0x00000a16,
    0x00000a1f,0x000200f8,0x00000a16,0x0004003d,0x0000002c,0x00000a17,0x000009bb,0x0003003e,
    0x000009df,0x0000012d,0x0004003d,0x00000008,0x00000d4b,0x000009df,0x00050041,0x00000019,
    0x00000d4c,0x00000d48,0x000000de,0x0003003e,0x00000d4c,0x00000d4b,0x0004003d,0x00000008,
    0x00000d4d,0x000009df,0x00050041,0x00000019,0x00000d4e,0x00000d48,0x000000e1,0x0003003e,
    0x00000d4e,0x00000d4d,0x0004003d,0x00000008,0x00000d4f,0x000009df,0x00050041,0x00000019,
    0x00000d50,0x00000d48,0x000000f4,0x0003003e,0x00000d50,0x00000d4f,0x0004003d,0x0000002c,
    0x00000d51,0x00000d48,0x0003003e,0x00000d49,0x00000d51,0x0004003d,0x0000002c,0x00000a18,
    0x00000d49,0x0003003e,0x000009e0,0x00000132,0x0004003d,0x00000008,0x00000d55,0x000009e0,
    0x00050041,0x00000019,0x00000d56,0x00000d52,0x000000de,0x0003003e,0x00000d56,0x00000d55,
    0x0004003d,0x00000008,0x00000d57,0x000009e0,0x00050041,0x00000019,0x00000d58,0x00000d52,
    0x000000e1,0x0003003e,0x00000d58,0x00000d57,0x0004003d,0x00000008,0x00000d59,0x000009e0,
    0x00050041,0x00000019,0x00000d5a,0x00000d52,0x000000f4,0x0003003e,0x00000d5a,0x00000d59,
    0x0004003d,0x0000002c,0x00000d5b,0x00000d52,0x0003003e,0x00000d53,0x00000d5b,0x0004003d,
    0x0000002c,0x00000a19,0x00000d53,0x0008000c,0x0000002c,0x00000a1a,0x00000001,0x0000002b,
    0x00000a17,0x00000a18,0x00000a19,0x0003003e,0x000009bb,0x00000a1a,0x0004003d,0x0000002c,
    0x00000a1b,0x000009bb,0x0003003e,0x000009e1,0x00000a1b,0x0004003d,0x0000002c,0x00000a1c,
    0x000009cb,0x0003003e,0x000009e2,0x00000a1c,0x0004003d,0x0000002c,0x00000a1d,0x000009cb,
    0x0003003e,0x000009e3,0x00000a1d,0x0004003d,0x0000002c,0x00000d67,0x000009e2,0x0003003e,
    0x00000d5d,0x00000d67,0x0004003d,0x0000002c,0x00000d7f,0x00000d5d,0x0007004f,0x00000022,
    0x00000d80,0x00000d7f,0x00000d7f,0x00000000,0x00000001,0x0003003e,0x00000d7c,0x00000d80,
    0x00050041,0x00000019,0x00000d87,0x00000d7c,0x000000de,0x0004003d,0x00000008,0x00000d88,
    0x00000d87,0x00050041,0x00000019,0x00000d89,0x00000d7c,0x000000e1,0x0004003d,0x00000008,
    0x00000d8a,0x00000d89,0x0007000c,0x00000008,0x00000d8b,0x00000001,0x00000028,0x00000d88,
    0x00000d8a,0x0003003e,0x00000d85,0x00000d8b,0x0004003d,0x00000008,0x00000d81,0x00000d85,
    0x00050041,0x00000019,0x00000d82,0x00000d5d,0x000000f4,0x0004003d,0x00000008,0x00000d83,
    0x00000d82,0x0007000c,0x00000008,0x00000d84,0x00000001,0x00000028,0x00000d81,0x00000d83,
    0x0003003e,0x00000d7d,0x00000d84,0x0004003d,0x00000008,0x00000d68,0x00000d7d,0x0004003d,
    0x0000002c,0x00000d69,0x000009e2,0x0003003e,0x00000d5e,0x00000d69,0x0004003d,0x0000002c,
    0x00000d8f,0x00000d5e,0x0007004f,0x00000022,0x00000d90,0x00000d8f,0x00000d8f,0x00000000,
    0x00000001,0x0003003e,0x00000d8c,0x00000d90,0x00050041,0x00000019,0x00000d97,0x00000d8c,
    0x000000de,0x0004003d,0x00000008,0x00000d98,0x00000d97,0x00050041,0x00000019,0x00000d99,
    0x00000d8c,0x000000e1,0x0004003d,0x00000008,0x00000d9a,0x00000d99,0x0007000c,0x00000008,
    0x00000d9b,0x00000001,0x00000025,0x00000d98,0x00000d9a,0x0003003e,0x00000d95,0x00000d9b,
    0x0004003d,0x00000008,0x00000d91,0x00000d95,0x00050041,0x00000019,0x00000d92,0x00000d5e,
    0x000000f4,0x0004003d,0x00000008,0x00000d93,0x00000d92,0x0007000c,0x00000008,0x00000d94,
    0x00000001,0x00000025,0x00000d91,0x00000d93,0x0003003e,0x00000d8d,0x00000d94,0x0004003d,
    0x00000008,0x00000d6a,0x00000d8d,0x00050083,0x00000008,0x00000d6b,0x00000d68,0x00000d6a,
    0x0003003e,0x00000d5c,0x00000d6b,0x0004003d,0x0000002c,0x00000d6c,0x000009e1,0x0003003e,
    0x00000d5f,0x00000d6c,0x0004003d,0x0000002c,0x00000d9f,0x00000d5f,0x0007004f,0x00000022,
    0x00000da0,0x00000d9f,0x00000d9f,0x00000000,0x00000001,0x0003003e,0x00000d9c,0x00000da0,
    0x00050041,0x00000019,0x00000da7,0x00000d9c,0x000000de,0x0004003d,0x00000008,0x00000da8,
    0x00000da7,0x00050041,0x00000019,0x00000da9,0x00000d9c,0x000000e1,0x0004003d,0x00000008,
    0x00000daa,0x00000da9,0x0007000c,0x00000008,0x00000dab,0x00000001,0x00000025,0x00000da8,
    0x00000daa,0x0003003e,0x00000da5,0x00000dab,0x0004003d,0x00000008,0x00000da1,0x00000da5,
    0x00050041,0x00000019,0x00000da2,0x00000d5f,0x000000f4,0x0004003d,0x00000008,0x00000da3,
    0x00000da2,0x0007000c,0x00000008,0x00000da4,0x00000001,0x00000025,0x00000da1,0x00000da3,
    0x0003003e,0x00000d9d,0x00000da4,0x0004003d,0x00000008,0x00000d6d,0x00000d9d,0x0004003d,
    0x0000002c,0x00000d6e,0x000009e1,0x00060050,0x0000002c,0x00000d6f,0x00000d6d,0x00000d6d,
    0x00000d6d,0x00050083,0x0000002c,0x00000d70,0x00000d6e,0x00000d6f,0x0003003e,0x000009e1,
    0x00000d70,0x0004003d,0x0000002c,0x00000d71,0x000009e1,0x0003003e,0x00000d61,0x00000d71,
    0x0004003d,0x0000002c,0x00000daf,0x00000d61,0x0007004f,0x00000022,0x00000db0,0x00000daf,
    0x00000daf,0x00000000,0x00000001,0x0003003e,0x00000dac,0x00000db0,0x00050041,0x00000019,
    0x00000db7,0x00000dac,0x000000de,0x0004003d,0x00000008,0x00000db8,0x00000db7,0x00050041,
    0x00000019,0x00000db9,0x00000dac,0x000000e1,0x0004003d,0x00000008,0x00000dba,0x00000db9,
    0x0007000c,0x00000008,0x00000dbb,0x00000001,0x00000028,0x00000db8,0x00000dba,0x0003003e,
    0x00000db5,0x00000dbb,0x0004003d,0x00000008,0x00000db1,0x00000db5,0x00050041,0x00000019,
    0x00000db2,0x00000d61,0x000000f4,0x0004003d,0x00000008,0x00000db3,0x00000db2,0x0007000c,
    0x00000008,0x00000db4,0x00000001,0x00000028,0x00000db1,0x00000db3,0x0003003e,0x00000dad,
    0x00000db4,0x0004003d,0x00000008,0x00000d72,0x00000dad,0x0003003e,0x00000d60,0x00000d72,
    0x0004003d,0x00000008,0x00000d73,0x00000d5c,0x0004003d,0x00000008,0x00000d74,0x00000d60,
    0x0007000c,0x00000008,0x00000d75,0x00000001,0x00000028,0x0000025b,0x00000d74,0x00050088,
    0x00000008,0x00000d76,0x00000d73,0x00000d75,0x0003003e,0x00000d62,0x00000d76,0x0004003d,
    0x0000002c,0x00000d77,0x000009e1,0x0004003d,0x00000008,0x00000d78,0x00000d62,0x0005008e,
    0x0000002c,0x00000d79,0x00000d77,0x00000d78,0x0003003e,0x00000d63,0x00000d79,0x0004003d,
    0x0000002c,0x00000d7a,0x000009e3,0x0003003e,0x00000d64,0x00000d7a,0x0004003d,0x0000002c,
    0x00000dcc,0x00000d64,0x0003003e,0x00000dbd,0x00000dcc,0x0004003d,0x0000002c,0x00000df2,
    0x00000dbd,0x0003003e,0x00000ded,0x0000029f,0x0003003e,0x00000dee,0x000002a0,0x0003003e,
    0x00000def,0x000002a1,0x0004003d,0x00000008,0x00000df8,0x00000ded,0x00050041,0x00000019,
    0x00000df9,0x00000df5,0x000000de,0x0003003e,0x00000df9,0x00000df8,0x0004003d,0x00000008,
    0x00000dfa,0x00000dee,0x00050041,0x00000019,0x00000dfb,0x00000df5,0x000000e1,0x0003003e,
    0x00000dfb,0x00000dfa,0x0004003d,0x00000008,0x00000dfc,0x00000def,0x00050041,0x00000019,
    0x00000dfd,0x00000df5,0x000000f4,0x0003003e,0x00000dfd,0x00000dfc,0x0004003d,0x0000002c,
    0x00000dfe,0x00000df5,0x0003003e,0x00000df6,0x00000dfe,0x0004003d,0x0000002c,0x00000df3,
    0x00000df6,0x00050094,0x00000008,0x00000df4,0x00000df2,0x00000df3,0x0003003e,0x00000df0,
    0x00000df4,0x0004003d,0x00000008,0x00000dcd,0x00000df0,0x0003003e,0x00000dbc,0x00000dcd,
    0x0004003d,0x0000002c,0x00000dce,0x00000d63,0x0004003d,0x0000002c,0x00000dcf,0x00000d63,
    0x0003003e,0x00000dbf,0x00000dcf,0x0004003d,0x0000002c,0x00000e04,0x00000dbf,0x0003003e,
    0x00000dff,0x0000029f,0x0003003e,0x00000e00,0x000002a0,0x0003003e,0x00000e01,0x000002a1,
    0x0004003d,0x00000008,0x00000e0a,0x00000dff,0x00050041,0x00000019,0x00000e0b,0x00000e07,
    0x000000de,0x0003003e,0x00000e0b,0x00000e0a,0x0004003d,0x00000008,0x00000e0c,0x00000e00,
    0x00050041,0x00000019,0x00000e0d,0x00000e07,0x000000e1,0x0003003e,0x00000e0d,0x00000e0c,
    0x0004003d,0x00000008,0x00000e0e,0x00000e01,0x00050041,0x00000019,0x00000e0f,0x00000e07,
    0x000000f4,0x0003003e,0x00000e0f,0x00000e0e,0x0004003d,0x0000002c,0x00000e10,0x00000e07,
    0x0003003e,0x00000e08,0x00000e10,0x0004003d,0x0000002c,0x00000e05,0x00000e08,0x00050094,
    0x00000008,0x00000e06,0x00000e04,0x00000e05,0x0003003e,0x00000e02,0x00000e06,0x0004003d,
    0x00000008,0x00000dd0,0x00000e02,0x00060050,0x0000002c,0x00000dd1,0x00000dd0,0x00000dd0,
    0x00000dd0,0x00050083,0x0000002c,0x00000dd2,0x00000dce,0x00000dd1,0x0003003e,0x00000dbe,
    0x00000dd2,0x0004003d,0x00000008,0x00000dd3,0x00000dbc,0x00050083,0x00000008,0x00000dd4,
    0x00000132,0x00000dd3,0x0004003d,0x00000008,0x00000dd5,0x00000dbc,0x0003003e,0x00000dc1,
    0x00000dd5,0x0003003e,0x00000dc2,0x00000dd4,0x0004003d,0x00000008,0x00000e14,0x00000dc1,
    0x00050041,0x00000019,0x00000e15,0x00000e11,0x000000de,0x0003003e,0x00000e15,0x00000e14,
    0x0004003d,0x00000008,0x00000e16,0x00000dc2,0x00050041,0x00000019,0x00000e17,0x00000e11,
    0x000000e1,0x0003003e,0x00000e17,0x00000e16,0x0004003d,0x00000022,0x00000e18,0x00000e11,
    0x0003003e,0x00000e12,0x00000e18,0x0004003d,0x00000022,0x00000dd6,0x00000e12,0x0003003e,
    0x00000dc3,0x0000025b,0x0004003d,0x00000008,0x00000e1c,0x00000dc3,0x00050041,0x00000019,
    0x00000e1d,0x00000e19,0x000000de,0x0003003e,0x00000e1d,0x00000e1c,0x0004003d,0x00000008,
    0x00000e1e,0x00000dc3,0x00050041,0x00000019,0x00000e1f,0x00000e19,0x000000e1,0x0003003e,
    0x00000e1f,0x00000e1e,0x0004003d,0x00000022,0x00000e20,0x00000e19,0x0003003e,0x00000e1a,
    0x00000e20,0x0004003d,0x00000022,0x00000dd7,0x00000e1a,0x0004003d,0x0000002c,0x00000dd8,
    0x00000dbe,0x0003003e,0x00000dc4,0x00000dd8,0x0004003d,0x0000002c,0x00000e24,0x00000dc4,
    0x0007004f,0x00000022,0x00000e25,0x00000e24,0x00000e24,0x00000000,0x00000001,0x0003003e,
    0x00000e21,0x00000e25,0x00050041,0x00000019,0x00000e2c,0x00000e21,0x000000de,0x0004003d,
    0x00000008,0x00000e2d,0x00000e2c,0x00050041,0x00000019,0x00000e2e,0x00000e21,0x000000e1,
    0x0004003d,0x00000008,0x00000e2f,0x00000e2e,0x0007000c,0x00000008,0x00000e30,0x00000001,
    0x00000025,0x00000e2d,0x00000e2f,0x0003003e,0x00000e2a,0x00000e30,0x0004003d,0x00000008,
    0x00000e26,0x00000e2a,0x00050041,0x00000019,0x00000e27,0x00000dc4,0x000000f4,0x0004003d,
    0x00000008,0x00000e28,0x00000e27,0x0007000c,0x00000008,0x00000e29,0x00000001,0x00000025,
    0x00000e26,0x00000e28,0x0003003e,0x00000e22,0x00000e29,0x0004003d,0x00000008,0x00000dd9,
    0x00000e22,0x0004007f,0x00000008,0x00000dda,0x00000dd9,0x0004003d,0x0000002c,0x00000ddb,
    0x00000dbe,0x0003003e,0x00000dc5,0x00000ddb,0x0004003d,0x0000002c,0x00000e34,0x00000dc5,
    0x0007004f,0x00000022,0x00000e35,0x00000e34,0x00000e34,0x00000000,0x00000001,0x0003003e,
    0x00000e31,0x00000e35,0x00050041,0x00000019,0x00000e3c,0x00000e31,0x000000de,0x0004003d,
    0x00000008,0x00000e3d,0x00000e3c,0x00050041,0x00000019,0x00000e3e,0x00000e31,0x000000e1,
    0x0004003d,0x00000008,0x00000e3f,0x00000e3e,0x0007000c,0x00000008,0x00000e40,0x00000001,
    0x00000028,0x00000e3d,0x00000e3f,0x0003003e,0x00000e3a,0x00000e40,0x0004003d,0x00000008,
    0x00000e36,0x00000e3a,0x00050041,0x00000019,0x00000e37,0x00000dc5,0x000000f4,0x0004003d,
    0x00000008,0x00000e38,0x00000e37,0x0007000c,0x00000008,0x00000e39,0x00000001,0x00000028,
    0x00000e36,0x00000e38,0x0003003e,0x00000e32,0x00000e39,0x0004003d,0x00000008,0x00000ddc,
    0x00000e32,0x0003003e,0x00000dc6,0x00000dda,0x0003003e,0x00000dc7,0x00000ddc,0x0004003d,
    0x00000008,0x00000e44,0x00000dc6,0x00050041,0x00000019,0x00000e45,0x00000e41,0x000000de,
    0x0003003e,0x00000e45,0x00000e44,0x0004003d,0x00000008,0x00000e46,0x00000dc7,0x00050041,
    0x00000019,0x00000e47,0x00000e41,0x000000e1,0x0003003e,0x00000e47,0x00000e46,0x0004003d,
    0x00000022,0x00000e48,0x00000e41,0x0003003e,0x00000e42,0x00000e48,0x0004003d,0x00000022,
    0x00000ddd,0x00000e42,0x0007000c,0x00000022,0x00000dde,0x00000001,0x00000028,0x00000dd7,
    0x00000ddd,0x00050088,0x00000022,0x00000ddf,0x00000dd6,0x00000dde,0x0003003e,0x00000dc0,
    0x00000ddf,0x0003003e,0x00000dc9,0x00000132,0x0004003d,0x00000008,0x00000e4b,0x00000dc9,
    0x0003003e,0x00000e49,0x00000e4b,0x0004003d,0x00000008,0x00000de0,0x00000e49,0x00050041,
    0x00000019,0x00000de1,0x00000dc0,0x000000de,0x0004003d,0x00000008,0x00000de2,0x00000de1,
    0x00050041,0x00000019,0x00000de3,0x00000dc0,0x000000e1,0x0004003d,0x00000008,0x00000de4,
    0x00000de3,0x0007000c,0x00000008,0x00000de5,0x00000001,0x00000025,0x00000de2,0x00000de4,
    0x0007000c,0x00000008,0x00000de6,0x00000001,0x00000025,0x00000de0,0x00000de5,0x0003003e,
    0x00000dc8,0x00000de6,0x0004003d,0x0000002c,0x00000de7,0x00000dbe,0x0004003d,0x00000008,
    0x00000de8,0x00000dc8,0x0005008e,0x0000002c,0x00000de9,0x00000de7,0x00000de8,0x0004003d,
    0x00000008,0x00000dea,0x00000dbc,0x00060050,0x0000002c,0x00000deb,0x00000dea,0x00000dea,
    0x00000dea,0x00050081,0x0000002c,0x00000dec,0x00000de9,0x00000deb,0x0003003e,0x00000dca,
    0x00000dec,0x0004003d,0x0000002c,0x00000d7b,0x00000dca,0x0003003e,0x00000d65,0x00000d7b,
    0x0004003d,0x0000002c,0x00000a1e,0x00000d65,0x0003003e,0x000009cd,0x00000a1e,0x000200f9,
    0x00000a1f,0x000200f8,0x00000a1f,0x000200f9,0x00000aea,0x000200f8,0x00000a20,0x0004003d,
    0x0000002c,0x00000a21,0x000009bb,0x0004003d,0x0000002c,0x00000a22,0x000009cb,0x00050081,
    0x0000002c,0x00000a23,0x00000a21,0x00000a22,0x0004003d,0x0000002c,0x00000a24,0x000009bb,
    0x0005008e,0x0000002c,0x00000a25,0x00000a24,0x00000320,0x0004003d,0x0000002c,0x00000a26,
    0x000009cb,0x00050085,0x0000002c,0x00000a27,0x00000a25,0x00000a26,0x00050083,0x0000002c,
    0x00000a28,0x00000a23,0x00000a27,0x0003003e,0x000009cd,0x00000a28,0x000200f9,0x00000aea,
    0x000200f8,0x00000a29,0x0004003d,0x0000002c,0x00000a2a,0x000009cb,0x0004003d,0x0000002c,
    0x00000a2b,0x000009bb,0x00050083,0x0000002c,0x00000a2c,0x00000a2a,0x00000a2b,0x0006000c,
    0x0000002c,0x00000a2d,0x00000001,0x00000004,0x00000a2c,0x0003003e,0x000009cd,0x00000a2d,
    0x000200f9,0x00000aea,0x000200f8,0x00000a2e,0x0003003e,0x000009de,0x000003a9,0x000200f9,
    0x00000a2f,0x000200f8,0x00000a2f,0x0004003d,0x0000000d,0x00000a31,0x000009de,0x000500b1,
    0x0000006a,0x00000a32,0x00000a31,0x000003b0,0x000400f6,0x00000a5e,0x00000a5b,0x00000000,
    0x000400fa,0x00000a32,0x00000a33,0x00000a5e,0x000200f8,0x00000a33,0x0004003d,0x0000000d,
    0x00000a34,0x000009de,0x00050041,0x00000019,0x00000a35,0x000009bb,0x00000a34,0x0004003d,
    0x00000008,0x00000a36,0x00000a35,0x000500bc,0x0000006a,0x00000a37,0x00000a36,0x00000297,
    0x000300f7,0x00000a5a,0x00000000,0x000400fa,0x00000a37,0x00000a53,0x00000a38,0x000200f8,
    0x00000a38,0x0004003d,0x0000000d,0x00000a39,0x000009de,0x00050041,0x00000019,0x00000a3a,
    0x000009cb,0x00000a39,0x0004003d,0x00000008,0x00000a3b,0x00000a3a,0x000500bc,0x0000006a,
    0x00000a3c,0x00000a3b,0x000001c7,0x000300f7,0x00000a52,0x00000000,0x000400fa,0x00000a3c,
    0x00000a45,0x00000a3d,0x000200f8,0x00000a3d,0x0004003d,0x0000000d,0x00000a3e,0x000009de,
    0x0004003d,0x0000000d,0x00000a3f,0x000009de,0x00050041,0x00000019,0x00000a40,0x000009cb,
    0x00000a3f,0x0004003d,0x00000008,0x00000a41,0x00000a40,0x0006000c,0x00000008,0x00000a42,
    0x00000001,0x00000020,0x00000a41,0x00050083,0x00000008,0x00000a43,0x00000a42,0x00000132,
    0x00050041,0x00000019,0x00000a44,0x000009cd,0x00000a3e,0x0003003e,0x00000a44,0x00000a43,
    0x000200f9,0x00000a52,0x000200f8,0x00000a45,0x0004003d,0x0000000d,0x00000a46,0x000009de,
    0x0004003d,0x0000000d,0x00000a47,0x000009de,0x00050041,0x00000019,0x00000a48,0x000009cb,
    0x00000a47,0x0004003d,0x00000008,0x00000a49,0x00000a48,0x00050085,0x00000008,0x00000a4a,
    0x000003c6,0x00000a49,0x00050083,0x00000008,0x00000a4b,0x00000a4a,0x000003cb,0x0004003d,
    0x0000000d,0x00000a4c,0x000009de,0x00050041,0x00000019,0x00000a4d,0x000009cb,0x00000a4c,
    0x0004003d,0x00000008,0x00000a4e,0x00000a4d,0x00050085,0x00000008,0x00000a4f,0x00000a4b,
    0x00000a4e,0x00050081,0x00000008,0x00000a50,0x00000a4f,0x00000235,0x00050041,0x00000019,
    0x00000a51,0x000009cd,0x00000a46,0x0003003e,0x00000a51,0x00000a50,0x000200f9,0x00000a52,
    0x000200f8,0x00000a52,0x000200f9,0x00000a5a,0x000200f8,0x00000a53,0x0004003d,0x0000000d,
    0x00000a54,0x000009de,0x0004003d,0x0000000d,0x00000a55,0x000009de,0x00050041,0x00000019,
    0x00000a56,0x000009cb,0x00000a55,0x0004003d,0x00000008,0x00000a57,0x00000a56,0x00050083,
    0x00000008,0x00000a58,0x00000132,0x00000a57,0x00050041,0x00000019,0x00000a59,0x000009cd,
    0x00000a54,0x0003003e,0x00000a59,0x00000a58,0x000200f9,0x00000a5a,0x000200f8,0x00000a5a,
    0x000200f9,0x00000a5b,0x000200f8,0x00000a5b,0x0004003d,0x0000000d,0x00000a5c,0x000009de,
    0x00050080,0x0000000d,0x00000a5d,0x00000a5c,0x000003dc,0x0003003e,0x000009de,0x00000a5d,
    0x000200f9,0x00000a2f,0x000200f8,0x00000a5e,0x0004003d,0x0000002c,0x00000a5f,0x000009cb,
    0x0004003d,0x0000002c,0x00000a60,0x000009cb,0x0004003d,0x0000002c,0x00000a61,0x000009bb,
    0x0005008e,0x0000002c,0x00000a62,0x00000a61,0x00000320,0x00050083,0x0000002c,0x00000a63,
    0x00000a62,0x000006c0,0x00050085,0x0000002c,0x00000a64,0x00000a60,0x00000a63,0x0004003d,
    0x0000002c,0x00000a65,0x000009cd,0x00050085,0x0000002c,0x00000a66,0x00000a64,0x00000a65,
    0x00050081,0x0000002c,0x00000a67,0x00000a5f,0x00000a66,0x0003003e,0x000009cd,0x00000a67,
    0x000200f9,0x00000aea,0x000200f8,0x00000a68,0x0004003d,0x0000002c,0x00000a69,0x000009bb,
    0x0004003d,0x0000002c,0x00000a6a,0x000009cb,0x00050085,0x0000002c,0x00000a6b,0x00000a69,
    0x00000a6a,0x0003003e,0x000009dc,0x00000a6b,0x0004003d,0x0000002c,0x00000a6c,0x000009dc,
    0x0004003d,0x0000002c,0x00000a6d,0x000009bb,0x0004003d,0x0000002c,0x00000a6e,0x000009cb,
    0x00050081,0x0000002c,0x00000a6f,0x00000a6d,0x00000a6e,0x0004003d,0x0000002c,0x00000a70,
    0x000009dc,0x00050083,0x0000002c,0x00000a71,0x00000a6f,0x00000a70,0x00050083,0x0000002c,
    0x00000a72,0x00000a71,0x000006c1,0x0004003d,0x0000002c,0x00000a73,0x000009bb,0x0003003e,
    0x000009dd,0x00000297,0x0004003d,0x00000008,0x00000e4f,0x000009dd,0x00050041,0x00000019,
    0x00000e50,0x00000e4c,0x000000de,0x0003003e,0x00000e50,0x00000e4f,0x0004003d,0x00000008,
    0x00000e51,0x000009dd,0x00050041,0x00000019,0x00000e52,0x00000e4c,0x000000e1,0x0003003e,
    0x00000e52,0x00000e51,0x0004003d,0x00000008,0x00000e53,0x000009dd,0x00050041,0x00000019,
    0x00000e54,0x00000e4c,0x000000f4,0x0003003e,0x00000e54,0x00000e53,0x0004003d,0x0000002c,
    0x00000e55,0x00000e4c,0x0003003e,0x00000e4d,0x00000e55,0x0004003d,0x0000002c,0x00000a74,
    0x00000e4d,0x000500ba,0x0000032c,0x00000a75,0x00000a73,0x00000a74,0x000600a9,0x0000002c,
    0x00000a76,0x00000a75,0x00000a72,0x00000a6c,0x0005008e,0x0000002c,0x00000a77,0x00000a76,
    0x00000320,0x0003003e,0x000009cd,0x00000a77,0x000200f9,0x00000aea,0x000200f8,0x00000a78,
    0x0004003d,0x0000002c,0x00000a79,0x000009bb,0x0003003e,0x000009d6,0x0000012d,0x0004003d,
    0x00000008,0x00000e59,0x000009d6,0x00050041,0x00000019,0x00000e5a,0x00000e56,0x000000de,
    0x0003003e,0x00000e5a,0x00000e59,0x0004003d,0x00000008,0x00000e5b,0x000009d6,0x00050041,
    0x00000019,0x00000e5c,0x00000e56,0x000000e1,0x0003003e,0x00000e5c,0x00000e5b,0x0004003d,
    0x00000008,0x00000e5d,0x000009d6,0x00050041,0x00000019,0x00000e5e,0x00000e56,0x000000f4,
    0x0003003e,0x00000e5e,0x00000e5d,0x0004003d,0x0000002c,0x00000e5f,0x00000e56,0x0003003e,
    0x00000e57,0x00000e5f,0x0004003d,0x0000002c,0x00000a7a,0x00000e57,0x0003003e,0x000009d7,
    0x00000132,0x0004003d,0x00000008,0x00000e63,0x000009d7,0x00050041,0x00000019,0x00000e64,
    0x00000e60,0x000000de,0x0003003e,0x00000e64,0x00000e63,0x0004003d,0x00000008,0x00000e65,
    0x000009d7,0x00050041,0x00000019,0x00000e66,0x00000e60,0x000000e1,0x0003003e,0x00000e66,
    0x00000e65,0x0004003d,0x00000008,0x00000e67,0x000009d7,0x00050041,0x00000019,0x00000e68,
    0x00000e60,0x000000f4,0x0003003e,0x00000e68,0x00000e67,0x0004003d,0x0000002c,0x00000e69,
    0x00000e60,0x0003003e,0x00000e61,0x00000e69,0x0004003d,0x0000002c,0x00000a7b,0x00000e61,
    0x0008000c,0x0000002c,0x00000a7c,0x00000001,0x0000002b,0x00000a79,0x00000a7a,0x00000a7b,
    0x0003003e,0x000009bb,0x00000a7c,0x0004003d,0x00000013,0x00000a7d,0x000009bc,0x0008004f,
    0x0000002c,0x00000a7e,0x00000a7d,0x00000a7d,0x00000000,0x00000001,0x00000002,0x0003003e,
    0x000009d8,0x0000012d,0x0004003d,0x00000008,0x00000e6d,0x000009d8,0x00050041,0x00000019,
    0x00000e6e,0x00000e6a,0x000000de,0x0003003e,0x00000e6e,0x00000e6d,0x0004003d,0x00000008,
    0x00000e6f,0x000009d8,0x00050041,0x00000019,0x00000e70,0x00000e6a,0x000000e1,0x0003003e,
    0x00000e70,0x00000e6f,0x0004003d,0x00000008,0x00000e71,0x000009d8,0x00050041,0x00000019,
    0x00000e72,0x00000e6a,0x000000f4,0x0003003e,0x00000e72,0x00000e71,0x0004003d,0x0000002c,
    0x00000e73,0x00000e6a,0x0003003e,0x00000e6b,0x00000e73,0x0004003d,0x0000002c,0x00000a7f,
    0x00000e6b,0x0004003d,0x00000013,0x00000a80,0x000009bc,0x0008004f,0x0000002c,0x00000a81,
    0x00000a80,0x00000a80,0x00000003,0x00000003,0x00000003,0x0008000c,0x0000002c,0x00000a82,
    0x00000001,0x0000002b,0x00000a7e,0x00000a7f,0x00000a81,0x00050041,0x00000019,0x00000a83,
    0x000009bc,0x000000de,0x00050051,0x00000008,0x00000a84,0x00000a82,0x00000000,0x0003003e,
    0x00000a83,0x00000a84,0x00050041,0x00000019,0x00000a85,0x000009bc,0x000000e1,0x00050051,
    0x00000008,0x00000a86,0x00000a82,0x00000001,0x0003003e,0x00000a85,0x00000a86,0x00050041,
    0x00000019,0x00000a87,0x000009bc,0x000000f4,0x00050051,0x00000008,0x00000a88,0x00000a82,
    0x00000002,0x0003003e,0x00000a87,0x00000a88,0x00050041,0x00000019,0x00000a89,0x000009bc,
    0x0000010b,0x0004003d,0x00000008,0x00000a8a,0x00000a89,0x000500b4,0x0000006a,0x00000a8b,
    0x00000a8a,0x0000012d,0x000300f7,0x00000a8e,0x00000000,0x000400fa,0x00000a8b,0x00000a8c,
    0x00000a8e,0x000200f8,0x00000a8c,0x0003003e,0x00000a89,0x00000132,0x000200f9,0x00000a8e,
    0x000200f8,0x00000a8e,0x0004003d,0x00000008,0x00000a90,0x00000a89,0x0004003d,0x00000013,
    0x00000a91,0x000009bc,0x0008004f,0x0000002c,0x00000a92,0x00000a91,0x00000a91,0x00000000,
    0x00000001,0x00000002,0x00060050,0x0000002c,0x00000a93,0x00000a90,0x00000a90,0x00000a90,
    0x00050083,0x0000002c,0x00000a94,0x00000a93,0x00000a92,0x0003003e,0x000009d9,0x00000a94,
    0x0003003e,0x000009da,0x00000132,0x0004003d,0x00000008,0x00000e77,0x000009da,0x00050041,
    0x00000019,0x00000e78,0x00000e74,0x000000de,0x0003003e,0x00000e78,0x00000e77,0x0004003d,
    0x00000008,0x00000e79,0x000009da,0x00050041,0x00000019,0x00000e7a,0x00000e74,0x000000e1,
    0x0003003e,0x00000e7a,0x00000e79,0x0004003d,0x00000008,0x00000e7b,0x000009da,0x00050041,
    0x00000019,0x00000e7c,0x00000e74,0x000000f4,0x0003003e,0x00000e7c,0x00000e7b,0x0004003d,
    0x0000002c,0x00000e7d,0x00000e74,0x0003003e,0x00000e75,0x00000e7d,0x0004003d,0x0000002c,
    0x00000a95,0x00000e75,0x0004003d,0x0000002c,0x00000a96,0x000009d9,0x0004003d,0x0000002c,
    0x00000a97,0x000009bb,0x0004003d,0x00000008,0x00000a99,0x00000a89,0x0005008e,0x0000002c,
    0x00000a9a,0x00000a97,0x00000a99,0x00050088,0x0000002c,0x00000a9b,0x00000a96,0x00000a9a,
    0x0007000c,0x0000002c,0x00000a9c,0x00000001,0x00000025,0x00000a95,0x00000a9b,0x0004003d,
    0x0000002c,0x00000a9d,0x000009d9,0x0006000c,0x0000002c,0x00000a9e,0x00000001,0x00000006,
    0x00000a9d,0x0004003d,0x0000002c,0x00000a9f,0x000009bb,0x0003003e,0x000009db,0x0000012d,
    0x0004003d,0x00000008,0x00000e81,0x000009db,0x00050041,0x00000019,0x00000e82,0x00000e7e,
    0x000000de,0x0003003e,0x00000e82,0x00000e81,0x0004003d,0x00000008,0x00000e83,0x000009db,
    0x00050041,0x00000019,0x00000e84,0x00000e7e,0x000000e1,0x0003003e,0x00000e84,0x00000e83,
    0x0004003d,0x00000008,0x00000e85,0x000009db,0x00050041,0x00000019,0x00000e86,0x00000e7e,
    0x000000f4,0x0003003e,0x00000e86,0x00000e85,0x0004003d,0x0000002c,0x00000e87,0x00000e7e,
    0x0003003e,0x00000e7f,0x00000e87,0x0004003d,0x0000002c,0x00000aa0,0x00000e7f,0x000500b4,
    0x0000032c,0x00000aa1,0x00000a9f,0x00000aa0,0x000600a9,0x0000002c,0x00000aa2,0x00000aa1,
    0x00000a9e,0x00000a9c,0x00050083,0x0000002c,0x00000aa3,0x000006c0,0x00000aa2,0x0003003e,
    0x000009cd,0x00000aa3,0x000200f9,0x00000aea,0x000200f8,0x00000aa4,0x0004003d,0x00000013,
    0x00000aa5,0x000009bc,0x0008004f,0x0000002c,0x00000aa6,0x00000aa5,0x00000aa5,0x00000000,
    0x00000001,0x00000002,0x0003003e,0x000009d0,0x0000012d,0x0004003d,0x00000008,0x00000e8b,
    0x000009d0,0x00050041,0x00000019,0x00000e8c,0x00000e88,0x000000de,0x0003003e,0x00000e8c,
    0x00000e8b,0x0004003d,0x00000008,0x00000e8d,0x000009d0,0x00050041,0x00000019,0x00000e8e,
    0x00000e88,0x000000e1,0x0003003e,0x00000e8e,0x00000e8d,0x0004003d,0x00000008,0x00000e8f,
    0x000009d0,0x00050041,0x00000019,0x00000e90,0x00000e88,0x000000f4,0x0003003e,0x00000e90,
    0x00000e8f,0x0004003d,0x0000002c,0x00000e91,0x00000e88,0x0003003e,0x00000e89,0x00000e91,
    0x0004003d,0x0000002c,0x00000aa7,0x00000e89,0x0004003d,0x00000013,0x00000aa8,0x000009bc,
    0x0008004f,0x0000002c,0x00000aa9,0x00000aa8,0x00000aa8,0x00000003,0x00000003,0x00000003,
    0x0008000c,0x0000002c,0x00000aaa,0x00000001,0x0000002b,0x00000aa6,0x00000aa7,0x00000aa9,
    0x00050041,0x00000019,0x00000aab,0x000009bc,0x000000de,0x00050051,0x00000008,0x00000aac,
    0x00000aaa,0x00000000,0x0003003e,0x00000aab,0x00000aac,0x00050041,0x00000019,0x00000aad,
    0x000009bc,0x000000e1,0x00050051,0x00000008,0x00000aae,0x00000aaa,0x00000001,0x0003003e,
    0x00000aad,0x00000aae,0x00050041,0x00000019,0x00000aaf,0x000009bc,0x000000f4,0x00050051,
    0x00000008,0x00000ab0,0x00000aaa,0x00000002,0x0003003e,0x00000aaf,0x00000ab0,0x0004003d,
    0x0000002c,0x00000ab1,0x000009bb,0x00050083,0x0000002c,0x00000ab2,0x000006c0,0x00000ab1,
    0x0003003e,0x000009d2,0x0000012d,0x0004003d,0x00000008,0x00000e95,0x000009d2,0x00050041,
    0x00000019,0x00000e96,0x00000e92,0x000000de,0x0003003e,0x00000e96,0x00000e95,0x0004003d,
    0x00000008,0x00000e97,0x000009d2,0x00050041,0x00000019,0x00000e98,0x00000e92,0x000000e1,
    0x0003003e,0x00000e98,0x00000e97,0x0004003d,0x00000008,0x00000e99,0x000009d2,0x00050041,
    0x00000019,0x00000e9a,0x00000e92,0x000000f4,0x0003003e,0x00000e9a,0x00000e99,0x0004003d,
    0x0000002c,0x00000e9b,0x00000e92,0x0003003e,0x00000e93,0x00000e9b,0x0004003d,0x0000002c,
    0x00000ab3,0x00000e93,0x0003003e,0x000009d3,0x00000132,0x0004003d,0x00000008,0x00000e9f,
    0x000009d3,0x00050041,0x00000019,0x00000ea0,0x00000e9c,0x000000de,0x0003003e,0x00000ea0,
    0x00000e9f,0x0004003d,0x00000008,0x00000ea1,0x000009d3,0x00050041,0x00000019,0x00000ea2,
    0x00000e9c,0x000000e1,0x0003003e,0x00000ea2,0x00000ea1,0x0004003d,0x00000008,0x00000ea3,
    0x000009d3,0x00050041,0x00000019,0x00000ea4,0x00000e9c,0x000000f4,0x0003003e,0x00000ea4,
    0x00000ea3,0x0004003d,0x0000002c,0x00000ea5,0x00000e9c,0x0003003e,0x00000e9d,0x00000ea5,
    0x0004003d,0x0000002c,0x00000ab4,0x00000e9d,0x0008000c,0x0000002c,0x00000ab5,0x00000001,
    0x0000002b,0x00000ab2,0x00000ab3,0x00000ab4,0x00050041,0x00000019,0x00000ab6,0x000009bc,
    0x0000010b,0x0004003d,0x00000008,0x00000ab7,0x00000ab6,0x0005008e,0x0000002c,0x00000ab8,
    0x00000ab5,0x00000ab7,0x0003003e,0x000009d1,0x00000ab8,0x0003003e,0x000009d4,0x00000132,
    0x0004003d,0x00000008,0x00000ea9,0x000009d4,0x00050041,0x00000019,0x00000eaa,0x00000ea6,
    0x000000de,0x0003003e,0x00000eaa,0x00000ea9,0x0004003d,0x00000008,0x00000eab,0x000009d4,
    0x00050041,0x00000019,0x00000eac,0x00000ea6,0x000000e1,0x0003003e,0x00000eac,0x00000eab,
    0x0004003d,0x00000008,0x00000ead,0x000009d4,0x00050041,0x00000019,0x00000eae,0x00000ea6,
    0x000000f4,0x0003003e,0x00000eae,0x00000ead,0x0004003d,0x0000002c,0x00000eaf,0x00000ea6,
    0x0003003e,0x00000ea7,0x00000eaf,0x0004003d,0x0000002c,0x00000ab9,0x00000ea7,0x0004003d,
    0x00000013,0x00000aba,0x000009bc,0x0008004f,0x0000002c,0x00000abb,0x00000aba,0x00000aba,
    0x00000000,0x00000001,0x00000002,0x0004003d,0x0000002c,0x00000abc,0x000009d1,0x00050088,
    0x0000002c,0x00000abd,0x00000abb,0x00000abc,0x0007000c,0x0000002c,0x00000abe,0x00000001,
    0x00000025,0x00000ab9,0x00000abd,0x0004003d,0x00000013,0x00000abf,0x000009bc,0x0008004f,
    0x0000002c,0x00000ac0,0x00000abf,0x00000abf,0x00000000,0x00000001,0x00000002,0x0006000c,
    0x0000002c,0x00000ac1,0x00000001,0x00000006,0x00000ac0,0x0004003d,0x0000002c,0x00000ac2,
    0x000009d1,0x0003003e,0x000009d5,0x0000012d,0x0004003d,0x00000008,0x00000eb3,0x000009d5,
    0x00050041,0x00000019,0x00000eb4,0x00000eb0,0x000000de,0x0003003e,0x00000eb4,0x00000eb3,
    0x0004003d,0x00000008,0x00000eb5,0x000009d5,0x00050041,0x00000019,0x00000eb6,0x00000eb0,
    0x000000e1,0x0003003e,0x00000eb6,0x00000eb5,0x0004003d,0x00000008,0x00000eb7,0x000009d5,
    0x00050041,0x00000019,0x00000eb8,0x00000eb0,0x000000f4,0x0003003e,0x00000eb8,0x00000eb7,
    0x0004003d,0x0000002c,0x00000eb9,0x00000eb0,0x0003003e,0x00000eb1,0x00000eb9,0x0004003d,
    0x0000002c,0x00000ac3,0x00000eb1,0x000500b4,0x0000032c,0x00000ac4,0x00000ac2,0x00000ac3,
    0x000600a9,0x0000002c,0x00000ac5,0x00000ac4,0x00000ac1,0x00000abe,0x0003003e,0x000009cd,
    0x00000ac5,0x000200f9,0x00000aea,0x000200f8,0x00000ac6,0x0004003d,0x0000002c,0x00000ac7,
    0x000009bb,0x0004003d,0x0000002c,0x00000ac8,0x000009cb,0x0007000c,0x0000002c,0x00000ac9,
    0x00000001,0x00000028,0x00000ac7,0x00000ac8,0x0003003e,0x000009cd,0x00000ac9,0x000200f9,
    0x00000aea,0x000200f8,0x00000aca,0x0004003d,0x0000002c,0x00000acb,0x000009bb,0x0004003d,
    0x0000002c,0x00000acc,0x000009cb,0x0007000c,0x0000002c,0x00000acd,0x00000001,0x00000025,
    0x00000acb,0x00000acc,0x0003003e,0x000009cd,0x00000acd,0x000200f9,0x00000aea,0x000200f8,
    0x00000ace,0x0004003d,0x0000002c,0x00000acf,0x000009bb,0x0004003d,0x0000002c,0x00000ad0,
    0x000009cb,0x00050085,0x0000002c,0x00000ad1,0x00000acf,0x00000ad0,0x0003003e,0x000009ce,
    0x00000ad1,0x0004003d,0x0000002c,0x00000ad2,0x000009ce,0x0004003d,0x0000002c,0x00000ad3,
    0x000009bb,0x0004003d,0x0000002c,0x00000ad4,0x000009cb,0x00050081,0x0000002c,0x00000ad5,
    0x00000ad3,0x00000ad4,0x0004003d,0x0000002c,0x00000ad6,0x000009ce,0x00050083,0x0000002c,
    0x00000ad7,0x00000ad5,0x00000ad6,0x00050083,0x0000002c,0x00000ad8,0x00000ad7,0x000006c1,
    0x0004003d,0x0000002c,0x00000ad9,0x000009cb,0x0003003e,0x000009cf,0x00000297,0x0004003d,
    0x00000008,0x00000ebd,0x000009cf,0x00050041,0x00000019,0x00000ebe,0x00000eba,0x000000de,
    0x0003003e,0x00000ebe,0x00000ebd,0x0004003d,0x00000008,0x00000ebf,0x000009cf,0x00050041,
    0x00000019,0x00000ec0,0x00000eba,0x000000e1,0x0003003e,0x00000ec0,0x00000ebf,0x0004003d,
    0x00000008,0x00000ec1,0x000009cf,0x00050041,0x00000019,0x00000ec2,0x00000eba,0x000000f4,
    0x0003003e,0x00000ec2,0x00000ec1,0x0004003d,0x0000002c,0x00000ec3,0x00000eba,0x0003003e,
    0x00000ebb,0x00000ec3,0x0004003d,0x0000002c,0x00000ada,0x00000ebb,0x000500ba,0x0000032c,
    0x00000adb,0x00000ad9,0x00000ada,0x000600a9,0x0000002c,0x00000adc,0x00000adb,0x00000ad8,
    0x00000ad2,0x0005008e,0x0000002c,0x00000add,0x00000adc,0x00000320,0x0003003e,0x000009cd,
    0x00000add,0x000200f9,0x00000aea,0x000200f8,0x00000ade,0x0004003d,0x0000002c,0x00000adf,
    0x000009bb,0x0004003d,0x0000002c,0x00000ae0,0x000009cb,0x00050081,0x0000002c,0x00000ae1,
    0x00000adf,0x00000ae0,0x0004003d,0x0000002c,0x00000ae2,0x000009bb,0x0004003d,0x0000002c,
    0x00000ae3,0x000009cb,0x00050085,0x0000002c,0x00000ae4,0x00000ae2,0x00000ae3,0x00050083,
    0x0000002c,0x00000ae5,0x00000ae1,0x00000ae4,0x0003003e,0x000009cd,0x00000ae5,0x000200f9,
    0x00000aea,0x000200f8,0x00000ae6,0x0004003d,0x0000002c,0x00000ae7,0x000009bb,0x0004003d,
    0x0000002c,0x00000ae8,0x000009cb,0x00050085,0x0000002c,0x00000ae9,0x00000ae7,0x00000ae8,
    0x0003003e,0x000009cd,0x00000ae9,0x000200f9,0x00000aea,0x000200f8,0x00000aea,0x0004003d,
    0x0000002c,0x00000aeb,0x000009cd,0x0003003e,0x000009f1,0x00000aeb,0x0004003d,0x0000002c,
    0x000009c4,0x000009f1,0x0003003e,0x000009ba,0x000009c4,0x0004003d,0x0000002c,0x000009c5,
    0x00000661,0x0004003d,0x0000002c,0x000009c6,0x000009ba,0x00050041,0x00000019,0x000009c7,
    0x00000664,0x0000010b,0x0004003d,0x00000008,0x000009c8,0x000009c7,0x0003003e,0x000009be,
    0x000009c8,0x0004003d,0x00000008,0x00000ec7,0x000009be,0x00050041,0x00000019,0x00000ec8,
    0x00000ec4,0x000000de,0x0003003e,0x00000ec8,0x00000ec7,0x0004003d,0x00000008,0x00000ec9,
    0x000009be,0x00050041,0x00000019,0x00000eca,0x00000ec4,0x000000e1,0x0003003e,0x00000eca,
    0x00000ec9,0x0004003d,0x00000008,0x00000ecb,0x000009be,0x00050041,0x00000019,0x00000ecc,
    0x00000ec4,0x000000f4,0x0003003e,0x00000ecc,0x00000ecb,0x0004003d,0x0000002c,0x00000ecd,
    0x00000ec4,0x0003003e,0x00000ec5,0x00000ecd,0x0004003d,0x0000002c,0x000009c9,0x00000ec5,
    0x0008000c,0x0000002c,0x000009ca,0x00000001,0x0000002e,0x000009c5,0x000009c6,0x000009c9,
    0x0003003e,0x000009bf,0x000009ca,0x0004003d,0x0000002c,0x00000667,0x000009bf,0x00050041,
    0x00000019,0x00000668,0x000005bb,0x000000de,0x00050051,0x00000008,0x00000669,0x00000667,
    0x00000000,0x0003003e,0x00000668,0x00000669,0x00050041,0x00000019,0x0000066a,0x000005bb,
    0x000000e1,0x00050051,0x00000008,0x0000066b,0x00000667,0x00000001,0x0003003e,0x0000066a,
    0x0000066b,0x00050041,0x00000019,0x0000066c,0x000005bb,0x000000f4,0x00050051,0x00000008,
    0x0000066d,0x00000667,0x00000002,0x0003003e,0x0000066c,0x0000066d,0x0004003d,0x00000008,
    0x0000066e,0x0000061b,0x000500b8,0x0000006a,0x0000066f,0x0000066e,0x00000132,0x000300f7,
    0x00000671,0x00000000,0x000400fa,0x0000066f,0x00000670,0x00000671,0x000200f8,0x00000670,
    0x0004003d,0x00000013,0x00000673,0x000005bb,0x0008004f,0x0000002c,0x00000674,0x00000673,
    0x00000673,0x00000000,0x00000001,0x00000002,0x0003003e,0x00000672,0x00000674,0x000300f7,
    0x00000676,0x00000000,0x000400fa,0x00000181,0x00000675,0x00000676,0x000200f8,0x00000675,
    0x0004003d,0x00000008,0x00000677,0x0000063b,0x00050041,0x000005d7,0x00000679,0x00000519,
    0x00000ee7,0x0004003d,0x00000008,0x0000067a,0x00000679,0x00050085,0x00000008,0x0000067b,
    0x00000677,0x0000067a,0x0004003d,0x0000002c,0x0000067c,0x00000672,0x00060050,0x0000002c,
    0x0000067d,0x0000067b,0x0000067b,0x0000067b,0x00050081,0x0000002c,0x0000067e,0x0000067c,
    0x0000067d,0x0003003e,0x00000672,0x0000067e,0x000200f9,0x00000676,0x000200f8,0x00000676,
    0x0004003d,0x0000067f,0x00000682,0x00000681,0x0004003d,0x000005b2,0x00000683,0x000005b4,
    0x0004003d,0x0000002c,0x00000685,0x00000672,0x0003003e,0x00000684,0x00000685,0x0003003e,
    0x00000686,0x0000012d,0x0004003d,0x0000002c,0x00000ed1,0x00000684,0x00050041,0x00000019,
    0x00000ed2,0x00000ece,0x000000de,0x00050051,0x00000008,0x00000ed3,0x00000ed1,0x00000000,
    0x0003003e,0x00000ed2,0x00000ed3,0x00050041,0x00000019,0x00000ed4,0x00000ece,0x000000e1,
    0x00050051,0x00000008,0x00000ed5,0x00000ed1,0x00000001,0x0003003e,0x00000ed4,0x00000ed5,
    0x00050041,0x00000019,0x00000ed6,0x00000ece,0x000000f4,0x00050051,0x00000008,0x00000ed7,
    0x00000ed1,0x00000002,0x0003003e,0x00000ed6,0x00000ed7,0x0004003d,0x00000008,0x00000ed8,
    0x00000686,0x00050041,0x00000019,0x00000ed9,0x00000ece,0x0000010b,0x0003003e,0x00000ed9,
    0x00000ed8,0x0004003d,0x00000013,0x00000eda,0x00000ece,0x0003003e,0x00000ecf,0x00000eda,
    0x0004003d,0x00000013,0x00000687,0x00000ecf,0x00040063,0x00000682,0x00000683,0x00000687,
    0x000300e1,0x000000e1,0x00000688,0x0004003d,0x00000006,0x00000689,0x000005e5,0x00060041,
    0x00000514,0x0000068a,0x00000512,0x000003a9,0x00000689,0x000700f1,0x00000006,0x0000068b,
    0x0000068a,0x000000e1,0x000000de,0x0000052b,0x000200f9,0x00000671,0x000200f8,0x00000671,
    0x000200f9,0x0000065c,0x000200f8,0x0000065c,0x000200f9,0x0000064c,0x000200f8,0x0000064c,
    0x0004003d,0x00000008,0x00000698,0x00000648,0x0004003d,0x00000013,0x00000699,0x000005bb,
    0x0008004f,0x0000002c,0x0000069a,0x00000699,0x00000699,0x00000000,0x00000001,0x00000002,
    0x0005008e,0x0000002c,0x0000069b,0x0000069a,0x00000698,0x00050041,0x00000019,0x0000069c,
    0x000005bb,0x000000de,0x00050051,0x00000008,0x0000069d,0x0000069b,0x00000000,0x0003003e,
    0x0000069c,0x0000069d,0x00050041,0x00000019,0x0000069e,0x000005bb,0x000000e1,0x00050051,
    0x00000008,0x0000069f,0x0000069b,0x00000001,0x0003003e,0x0000069e,0x0000069f,0x00050041,
    0x00000019,0x000006a0,0x000005bb,0x000000f4,0x00050051,0x00000008,0x000006a1,0x0000069b,
    0x00000002,0x0003003e,0x000006a0,0x000006a1,0x000300f7,0x000006a3,0x00000000,0x000400fa,
    0x00000181,0x000006a2,0x000006a3,0x000200f8,0x000006a2,0x0004003d,0x00000008,0x000006a4,
    0x0000063b,0x0004003d,0x00000013,0x000006a5,0x000005bb,0x0008004f,0x0000002c,0x000006a6,
    0x000006a5,0x000006a5,0x00000000,0x00000001,0x00000002,0x00060050,0x0000002c,0x000006a7,
    0x000006a4,0x000006a4,0x000006a4,0x00050081,0x0000002c,0x000006a8,0x000006a6,0x000006a7,
    0x00050051,0x00000008,0x000006aa,0x000006a8,0x00000000,0x0003003e,0x0000069c,0x000006aa,
    0x00050051,0x00000008,0x000006ac,0x000006a8,0x00000001,0x0003003e,0x0000069e,0x000006ac,
    0x00050051,0x00000008,0x000006ae,0x000006a8,0x00000002,0x0003003e,0x000006a0,0x000006ae,
    0x000200f9,0x000006a3,0x000200f8,0x000006a3,0x0003003e,0x000006b1,0x0000012d,0x0004003d,
    0x00000008,0x00000ede,0x000006b1,0x00050041,0x00000019,0x00000edf,0x00000edb,0x000000de,
    0x0003003e,0x00000edf,0x00000ede,0x0004003d,0x00000008,0x00000ee0,0x000006b1,0x00050041,
    0x00000019,0x00000ee1,0x00000edb,0x000000e1,0x0003003e,0x00000ee1,0x00000ee0,0x0004003d,
    0x00000008,0x00000ee2,0x000006b1,0x00050041,0x00000019,0x00000ee3,0x00000edb,0x000000f4,
    0x0003003e,0x00000ee3,0x00000ee2,0x0004003d,0x00000008,0x00000ee4,0x000006b1,0x00050041,
    0x00000019,0x00000ee5,0x00000edb,0x0000010b,0x0003003e,0x00000ee5,0x00000ee4,0x0004003d,
    0x00000013,0x00000ee6,0x00000edb,0x0003003e,0x00000edc,0x00000ee6,0x0004003d,0x00000013,
    0x000006b2,0x00000edc,0x0003003e,0x000006b0,0x000006b2,0x0004003d,0x00000013,0x000006b4,
    0x000005bb,0x0003003e,0x000006b3,0x000006b4,0x000100fd,0x00010038,
};
