#pragma once

const uint32_t draw_clockwise_atomic_image_mesh_frag[] = {
    0x07230203,0x00010000,0x0008000b,0x000008ef,0x00000000,0x00020011,0x00000001,0x00020011,
    0x00000028,0x0006000b,0x00000001,0x4c534c47,0x6474732e,0x3035342e,0x00000000,0x0003000e,
    0x00000000,0x00000001,0x000b000f,0x00000004,0x00000004,0x6e69616d,0x00000000,0x000002d9,
    0x000002ea,0x000002fa,0x00000355,0x0000036c,0x0000036e,0x00030010,0x00000004,0x00000007,
    0x00030003,0x00000002,0x000001cc,0x000a0004,0x415f4c47,0x735f4252,0x65646168,0x74735f72,
    0x6761726f,0x75625f65,0x72656666,0x6a626f5f,0x00746365,0x000b0004,0x455f4c47,0x735f5458,
    0x6c706d61,0x656c7265,0x745f7373,0x75747865,0x665f6572,0x74636e75,0x736e6f69,0x00000000,
    0x000a0004,0x475f4c47,0x4c474f4f,0x70635f45,0x74735f70,0x5f656c79,0x656e696c,0x7269645f,
    0x69746365,0x00006576,0x00080004,0x475f4c47,0x4c474f4f,0x6e695f45,0x64756c63,0x69645f65,
    0x74636572,0x00657669,0x00040005,0x00000004,0x6e69616d,0x00000000,0x00030005,0x00000109,
    0x0000674e,0x00030005,0x0000027b,0x0000674d,0x00030005,0x000002cd,0x0000006a,0x00030005,
    0x000002d0,0x00004344,0x00030005,0x000002d4,0x00003552,0x00030005,0x000002d9,0x00003055,
    0x00030005,0x000002dc,0x0000424d,0x00040006,0x000002dc,0x00000000,0x00006461,0x00040006,
    0x000002dc,0x00000001,0x00003376,0x00040006,0x000002dc,0x00000002,0x00003377,0x00030005,
    0x000002de,0x0000006b,0x00030005,0x000002e4,0x0000006e,0x00030005,0x000002e5,0x00006748,
    0x00030005,0x000002e8,0x00003456,0x00030005,0x000002ea,0x0000304e,0x00040005,0x000002eb,
    0x61726170,0x0000006d,0x00040005,0x000002ee,0x61726170,0x0000006d,0x00040005,0x000002f0,
    0x61726170,0x0000006d,0x00030005,0x000002f6,0x00006747,0x00030005,0x000002fa,0x00003346,
    0x00030005,0x00000300,0x0000336f,0x00040005,0x00000303,0x30653742,0x00000000,0x00040005,
    0x0000030a,0x61726170,0x0000006d,0x00030005,0x00000310,0x0000434c,0x00040006,0x00000310,
    0x00000000,0x00003479,0x00040006,0x00000310,0x00000001,0x0000326e,0x00030005,0x00000312,
    0x00003041,0x00030005,0x00000318,0x0000314d,0x00040005,0x00000319,0x306a3742,0x00000000,
    0x00030005,0x0000031c,0x00006749,0x00040005,0x0000031f,0x61726170,0x0000006d,0x00030005,
    0x00000328,0x0000326e,0x00040005,0x0000032a,0x61726170,0x0000006d,0x00040005,0x00000333,
    0x61726170,0x0000006d,0x00040005,0x00000336,0x61726170,0x0000006d,0x00040005,0x00000338,
    0x61726170,0x0000006d,0x00060005,0x00000355,0x465f6c67,0x43676172,0x64726f6f,0x00000000,
    0x00040005,0x00000358,0x61726170,0x0000006d,0x00040005,0x0000035b,0x61726170,0x0000006d,
    0x00040005,0x0000035e,0x61726170,0x0000006d,0x00040005,0x00000361,0x61726170,0x0000006d,
    0x00030005,0x0000036c,0x0000306a,0x00030005,0x0000036e,0x00003065,0x00040005,0x0000036f,
    0x61726170,0x0000006d,0x00040047,0x00000109,0x00000001,0x00000007,0x00040047,0x0000027b,
    0x00000001,0x00000006,0x00030047,0x000002cd,0x00000000,0x00030047,0x000002d0,0x00000000,
    0x00040047,0x000002d0,0x00000021,0x0000000c,0x00040047,0x000002d0,0x00000022,0x00000001,
    0x00030047,0x000002d1,0x00000000,0x00030047,0x000002d4,0x00000000,0x00040047,0x000002d4,
    0x00000021,0x0000000c,0x00040047,0x000002d4,0x00000022,0x00000001,0x00030047,0x000002d5,
    0x00000000,0x00040047,0x000002d9,0x0000001e,0x00000000,0x00030047,0x000002dc,0x00000002,
    0x00050048,0x000002dc,0x00000000,0x00000023,0x00000050,0x00050048,0x000002dc,0x00000001,
    0x00000023,0x00000058,0x00050048,0x000002dc,0x00000002,0x00000023,0x0000005c,0x00040047,
    0x000002de,0x00000021,0x00000000,0x00040047,0x000002de,0x00000022,0x00000000,0x00030047,
    0x000002e3,0x00000000,0x00030047,0x000002e4,0x00000000,0x00040047,0x000002e5,0x00000001,
    0x00000001,0x00030047,0x000002e8,0x00000000,0x00040047,0x000002ea,0x0000001e,0x00000002,
    0x00030047,0x000002ee,0x00000000,0x00030047,0x000002f0,0x00000000,0x00030047,0x000002f2,
    0x00000000,0x00030047,0x000002f3,0x00000000,0x00030047,0x000002f4,0x00000000,0x00030047,
    0x000002f5,0x00000000,0x00040047,0x000002f6,0x00000001,0x00000000,0x00030047,0x000002fa,
    0x00000000,0x00030047,0x000002fa,0x0000000e,0x00040047,0x000002fa,0x0000001e,0x00000001,
    0x00030047,0x000002fb,0x00000000,0x00030047,0x00000300,0x00000000,0x00030047,0x00000303,
    0x00000000,0x00040047,0x00000303,0x00000021,0x00000001,0x00040047,0x00000303,0x00000022,
    0x00000002,0x00040047,0x00000303,0x0000002b,0x00000001,0x00030047,0x00000304,0x00000000,
    0x00030047,0x00000307,0x00000000,0x00030047,0x00000308,0x00000000,0x00030047,0x00000309,
    0x00000000,0x00030047,0x0000030a,0x00000000,0x00030047,0x0000030c,0x00000000,0x00030047,
    0x0000030d,0x00000000,0x00030047,0x0000030e,0x00000000,0x00030047,0x0000030f,0x00000000,
    0x00030047,0x00000310,0x00000002,0x00050048,0x00000310,0x00000000,0x00000023,0x00000018,
    0x00050048,0x00000310,0x00000001,0x00000023,0x0000003c,0x00040047,0x00000312,0x00000021,
    0x00000002,0x00040047,0x00000312,0x00000022,0x00000000,0x00030047,0x00000316,0x00000000,
    0x00030047,0x00000318,0x00000000,0x00030047,0x00000319,0x00000000,0x00040047,0x00000319,
    0x00000021,0x00000000,0x00040047,0x00000319,0x00000022,0x00000002,0x00040047,0x00000319,
    0x0000002b,0x00000000,0x00030047,0x0000031a,0x00000000,0x00030047,0x0000031b,0x00000000,
    0x00040047,0x0000031c,0x00000001,0x00000002,0x00030047,0x0000031f,0x00000000,0x00030047,
    0x00000320,0x00000000,0x00030047,0x00000328,0x00000000,0x00030047,0x0000032f,0x00000000,
    0x00030047,0x00000333,0x00000000,0x00030047,0x00000334,0x00000000,0x00030047,0x00000335,
    0x00000000,0x00030047,0x00000336,0x00000000,0x00030047,0x00000337,0x00000000,0x00030047,
    0x00000338,0x00000000,0x00030047,0x00000339,0x00000000,0x00030047,0x00000341,0x00000000,
    0x00030047,0x00000343,0x00000000,0x00030047,0x00000344,0x00000000,0x00030047,0x00000347,
    0x00000000,0x00030047,0x00000348,0x00000000,0x00030047,0x00000349,0x00000000,0x00030047,
    0x0000034a,0x00000000,0x00030047,0x00000352,0x00000000,0x00030047,0x00000353,0x00000000,
    0x00030047,0x00000354,0x00000000,0x00040047,0x00000355,0x0000000b,0x0000000f,0x00030047,
    0x00000358,0x00000000,0x00030047,0x00000359,0x00000000,0x00030047,0x0000035a,0x00000000,
    0x00030047,0x0000035e,0x00000000,0x00030047,0x00000361,0x00000000,0x00030047,0x0000036c,
    0x00000000,0x00040047,0x0000036c,0x0000001e,0x00000000,0x00030047,0x0000036d,0x00000000,
    0x00030047,0x0000036e,0x00000000,0x00040047,0x0000036e,0x0000001e,0x00000001,0x00030047,
    0x0000036f,0x00000000,0x00030047,0x0000037a,0x00000000,0x00030047,0x0000037b,0x00000000,
    0x00030047,0x0000037e,0x00000000,0x00030047,0x0000037f,0x00000000,0x00030047,0x00000380,
    0x00000000,0x00030047,0x00000381,0x00000000,0x00030047,0x00000383,0x00000000,0x00030047,
    0x00000384,0x00000000,0x00030047,0x00000385,0x00000000,0x00030047,0x00000386,0x00000000,
    0x00030047,0x00000387,0x00000000,0x00030047,0x00000389,0x00000000,0x00030047,0x0000038b,
    0x00000000,0x00030047,0x0000038c,0x00000000,0x00030047,0x0000038d,0x00000000,0x00030047,
    0x0000038e,0x00000000,0x00030047,0x00000390,0x00000000,0x00030047,0x00000391,0x00000000,
    0x00030047,0x00000393,0x00000000,0x00030047,0x00000394,0x00000000,0x00030047,0x00000395,
    0x00000000,0x00030047,0x00000397,0x00000000,0x00030047,0x00000398,0x00000000,0x00030047,
    0x0000039a,0x00000000,0x00030047,0x0000039e,0x00000000,0x00030047,0x0000039f,0x00000000,
    0x00030047,0x000003a2,0x00000000,0x00030047,0x000003a3,0x00000000,0x00030047,0x000003a4,
    0x00000000,0x00030047,0x000003a5,0x00000000,0x00030047,0x000003a8,0x00000000,0x00030047,
    0x000003a9,0x00000000,0x00030047,0x000003aa,0x00000000,0x00030047,0x000003ab,0x00000000,
    0x00030047,0x000003ac,0x00000000,0x00030047,0x000003ad,0x00000000,0x00030047,0x000003ae,
    0x00000000,0x00030047,0x000003b0,0x00000000,0x00030047,0x000003b1,0x00000000,0x00030047,
    0x000003b2,0x00000000,0x00030047,0x000003b4,0x00000000,0x00030047,0x000003b5,0x00000000,
    0x00030047,0x000003b7,0x00000000,0x00030047,0x000003b9,0x00000000,0x00030047,0x000003ba,
    0x00000000,0x00030047,0x000003bb,0x00000000,0x00030047,0x000003bc,0x00000000,0x00030047,
    0x000003bd,0x00000000,0x00030047,0x000003be,0x00000000,0x00030047,0x000003bf,0x00000000,
    0x00030047,0x000003c0,0x00000000,0x00030047,0x000003c1,0x00000000,0x00030047,0x000003c2,
    0x00000000,0x00030047,0x000003c3,0x00000000,0x00030047,0x000003c4,0x00000000,0x00030047,
    0x000003c5,0x00000000,0x00030047,0x000003c6,0x00000000,0x00030047,0x000003c7,0x00000000,
    0x00030047,0x000003c8,0x00000000,0x00030047,0x000003c9,0x00000000,0x00030047,0x000003ca,
    0x00000000,0x00030047,0x000003cb,0x00000000,0x00030047,0x000003cc,0x00000000,0x00030047,
    0x000003ce,0x00000000,0x00030047,0x000003cf,0x00000000,0x00030047,0x000003d0,0x00000000,
    0x00030047,0x000003d1,0x00000000,0x00030047,0x000003d2,0x00000000,0x00030047,0x000003d3,
    0x00000000,0x00030047,0x000003d4,0x00000000,0x00030047,0x000003d5,0x00000000,0x00030047,
    0x000003d6,0x00000000,0x00030047,0x000003d7,0x00000000,0x00030047,0x000003d8,0x00000000,
    0x00030047,0x000003d9,0x00000000,0x00030047,0x000003da,0x00000000,0x00030047,0x000003db,
    0x00000000,0x00030047,0x000003dc,0x00000000,0x00030047,0x000003dd,0x00000000,0x00030047,
    0x000003de,0x00000000,0x00030047,0x000003df,0x00000000,0x00030047,0x000003e0,0x00000000,
    0x00030047,0x000003e2,0x00000000,0x00030047,0x000003e4,0x00000000,0x00030047,0x000003e6,
    0x00000000,0x00030047,0x000003e7,0x00000000,0x00030047,0x000003e8,0x00000000,0x00030047,
    0x000003ea,0x00000000,0x00030047,0x000003eb,0x00000000,0x00030047,0x000003ec,0x00000000,
    0x00030047,0x000003ed,0x00000000,0x00030047,0x000003ee,0x00000000,0x00030047,0x000003ef,
    0x00000000,0x00030047,0x000003f0,0x00000000,0x00030047,0x000003f2,0x00000000,0x00030047,
    0x000003f3,0x00000000,0x00030047,0x000003f4,0x00000000,0x00030047,0x000003f5,0x00000000,
    0x00030047,0x000003f6,0x00000000,0x00030047,0x000003f7,0x00000000,0x00030047,0x000003f8,
    0x00000000,0x00030047,0x000003f9,0x00000000,0x00030047,0x000003fa,0x00000000,0x00030047,
    0x000003fb,0x00000000,0x00030047,0x000003fc,0x00000000,0x00030047,0x000003fe,0x00000000,
    0x00030047,0x000003ff,0x00000000,0x00030047,0x00000400,0x00000000,0x00030047,0x00000402,
    0x00000000,0x00030047,0x00000403,0x00000000,0x00030047,0x00000404,0x00000000,0x00030047,
    0x00000406,0x00000000,0x00030047,0x00000407,0x00000000,0x00030047,0x00000408,0x00000000,
    0x00030047,0x0000040a,0x00000000,0x00030047,0x0000040b,0x00000000,0x00030047,0x0000040d,
    0x00000000,0x00030047,0x0000040e,0x00000000,0x00030047,0x0000040f,0x00000000,0x00030047,
    0x00000416,0x00000000,0x00030047,0x00000417,0x00000000,0x00030047,0x0000041a,0x00000000,
    0x00030047,0x0000041c,0x00000000,0x00030047,0x0000041d,0x00000000,0x00030047,0x0000041f,
    0x00000000,0x00030047,0x00000420,0x00000000,0x00030047,0x00000421,0x00000000,0x00030047,
    0x00000422,0x00000000,0x00030047,0x00000423,0x00000000,0x00030047,0x00000424,0x00000000,
    0x00030047,0x00000425,0x00000000,0x00030047,0x00000426,0x00000000,0x00030047,0x00000427,
    0x00000000,0x00030047,0x00000429,0x00000000,0x00030047,0x0000042a,0x00000000,0x00030047,
    0x0000042c,0x00000000,0x00030047,0x0000042f,0x00000000,0x00030047,0x00000430,0x00000000,
    0x00030047,0x00000431,0x00000000,0x00030047,0x00000433,0x00000000,0x00030047,0x00000434,
    0x00000000,0x00030047,0x00000435,0x00000000,0x00030047,0x0000043d,0x00000000,0x00030047,
    0x00000443,0x00000000,0x00030047,0x00000444,0x00000000,0x00030047,0x00000445,0x00000000,
    0x00030047,0x00000446,0x00000000,0x00030047,0x00000447,0x00000000,0x00030047,0x00000449,
    0x00000000,0x00030047,0x0000044a,0x00000000,0x00030047,0x0000044c,0x00000000,0x00030047,
    0x0000044d,0x00000000,0x00030047,0x0000044e,0x00000000,0x00030047,0x0000044f,0x00000000,
    0x00030047,0x00000450,0x00000000,0x00030047,0x00000451,0x00000000,0x00030047,0x00000452,
    0x00000000,0x00030047,0x00000454,0x00000000,0x00030047,0x00000455,0x00000000,0x00030047,
    0x00000456,0x00000000,0x00030047,0x00000458,0x00000000,0x00030047,0x00000459,0x00000000,
    0x00030047,0x0000045a,0x00000000,0x00030047,0x0000045b,0x00000000,0x00030047,0x0000045c,
    0x00000000,0x00030047,0x0000045d,0x00000000,0x00030047,0x0000045e,0x00000000,0x00030047,
    0x0000045f,0x00000000,0x00030047,0x00000460,0x00000000,0x00030047,0x00000461,0x00000000,
    0x00030047,0x00000462,0x00000000,0x00030047,0x00000464,0x00000000,0x00030047,0x00000465,
    0x00000000,0x00030047,0x00000466,0x00000000,0x00030047,0x0000046f,0x00000000,0x00030047,
    0x00000475,0x00000000,0x00030047,0x00000476,0x00000000,0x00030047,0x0000047b,0x00000000,
    0x00030047,0x00000481,0x00000000,0x00030047,0x00000482,0x00000000,0x00030047,0x00000483,
    0x00000000,0x00030047,0x00000486,0x00000000,0x00030047,0x00000487,0x00000000,0x00030047,
    0x00000488,0x00000000,0x00030047,0x0000048e,0x00000000,0x00030047,0x0000048f,0x00000000,
    0x00030047,0x00000490,0x00000000,0x00030047,0x00000498,0x00000000,0x00030047,0x00000499,
    0x00000000,0x00030047,0x0000049a,0x00000000,0x00030047,0x0000049b,0x00000000,0x00030047,
    0x0000049c,0x00000000,0x00030047,0x0000049d,0x00000000,0x00030047,0x0000049e,0x00000000,
    0x00030047,0x0000049f,0x00000000,0x00030047,0x000004a0,0x00000000,0x00030047,0x000004a2,
    0x00000000,0x00030047,0x000004a3,0x00000000,0x00030047,0x000004a4,0x00000000,0x00030047,
    0x000004a5,0x00000000,0x00030047,0x000004a7,0x00000000,0x00030047,0x000004a8,0x00000000,
    0x00030047,0x000004a9,0x00000000,0x00030047,0x000004aa,0x00000000,0x00030047,0x000004ab,
    0x00000000,0x00030047,0x000004ac,0x00000000,0x00030047,0x000004ad,0x00000000,0x00030047,
    0x000004ae,0x00000000,0x00030047,0x000004b1,0x00000000,0x00030047,0x000004b4,0x00000000,
    0x00030047,0x000004b5,0x00000000,0x00030047,0x000004b6,0x00000000,0x00030047,0x000004b7,
    0x00000000,0x00030047,0x000004bc,0x00000000,0x00030047,0x000004bf,0x00000000,0x00030047,
    0x000004c0,0x00000000,0x00030047,0x000004c1,0x00000000,0x00030047,0x000004c2,0x00000000,
    0x00030047,0x000004c7,0x00000000,0x00030047,0x000004ca,0x00000000,0x00030047,0x000004cb,
    0x00000000,0x00030047,0x000004cc,0x00000000,0x00030047,0x000004d1,0x00000000,0x00030047,
    0x000004d4,0x00000000,0x00030047,0x000004d5,0x00000000,0x00030047,0x000004d6,0x00000000,
    0x00030047,0x000004da,0x00000000,0x00030047,0x000004db,0x00000000,0x00030047,0x000004dc,
    0x00000000,0x00030047,0x000004de,0x00000000,0x00030047,0x000004df,0x00000000,0x00030047,
    0x000004e1,0x00000000,0x00030047,0x000004e5,0x00000000,0x00030047,0x000004e6,0x00000000,
    0x00030047,0x000004e9,0x00000000,0x00030047,0x000004ea,0x00000000,0x00030047,0x000004eb,
    0x00000000,0x00030047,0x000004ec,0x00000000,0x00030047,0x000004ee,0x00000000,0x00030047,
    0x000004f0,0x00000000,0x00030047,0x000004f2,0x00000000,0x00030047,0x000004f4,0x00000000,
    0x00030047,0x000004f5,0x00000000,0x00030047,0x000004f6,0x00000000,0x00030047,0x000004f8,
    0x00000000,0x00030047,0x000004fa,0x00000000,0x00030047,0x000004fc,0x00000000,0x00030047,
    0x000004fe,0x00000000,0x00030047,0x000004ff,0x00000000,0x00030047,0x00000500,0x00000000,
    0x00030047,0x00000502,0x00000000,0x00030047,0x00000504,0x00000000,0x00030047,0x00000506,
    0x00000000,0x00030047,0x00000508,0x00000000,0x00030047,0x00000509,0x00000000,0x00030047,
    0x0000050a,0x00000000,0x00030047,0x0000050c,0x00000000,0x00030047,0x0000050e,0x00000000,
    0x00030047,0x00000510,0x00000000,0x00030047,0x00000512,0x00000000,0x00030047,0x00000513,
    0x00000000,0x00030047,0x00000514,0x00000000,0x00030047,0x00000516,0x00000000,0x00030047,
    0x00000518,0x00000000,0x00030047,0x0000051a,0x00000000,0x00030047,0x0000051c,0x00000000,
    0x00030047,0x0000051d,0x00000000,0x00030047,0x0000051e,0x00000000,0x00030047,0x00000520,
    0x00000000,0x00030047,0x00000522,0x00000000,0x00030047,0x00000524,0x00000000,0x00030047,
    0x00000526,0x00000000,0x00030047,0x00000527,0x00000000,0x00030047,0x00000528,0x00000000,
    0x00030047,0x0000052a,0x00000000,0x00030047,0x0000052c,0x00000000,0x00030047,0x0000052e,
    0x00000000,0x00030047,0x00000530,0x00000000,0x00030047,0x00000531,0x00000000,0x00030047,
    0x00000532,0x00000000,0x00030047,0x00000534,0x00000000,0x00030047,0x00000536,0x00000000,
    0x00030047,0x00000538,0x00000000,0x00030047,0x0000053a,0x00000000,0x00030047,0x0000053b,
    0x00000000,0x00030047,0x0000053c,0x00000000,0x00030047,0x0000053e,0x00000000,0x00030047,
    0x00000540,0x00000000,0x00030047,0x00000542,0x00000000,0x00030047,0x00000544,0x00000000,
    0x00030047,0x00000545,0x00000000,0x00030047,0x00000546,0x00000000,0x00030047,0x00000548,
    0x00000000,0x00030047,0x0000054a,0x00000000,0x00030047,0x0000054c,0x00000000,0x00030047,
    0x0000054e,0x00000000,0x00030047,0x0000054f,0x00000000,0x00030047,0x00000550,0x00000000,
    0x00030047,0x00000552,0x00000000,0x00030047,0x00000554,0x00000000,0x00030047,0x00000556,
    0x00000000,0x00030047,0x00000558,0x00000000,0x00030047,0x00000559,0x00000000,0x00030047,
    0x0000055a,0x00000000,0x00030047,0x0000055c,0x00000000,0x00030047,0x0000055e,0x00000000,
    0x00030047,0x00000560,0x00000000,0x00030047,0x00000562,0x00000000,0x00030047,0x00000563,
    0x00000000,0x00030047,0x00000564,0x00000000,0x00030047,0x00000566,0x00000000,0x00030047,
    0x00000568,0x00000000,0x00030047,0x0000056a,0x00000000,0x00030047,0x0000056c,0x00000000,
    0x00030047,0x0000056d,0x00000000,0x00030047,0x0000056e,0x00000000,0x00030047,0x00000570,
    0x00000000,0x00030047,0x00000572,0x00000000,0x00030047,0x00000574,0x00000000,0x00030047,
    0x00000576,0x00000000,0x00030047,0x00000578,0x00000000,0x00030047,0x00000579,0x00000000,
    0x00030047,0x0000057a,0x00000000,0x00030047,0x0000057c,0x00000000,0x00030047,0x0000057e,
    0x00000000,0x00030047,0x0000057f,0x00000000,0x00030047,0x00000580,0x00000000,0x00030047,
    0x00000582,0x00000000,0x00030047,0x00000584,0x00000000,0x00030047,0x00000586,0x00000000,
    0x00030047,0x00000587,0x00000000,0x00030047,0x00000589,0x00000000,0x00030047,0x0000058a,
    0x00000000,0x00030047,0x0000058b,0x00000000,0x00030047,0x0000058c,0x00000000,0x00030047,
    0x00000592,0x00000000,0x00030047,0x00000595,0x00000000,0x00030047,0x00000597,0x00000000,
    0x00030047,0x00000598,0x00000000,0x00030047,0x0000059a,0x00000000,0x00030047,0x0000059b,
    0x00000000,0x00030047,0x0000059e,0x00000000,0x00030047,0x0000059f,0x00000000,0x00030047,
    0x000005a0,0x00000000,0x00030047,0x000005a3,0x00000000,0x00030047,0x000005a5,0x00000000,
    0x00030047,0x000005a6,0x00000000,0x00030047,0x000005a7,0x00000000,0x00030047,0x000005a8,
    0x00000000,0x00030047,0x000005aa,0x00000000,0x00030047,0x000005ab,0x00000000,0x00030047,
    0x000005ae,0x00000000,0x00030047,0x000005af,0x00000000,0x00030047,0x000005b0,0x00000000,
    0x00030047,0x000005b3,0x00000000,0x00030047,0x000005b5,0x00000000,0x00030047,0x000005b6,
    0x00000000,0x00030047,0x000005b7,0x00000000,0x00030047,0x000005b8,0x00000000,0x00030047,
    0x000005ba,0x00000000,0x00030047,0x000005bb,0x00000000,0x00030047,0x000005be,0x00000000,
    0x00030047,0x000005bf,0x00000000,0x00030047,0x000005c0,0x00000000,0x00030047,0x000005c3,
    0x00000000,0x00030047,0x000005c5,0x00000000,0x00030047,0x000005c6,0x00000000,0x00030047,
    0x000005c7,0x00000000,0x00030047,0x000005c8,0x00000000,0x00030047,0x000005ca,0x00000000,
    0x00030047,0x000005cb,0x00000000,0x00030047,0x000005ce,0x00000000,0x00030047,0x000005cf,
    0x00000000,0x00030047,0x000005d0,0x00000000,0x00030047,0x000005d3,0x00000000,0x00030047,
    0x000005d5,0x00000000,0x00030047,0x000005d6,0x00000000,0x00030047,0x000005d7,0x00000000,
    0x00030047,0x000005d8,0x00000000,0x00030047,0x000005d9,0x00000000,0x00030047,0x000005da,
    0x00000000,0x00030047,0x000005db,0x00000000,0x00030047,0x000005dc,0x00000000,0x00030047,
    0x000005dd,0x00000000,0x00030047,0x000005de,0x00000000,0x00030047,0x000005df,0x00000000,
    0x00030047,0x000005e0,0x00000000,0x00030047,0x000005e1,0x00000000,0x00030047,0x000005e2,
    0x00000000,0x00030047,0x000005e3,0x00000000,0x00030047,0x000005e4,0x00000000,0x00030047,
    0x000005e5,0x00000000,0x00030047,0x000005e7,0x00000000,0x00030047,0x000005e9,0x00000000,
    0x00030047,0x000005ea,0x00000000,0x00030047,0x000005ec,0x00000000,0x00030047,0x000005ed,
    0x00000000,0x00030047,0x000005ee,0x00000000,0x00030047,0x000005ef,0x00000000,0x00030047,
    0x000005f0,0x00000000,0x00030047,0x000005f3,0x00000000,0x00030047,0x000005f5,0x00000000,
    0x00030047,0x000005f6,0x00000000,0x00030047,0x000005f9,0x00000000,0x00030047,0x000005fa,
    0x00000000,0x00030047,0x000005fd,0x00000000,0x00030047,0x000005ff,0x00000000,0x00030047,
    0x00000600,0x00000000,0x00030047,0x00000601,0x00000000,0x00030047,0x00000602,0x00000000,
    0x00030047,0x00000603,0x00000000,0x00030047,0x00000604,0x00000000,0x00030047,0x00000605,
    0x00000000,0x00030047,0x00000606,0x00000000,0x00030047,0x00000607,0x00000000,0x00030047,
    0x00000608,0x00000000,0x00030047,0x00000609,0x00000000,0x00030047,0x0000060a,0x00000000,
    0x00030047,0x0000060b,0x00000000,0x00030047,0x0000060d,0x00000000,0x00030047,0x0000060f,
    0x00000000,0x00030047,0x00000610,0x00000000,0x00030047,0x00000611,0x00000000,0x00030047,
    0x00000613,0x00000000,0x00030047,0x00000615,0x00000000,0x00030047,0x00000617,0x00000000,
    0x00030047,0x00000619,0x00000000,0x00030047,0x0000061a,0x00000000,0x00030047,0x0000061b,
    0x00000000,0x00030047,0x0000061c,0x00000000,0x00030047,0x0000061d,0x00000000,0x00030047,
    0x0000061f,0x00000000,0x00030047,0x00000621,0x00000000,0x00030047,0x00000622,0x00000000,
    0x00030047,0x00000623,0x00000000,0x00030047,0x00000625,0x00000000,0x00030047,0x00000627,
    0x00000000,0x00030047,0x00000629,0x00000000,0x00030047,0x0000062b,0x00000000,0x00030047,
    0x0000062c,0x00000000,0x00030047,0x0000062d,0x00000000,0x00030047,0x0000062f,0x00000000,
    0x00030047,0x00000631,0x00000000,0x00030047,0x00000633,0x00000000,0x00030047,0x00000634,
    0x00000000,0x00030047,0x00000635,0x00000000,0x00030047,0x00000637,0x00000000,0x00030047,
    0x00000639,0x00000000,0x00030047,0x0000063b,0x00000000,0x00030047,0x0000063c,0x00000000,
    0x00030047,0x0000063d,0x00000000,0x00030047,0x0000063f,0x00000000,0x00030047,0x00000640,
    0x00000000,0x00030047,0x00000643,0x00000000,0x00030047,0x00000644,0x00000000,0x00030047,
    0x00000645,0x00000000,0x00030047,0x00000648,0x00000000,0x00030047,0x0000064a,0x00000000,
    0x00030047,0x0000064b,0x00000000,0x00030047,0x0000064c,0x00000000,0x00030047,0x0000064d,
    0x00000000,0x00030047,0x0000064f,0x00000000,0x00030047,0x00000650,0x00000000,0x00030047,
    0x00000653,0x00000000,0x00030047,0x00000654,0x00000000,0x00030047,0x00000655,0x00000000,
    0x00030047,0x00000658,0x00000000,0x00030047,0x0000065a,0x00000000,0x00030047,0x0000065b,
    0x00000000,0x00030047,0x0000065c,0x00000000,0x00030047,0x0000065d,0x00000000,0x00030047,
    0x0000065f,0x00000000,0x00030047,0x00000661,0x00000000,0x00030047,0x00000663,0x00000000,
    0x00030047,0x00000664,0x00000000,0x00030047,0x00000666,0x00000000,0x00030047,0x00000667,
    0x00000000,0x00030047,0x00000668,0x00000000,0x00030047,0x0000066a,0x00000000,0x00030047,
    0x0000066c,0x00000000,0x00030047,0x0000066e,0x00000000,0x00030047,0x00000670,0x00000000,
    0x00030047,0x00000671,0x00000000,0x00030047,0x00000672,0x00000000,0x00030047,0x00000674,
    0x00000000,0x00030047,0x00000676,0x00000000,0x00030047,0x00000678,0x00000000,0x00030047,
    0x0000067a,0x00000000,0x00030047,0x0000067c,0x00000000,0x00030047,0x0000067d,0x00000000,
    0x00030047,0x0000067e,0x00000000,0x00030047,0x00000680,0x00000000,0x00030047,0x00000682,
    0x00000000,0x00030047,0x00000683,0x00000000,0x00030047,0x00000684,0x00000000,0x00030047,
    0x00000686,0x00000000,0x00030047,0x00000688,0x00000000,0x00030047,0x0000068a,0x00000000,
    0x00030047,0x0000068b,0x00000000,0x00030047,0x0000068d,0x00000000,0x00030047,0x0000068e,
    0x00000000,0x00030047,0x0000068f,0x00000000,0x00030047,0x00000690,0x00000000,0x00030047,
    0x00000696,0x00000000,0x00030047,0x00000699,0x00000000,0x00030047,0x0000069b,0x00000000,
    0x00030047,0x0000069c,0x00000000,0x00030047,0x0000069e,0x00000000,0x00030047,0x0000069f,
    0x00000000,0x00030047,0x000006a2,0x00000000,0x00030047,0x000006a3,0x00000000,0x00030047,
    0x000006a4,0x00000000,0x00030047,0x000006a7,0x00000000,0x00030047,0x000006a9,0x00000000,
    0x00030047,0x000006aa,0x00000000,0x00030047,0x000006ab,0x00000000,0x00030047,0x000006ac,
    0x00000000,0x00030047,0x000006ae,0x00000000,0x00030047,0x000006af,0x00000000,0x00030047,
    0x000006b2,0x00000000,0x00030047,0x000006b3,0x00000000,0x00030047,0x000006b4,0x00000000,
    0x00030047,0x000006b7,0x00000000,0x00030047,0x000006b9,0x00000000,0x00030047,0x000006ba,
    0x00000000,0x00030047,0x000006bb,0x00000000,0x00030047,0x000006bc,0x00000000,0x00030047,
    0x000006be,0x00000000,0x00030047,0x000006bf,0x00000000,0x00030047,0x000006c2,0x00000000,
    0x00030047,0x000006c3,0x00000000,0x00030047,0x000006c4,0x00000000,0x00030047,0x000006c7,
    0x00000000,0x00030047,0x000006c9,0x00000000,0x00030047,0x000006ca,0x00000000,0x00030047,
    0x000006cb,0x00000000,0x00030047,0x000006cc,0x00000000,0x00030047,0x000006ce,0x00000000,
    0x00030047,0x000006cf,0x00000000,0x00030047,0x000006d2,0x00000000,0x00030047,0x000006d3,
    0x00000000,0x00030047,0x000006d4,0x00000000,0x00030047,0x000006d7,0x00000000,0x00030047,
    0x000006d9,0x00000000,0x00030047,0x000006da,0x00000000,0x00030047,0x000006db,0x00000000,
    0x00030047,0x000006dc,0x00000000,0x00030047,0x000006dd,0x00000000,0x00030047,0x000006de,
    0x00000000,0x00030047,0x000006df,0x00000000,0x00030047,0x000006e0,0x00000000,0x00030047,
    0x000006e1,0x00000000,0x00030047,0x000006e2,0x00000000,0x00030047,0x000006e3,0x00000000,
    0x00030047,0x000006e4,0x00000000,0x00030047,0x000006e5,0x00000000,0x00030047,0x000006e6,
    0x00000000,0x00030047,0x000006e7,0x00000000,0x00030047,0x000006e8,0x00000000,0x00030047,
    0x000006e9,0x00000000,0x00030047,0x000006eb,0x00000000,0x00030047,0x000006ed,0x00000000,
    0x00030047,0x000006ee,0x00000000,0x00030047,0x000006f0,0x00000000,0x00030047,0x000006f1,
    0x00000000,0x00030047,0x000006f2,0x00000000,0x00030047,0x000006f3,0x00000000,0x00030047,
    0x000006f4,0x00000000,0x00030047,0x000006f7,0x00000000,0x00030047,0x000006f9,0x00000000,
    0x00030047,0x000006fa,0x00000000,0x00030047,0x000006fd,0x00000000,0x00030047,0x000006fe,
    0x00000000,0x00030047,0x00000701,0x00000000,0x00030047,0x00000703,0x00000000,0x00030047,
    0x00000704,0x00000000,0x00030047,0x00000705,0x00000000,0x00030047,0x00000706,0x00000000,
    0x00030047,0x00000707,0x00000000,0x00030047,0x00000708,0x00000000,0x00030047,0x00000709,
    0x00000000,0x00030047,0x0000070a,0x00000000,0x00030047,0x0000070b,0x00000000,0x00030047,
    0x0000070c,0x00000000,0x00030047,0x0000070d,0x00000000,0x00030047,0x0000070e,0x00000000,
    0x00030047,0x0000070f,0x00000000,0x00030047,0x00000711,0x00000000,0x00030047,0x00000713,
    0x00000000,0x00030047,0x00000714,0x00000000,0x00030047,0x00000715,0x00000000,0x00030047,
    0x00000717,0x00000000,0x00030047,0x00000719,0x00000000,0x00030047,0x0000071b,0x00000000,
    0x00030047,0x0000071d,0x00000000,0x00030047,0x0000071e,0x00000000,0x00030047,0x0000071f,
    0x00000000,0x00030047,0x00000720,0x00000000,0x00030047,0x00000721,0x00000000,0x00030047,
    0x00000723,0x00000000,0x00030047,0x00000725,0x00000000,0x00030047,0x00000726,0x00000000,
    0x00030047,0x00000727,0x00000000,0x00030047,0x00000729,0x00000000,0x00030047,0x0000072b,
    0x00000000,0x00030047,0x0000072d,0x00000000,0x00030047,0x0000072f,0x00000000,0x00030047,
    0x00000730,0x00000000,0x00030047,0x00000731,0x00000000,0x00030047,0x00000733,0x00000000,
    0x00030047,0x00000735,0x00000000,0x00030047,0x00000737,0x00000000,0x00030047,0x00000738,
    0x00000000,0x00030047,0x00000739,0x00000000,0x00030047,0x0000073b,0x00000000,0x00030047,
    0x0000073d,0x00000000,0x00030047,0x0000073f,0x00000000,0x00030047,0x00000740,0x00000000,
    0x00030047,0x00000741,0x00000000,0x00030047,0x00000743,0x00000000,0x00030047,0x00000744,
    0x00000000,0x00030047,0x00000747,0x00000000,0x00030047,0x00000748,0x00000000,0x00030047,
    0x00000749,0x00000000,0x00030047,0x0000074c,0x00000000,0x00030047,0x0000074e,0x00000000,
    0x00030047,0x0000074f,0x00000000,0x00030047,0x00000750,0x00000000,0x00030047,0x00000751,
    0x00000000,0x00030047,0x00000753,0x00000000,0x00030047,0x00000754,0x00000000,0x00030047,
    0x00000757,0x00000000,0x00030047,0x00000758,0x00000000,0x00030047,0x00000759,0x00000000,
    0x00030047,0x0000075c,0x00000000,0x00030047,0x0000075e,0x00000000,0x00030047,0x0000075f,
    0x00000000,0x00030047,0x00000760,0x00000000,0x00030047,0x00000761,0x00000000,0x00030047,
    0x00000763,0x00000000,0x00030047,0x00000765,0x00000000,0x00030047,0x00000767,0x00000000,
    0x00030047,0x00000768,0x00000000,0x00030047,0x0000076a,0x00000000,0x00030047,0x0000076b,
    0x00000000,0x00030047,0x0000076c,0x00000000,0x00030047,0x0000076e,0x00000000,0x00030047,
    0x00000770,0x00000000,0x00030047,0x00000772,0x00000000,0x00030047,0x00000774,0x00000000,
    0x00030047,0x00000775,0x00000000,0x00030047,0x00000776,0x00000000,0x00030047,0x00000778,
    0x00000000,0x00030047,0x0000077a,0x00000000,0x00030047,0x0000077c,0x00000000,0x00030047,
    0x0000077e,0x00000000,0x00030047,0x0000077f,0x00000000,0x00030047,0x00000780,0x00000000,
    0x00030047,0x00000781,0x00000000,0x00030047,0x00000782,0x00000000,0x00030047,0x00000783,
    0x00000000,0x00030047,0x00000784,0x00000000,0x00030047,0x00000785,0x00000000,0x00030047,
    0x00000786,0x00000000,0x00030047,0x00000787,0x00000000,0x00030047,0x00000788,0x00000000,
    0x00030047,0x00000789,0x00000000,0x00030047,0x0000078a,0x00000000,0x00030047,0x0000078b,
    0x00000000,0x00030047,0x0000078c,0x00000000,0x00030047,0x0000078d,0x00000000,0x00030047,
    0x0000078f,0x00000000,0x00030047,0x00000791,0x00000000,0x00030047,0x00000792,0x00000000,
    0x00030047,0x00000794,0x00000000,0x00030047,0x00000795,0x00000000,0x00030047,0x00000796,
    0x00000000,0x00030047,0x00000797,0x00000000,0x00030047,0x00000798,0x00000000,0x00030047,
    0x0000079b,0x00000000,0x00030047,0x0000079d,0x00000000,0x00030047,0x0000079e,0x00000000,
    0x00030047,0x000007a1,0x00000000,0x00030047,0x000007a2,0x00000000,0x00030047,0x000007a5,
    0x00000000,0x00030047,0x000007a7,0x00000000,0x00030047,0x000007a8,0x00000000,0x00030047,
    0x000007a9,0x00000000,0x00030047,0x000007aa,0x00000000,0x00030047,0x000007ab,0x00000000,
    0x00030047,0x000007ac,0x00000000,0x00030047,0x000007ad,0x00000000,0x00030047,0x000007ae,
    0x00000000,0x00030047,0x000007af,0x00000000,0x00030047,0x000007b0,0x00000000,0x00030047,
    0x000007b1,0x00000000,0x00030047,0x000007b2,0x00000000,0x00030047,0x000007b3,0x00000000,
    0x00030047,0x000007b5,0x00000000,0x00030047,0x000007b7,0x00000000,0x00030047,0x000007b8,
    0x00000000,0x00030047,0x000007b9,0x00000000,0x00030047,0x000007bb,0x00000000,0x00030047,
    0x000007bd,0x00000000,0x00030047,0x000007bf,0x00000000,0x00030047,0x000007c1,0x00000000,
    0x00030047,0x000007c2,0x00000000,0x00030047,0x000007c3,0x00000000,0x00030047,0x000007c4,
    0x00000000,0x00030047,0x000007c5,0x00000000,0x00030047,0x000007c7,0x00000000,0x00030047,
    0x000007c9,0x00000000,0x00030047,0x000007ca,0x00000000,0x00030047,0x000007cb,0x00000000,
    0x00030047,0x000007cd,0x00000000,0x00030047,0x000007cf,0x00000000,0x00030047,0x000007d1,
    0x00000000,0x00030047,0x000007d3,0x00000000,0x00030047,0x000007d4,0x00000000,0x00030047,
    0x000007d5,0x00000000,0x00030047,0x000007d7,0x00000000,0x00030047,0x000007d9,0x00000000,
    0x00030047,0x000007db,0x00000000,0x00030047,0x000007dc,0x00000000,0x00030047,0x000007dd,
    0x00000000,0x00030047,0x000007df,0x00000000,0x00030047,0x000007e1,0x00000000,0x00030047,
    0x000007e3,0x00000000,0x00030047,0x000007e4,0x00000000,0x00030047,0x000007e5,0x00000000,
    0x00030047,0x000007e7,0x00000000,0x00030047,0x000007e8,0x00000000,0x00030047,0x000007eb,
    0x00000000,0x00030047,0x000007ec,0x00000000,0x00030047,0x000007ed,0x00000000,0x00030047,
    0x000007f0,0x00000000,0x00030047,0x000007f2,0x00000000,0x00030047,0x000007f3,0x00000000,
    0x00030047,0x000007f4,0x00000000,0x00030047,0x000007f5,0x00000000,0x00030047,0x000007f7,
    0x00000000,0x00030047,0x000007f8,0x00000000,0x00030047,0x000007fb,0x00000000,0x00030047,
    0x000007fc,0x00000000,0x00030047,0x000007fd,0x00000000,0x00030047,0x00000800,0x00000000,
    0x00030047,0x00000802,0x00000000,0x00030047,0x00000803,0x00000000,0x00030047,0x00000804,
    0x00000000,0x00030047,0x00000805,0x00000000,0x00030047,0x00000807,0x00000000,0x00030047,
    0x00000809,0x00000000,0x00030047,0x0000080b,0x00000000,0x00030047,0x0000080c,0x00000000,
    0x00030047,0x0000080e,0x00000000,0x00030047,0x0000080f,0x00000000,0x00030047,0x00000810,
    0x00000000,0x00030047,0x00000812,0x00000000,0x00030047,0x00000814,0x00000000,0x00030047,
    0x00000816,0x00000000,0x00030047,0x00000818,0x00000000,0x00030047,0x00000819,0x00000000,
    0x00030047,0x0000081a,0x00000000,0x00030047,0x0000081c,0x00000000,0x00030047,0x0000081e,
    0x00000000,0x00030047,0x00000820,0x00000000,0x00030047,0x00000822,0x00000000,0x00030047,
    0x00000823,0x00000000,0x00030047,0x00000824,0x00000000,0x00030047,0x00000825,0x00000000,
    0x00030047,0x00000826,0x00000000,0x00030047,0x00000827,0x00000000,0x00030047,0x00000828,
    0x00000000,0x00030047,0x00000829,0x00000000,0x00030047,0x0000082a,0x00000000,0x00030047,
    0x0000082b,0x00000000,0x00030047,0x0000082c,0x00000000,0x00030047,0x0000082d,0x00000000,
    0x00030047,0x0000082e,0x00000000,0x00030047,0x0000082f,0x00000000,0x00030047,0x00000830,
    0x00000000,0x00030047,0x00000831,0x00000000,0x00030047,0x00000833,0x00000000,0x00030047,
    0x00000835,0x00000000,0x00030047,0x00000836,0x00000000,0x00030047,0x00000838,0x00000000,
    0x00030047,0x00000839,0x00000000,0x00030047,0x0000083a,0x00000000,0x00030047,0x0000083b,
    0x00000000,0x00030047,0x0000083c,0x00000000,0x00030047,0x0000083f,0x00000000,0x00030047,
    0x00000841,0x00000000,0x00030047,0x00000842,0x00000000,0x00030047,0x00000845,0x00000000,
    0x00030047,0x00000846,0x00000000,0x00030047,0x00000849,0x00000000,0x00030047,0x0000084b,
    0x00000000,0x00030047,0x0000084c,0x00000000,0x00030047,0x0000084d,0x00000000,0x00030047,
    0x0000084e,0x00000000,0x00030047,0x0000084f,0x00000000,0x00030047,0x00000850,0x00000000,
    0x00030047,0x00000851,0x00000000,0x00030047,0x00000852,0x00000000,0x00030047,0x00000853,
    0x00000000,0x00030047,0x00000854,0x00000000,0x00030047,0x00000855,0x00000000,0x00030047,
    0x00000856,0x00000000,0x00030047,0x00000857,0x00000000,0x00030047,0x00000859,0x00000000,
    0x00030047,0x0000085b,0x00000000,0x00030047,0x0000085c,0x00000000,0x00030047,0x0000085d,
    0x00000000,0x00030047,0x0000085f,0x00000000,0x00030047,0x00000861,0x00000000,0x00030047,
    0x00000863,0x00000000,0x00030047,0x00000865,0x00000000,0x00030047,0x00000866,0x00000000,
    0x00030047,0x00000867,0x00000000,0x00030047,0x00000868,0x00000000,0x00030047,0x00000869,
    0x00000000,0x00030047,0x0000086b,0x00000000,0x00030047,0x0000086d,0x00000000,0x00030047,
    0x0000086e,0x00000000,0x00030047,0x0000086f,0x00000000,0x00030047,0x00000871,0x00000000,
    0x00030047,0x00000873,0x00000000,0x00030047,0x00000875,0x00000000,0x00030047,0x00000877,
    0x00000000,0x00030047,0x00000878,0x00000000,0x00030047,0x00000879,0x00000000,0x00030047,
    0x0000087b,0x00000000,0x00030047,0x0000087d,0x00000000,0x00030047,0x0000087f,0x00000000,
    0x00030047,0x00000880,0x00000000,0x00030047,0x00000881,0x00000000,0x00030047,0x00000883,
    0x00000000,0x00030047,0x00000885,0x00000000,0x00030047,0x00000887,0x00000000,0x00030047,
    0x00000888,0x00000000,0x00030047,0x00000889,0x00000000,0x00030047,0x0000088b,0x00000000,
    0x00030047,0x0000088c,0x00000000,0x00030047,0x0000088f,0x00000000,0x00030047,0x00000890,
    0x00000000,0x00030047,0x00000891,0x00000000,0x00030047,0x00000894,0x00000000,0x00030047,
    0x00000896,0x00000000,0x00030047,0x00000897,0x00000000,0x00030047,0x00000898,0x00000000,
    0x00030047,0x00000899,0x00000000,0x00030047,0x0000089b,0x00000000,0x00030047,0x0000089c,
    0x00000000,0x00030047,0x0000089f,0x00000000,0x00030047,0x000008a0,0x00000000,0x00030047,
    0x000008a1,0x00000000,0x00030047,0x000008a4,0x00000000,0x00030047,0x000008a6,0x00000000,
    0x00030047,0x000008a7,0x00000000,0x00030047,0x000008a8,0x00000000,0x00030047,0x000008a9,
    0x00000000,0x00030047,0x000008ab,0x00000000,0x00030047,0x000008ad,0x00000000,0x00030047,
    0x000008af,0x00000000,0x00030047,0x000008b0,0x00000000,0x00030047,0x000008b2,0x00000000,
    0x00030047,0x000008b3,0x00000000,0x00030047,0x000008b4,0x00000000,0x00030047,0x000008b6,
    0x00000000,0x00030047,0x000008b8,0x00000000,0x00030047,0x000008ba,0x00000000,0x00030047,
    0x000008bc,0x00000000,0x00030047,0x000008bd,0x00000000,0x00030047,0x000008bf,0x00000000,
    0x00030047,0x000008c0,0x00000000,0x00030047,0x000008c1,0x00000000,0x00030047,0x000008c5,
    0x00000000,0x00030047,0x000008c6,0x00000000,0x00030047,0x000008c8,0x00000000,0x00030047,
    0x000008c9,0x00000000,0x00030047,0x000008ca,0x00000000,0x00030047,0x000008cc,0x00000000,
    0x00030047,0x000008ce,0x00000000,0x00030047,0x000008cf,0x00000000,0x00030047,0x000008d0,
    0x00000000,0x00030047,0x000008d1,0x00000000,0x00030047,0x000008db,0x00000000,0x00030047,
    0x000008dc,0x00000000,0x00030047,0x000008dd,0x00000000,0x00030047,0x000008de,0x00000000,
    0x00030047,0x000008df,0x00000000,0x00030047,0x000008e0,0x00000000,0x00030047,0x000008e1,
    0x00000000,0x00030047,0x000008e2,0x00000000,0x00030047,0x000008e3,0x00000000,0x00030047,
    0x000008e4,0x00000000,0x00030047,0x000008e6,0x00000000,0x00030047,0x000008e8,0x00000000,
    0x00030047,0x000008ea,0x00000000,0x00030047,0x000008ec,0x00000000,0x00030047,0x000008ee,
    0x00000000,0x00020013,0x00000002,0x00030021,0x00000003,0x00000002,0x00030016,0x00000006,
    0x00000020,0x00040017,0x00000007,0x00000006,0x00000004,0x00040020,0x00000008,0x00000007,
    0x00000007,0x00040015,0x0000000d,0x00000020,0x00000000,0x00040020,0x0000000e,0x00000007,
    0x0000000d,0x00040020,0x00000013,0x00000007,0x00000006,0x00040017,0x00000018,0x00000006,
    0x00000002,0x00040017,0x00000022,0x00000006,0x00000003,0x00040020,0x00000035,0x00000007,
    0x00000018,0x00040020,0x0000003a,0x00000007,0x00000022,0x0004002b,0x0000000d,0x0000007e,
    0x00000000,0x0004002b,0x0000000d,0x00000081,0x00000001,0x0004002b,0x0000000d,0x00000094,
    0x00000002,0x0004002b,0x0000000d,0x000000ab,0x00000003,0x0004002b,0x00000006,0x000000b4,
    0x00000000,0x00020014,0x000000b5,0x0004002b,0x00000006,0x000000ba,0x3f800000,0x0004002b,
    0x00000006,0x000000f3,0x3d897143,0x0004002b,0x00000006,0x000000f7,0x3bbf4590,0x0004002b,
    0x00000006,0x000000fe,0x4253ee82,0x00030030,0x000000b5,0x00000109,0x0004002b,0x00000006,
    0x0000011d,0x3e99999a,0x0004002b,0x00000006,0x0000011e,0x3f170a3d,0x0004002b,0x00000006,
    0x0000011f,0x3de147ae,0x0004002b,0x00000006,0x00000139,0x388205ff,0x0004002b,0x00000006,
    0x0000019f,0x40000000,0x0004002b,0x00000006,0x000001a6,0x3f000000,0x00040017,0x000001ac,
    0x000000b5,0x00000003,0x00040015,0x00000228,0x00000020,0x00000001,0x00040020,0x00000229,
    0x00000007,0x00000228,0x0004002b,0x00000228,0x0000022b,0x00000000,0x0004002b,0x00000228,
    0x00000232,0x00000003,0x0004002b,0x00000006,0x00000244,0x3e800000,0x0004002b,0x00000006,
    0x00000249,0x41800000,0x0004002b,0x00000006,0x0000024e,0x41400000,0x0004002b,0x00000006,
    0x00000254,0x40400000,0x0004002b,0x00000228,0x00000260,0x00000001,0x00030030,0x000000b5,
    0x0000027b,0x00090019,0x000002ce,0x00000006,0x00000001,0x00000000,0x00000000,0x00000000,
    0x00000001,0x00000000,0x00040020,0x000002cf,0x00000000,0x000002ce,0x0004003b,0x000002cf,
    0x000002d0,0x00000000,0x0002001a,0x000002d2,0x00040020,0x000002d3,0x00000000,0x000002d2,
    0x0004003b,0x000002d3,0x000002d4,0x00000000,0x0003001b,0x000002d6,0x000002ce,0x00040020,
    0x000002d8,0x00000001,0x00000018,0x0004003b,0x000002d8,0x000002d9,0x00000001,0x0005001e,
    0x000002dc,0x00000006,0x00000006,0x00000006,0x00040020,0x000002dd,0x00000002,0x000002dc,
    0x0004003b,0x000002dd,0x000002de,0x00000002,0x00040020,0x000002e0,0x00000002,0x00000006,
    0x00030030,0x000000b5,0x000002e5,0x00040020,0x000002e9,0x00000001,0x00000007,0x0004003b,
    0x000002e9,0x000002ea,0x00000001,0x00030030,0x000000b5,0x000002f6,0x00040020,0x000002f9,
    0x00000001,0x00000006,0x0004003b,0x000002f9,0x000002fa,0x00000001,0x00090019,0x00000301,
    0x00000006,0x00000006,0x00000000,0x00000000,0x00000000,0x00000002,0x00000000,0x00040020,
    0x00000302,0x00000000,0x00000301,0x0004003b,0x00000302,0x00000303,0x00000000,0x00040017,
    0x00000305,0x00000228,0x00000002,0x0005002c,0x00000305,0x00000306,0x0000022b,0x0000022b,
    0x0004001e,0x00000310,0x00000006,0x0000000d,0x00040020,0x00000311,0x00000002,0x00000310,
    0x0004003b,0x00000311,0x00000312,0x00000002,0x0004003b,0x00000302,0x00000319,0x00000000,
    0x00030030,0x000000b5,0x0000031c,0x00040020,0x0000032b,0x00000002,0x0000000d,0x0004003b,
    0x000002e9,0x00000355,0x00000001,0x00040020,0x0000036b,0x00000003,0x00000007,0x0004003b,
    0x0000036b,0x0000036c,0x00000003,0x0004003b,0x0000036b,0x0000036e,0x00000003,0x0006002c,
    0x00000022,0x00000378,0x000000ba,0x000000ba,0x000000ba,0x0006002c,0x00000022,0x00000379,
    0x000001a6,0x000001a6,0x000001a6,0x00050036,0x00000002,0x00000004,0x00000000,0x00000003,
    0x000200f8,0x00000005,0x0004003b,0x00000008,0x000008e3,0x00000007,0x0004003b,0x00000008,
    0x000008e4,0x00000007,0x0004003b,0x00000013,0x000008cf,0x00000007,0x0004003b,0x00000013,
    0x000008d0,0x00000007,0x0004003b,0x00000013,0x000008d1,0x00000007,0x0004003b,0x0000003a,
    0x000008bd,0x00000007,0x0004003b,0x00000035,0x000008be,0x00000007,0x0004003b,0x00000013,
    0x000008bf,0x00000007,0x0004003b,0x00000013,0x000008c0,0x00000007,0x0004003b,0x0000003a,
    0x000008c1,0x00000007,0x0004003b,0x0000003a,0x000008b3,0x00000007,0x0004003b,0x0000003a,
    0x000008b4,0x00000007,0x0004003b,0x00000013,0x000008b0,0x00000007,0x0004003b,0x00000035,
    0x000008a8,0x00000007,0x0004003b,0x00000035,0x000008a9,0x00000007,0x0004003b,0x00000013,
    0x000008a1,0x00000007,0x0004003b,0x00000035,0x00000898,0x00000007,0x0004003b,0x00000013,
    0x00000899,0x00000007,0x0004003b,0x00000013,0x00000891,0x00000007,0x0004003b,0x00000035,
    0x00000888,0x00000007,0x0004003b,0x00000013,0x00000889,0x00000007,0x0004003b,0x00000035,
    0x00000880,0x00000007,0x0004003b,0x00000035,0x00000881,0x00000007,0x0004003b,0x00000035,
    0x00000878,0x00000007,0x0004003b,0x00000035,0x00000879,0x00000007,0x0004003b,0x0000003a,
    0x0000086e,0x00000007,0x0004003b,0x0000003a,0x0000086f,0x00000007,0x0004003b,0x00000013,
    0x00000866,0x00000007,0x0004003b,0x00000013,0x00000867,0x00000007,0x0004003b,0x00000013,
    0x00000868,0x00000007,0x0004003b,0x00000013,0x00000869,0x00000007,0x0004003b,0x0000003a,
    0x0000085c,0x00000007,0x0004003b,0x0000003a,0x0000085d,0x00000007,0x0004003b,0x00000013,
    0x00000854,0x00000007,0x0004003b,0x00000013,0x00000855,0x00000007,0x0004003b,0x00000013,
    0x00000856,0x00000007,0x0004003b,0x00000013,0x00000857,0x00000007,0x0004003b,0x00000013,
    0x00000823,0x00000007,0x0004003b,0x0000003a,0x00000824,0x00000007,0x0004003b,0x0000003a,
    0x00000825,0x00000007,0x0004003b,0x0000003a,0x00000826,0x00000007,0x0004003b,0x00000035,
    0x00000827,0x00000007,0x0004003b,0x00000013,0x00000828,0x00000007,0x0004003b,0x00000013,
    0x00000829,0x00000007,0x0004003b,0x00000013,0x0000082a,0x00000007,0x0004003b,0x0000003a,
    0x0000082b,0x00000007,0x0004003b,0x0000003a,0x0000082c,0x00000007,0x0004003b,0x00000013,
    0x0000082d,0x00000007,0x0004003b,0x00000013,0x0000082e,0x00000007,0x0004003b,0x00000013,
    0x0000082f,0x00000007,0x0004003b,0x00000013,0x00000830,0x00000007,0x0004003b,0x0000003a,
    0x00000831,0x00000007,0x0004003b,0x0000003a,0x00000819,0x00000007,0x0004003b,0x0000003a,
    0x0000081a,0x00000007,0x0004003b,0x0000003a,0x0000080f,0x00000007,0x0004003b,0x0000003a,
    0x00000810,0x00000007,0x0004003b,0x00000013,0x0000080c,0x00000007,0x0004003b,0x00000035,
    0x00000804,0x00000007,0x0004003b,0x00000035,0x00000805,0x00000007,0x0004003b,0x00000013,
    0x000007fd,0x00000007,0x0004003b,0x00000035,0x000007f4,0x00000007,0x0004003b,0x00000013,
    0x000007f5,0x00000007,0x0004003b,0x00000013,0x000007ed,0x00000007,0x0004003b,0x00000035,
    0x000007e4,0x00000007,0x0004003b,0x00000013,0x000007e5,0x00000007,0x0004003b,0x00000035,
    0x000007dc,0x00000007,0x0004003b,0x00000035,0x000007dd,0x00000007,0x0004003b,0x00000035,
    0x000007d4,0x00000007,0x0004003b,0x00000035,0x000007d5,0x00000007,0x0004003b,0x0000003a,
    0x000007ca,0x00000007,0x0004003b,0x0000003a,0x000007cb,0x00000007,0x0004003b,0x00000013,
    0x000007c2,0x00000007,0x0004003b,0x00000013,0x000007c3,0x00000007,0x0004003b,0x00000013,
    0x000007c4,0x00000007,0x0004003b,0x00000013,0x000007c5,0x00000007,0x0004003b,0x0000003a,
    0x000007b8,0x00000007,0x0004003b,0x0000003a,0x000007b9,0x00000007,0x0004003b,0x00000013,
    0x000007b0,0x00000007,0x0004003b,0x00000013,0x000007b1,0x00000007,0x0004003b,0x00000013,
    0x000007b2,0x00000007,0x0004003b,0x00000013,0x000007b3,0x00000007,0x0004003b,0x00000013,
    0x0000077f,0x00000007,0x0004003b,0x0000003a,0x00000780,0x00000007,0x0004003b,0x0000003a,
    0x00000781,0x00000007,0x0004003b,0x0000003a,0x00000782,0x00000007,0x0004003b,0x00000035,
    0x00000783,0x00000007,0x0004003b,0x00000013,0x00000784,0x00000007,0x0004003b,0x00000013,
    0x00000785,0x00000007,0x0004003b,0x00000013,0x00000786,0x00000007,0x0004003b,0x0000003a,
    0x00000787,0x00000007,0x0004003b,0x0000003a,0x00000788,0x00000007,0x0004003b,0x00000013,
    0x00000789,0x00000007,0x0004003b,0x00000013,0x0000078a,0x00000007,0x0004003b,0x00000013,
    0x0000078b,0x00000007,0x0004003b,0x00000013,0x0000078c,0x00000007,0x0004003b,0x0000003a,
    0x0000078d,0x00000007,0x0004003b,0x0000003a,0x00000775,0x00000007,0x0004003b,0x0000003a,
    0x00000776,0x00000007,0x0004003b,0x0000003a,0x0000076b,0x00000007,0x0004003b,0x0000003a,
    0x0000076c,0x00000007,0x0004003b,0x00000013,0x00000768,0x00000007,0x0004003b,0x00000035,
    0x00000760,0x00000007,0x0004003b,0x00000035,0x00000761,0x00000007,0x0004003b,0x00000013,
    0x00000759,0x00000007,0x0004003b,0x00000035,0x00000750,0x00000007,0x0004003b,0x00000013,
    0x00000751,0x00000007,0x0004003b,0x00000013,0x00000749,0x00000007,0x0004003b,0x00000035,
    0x00000740,0x00000007,0x0004003b,0x00000013,0x00000741,0x00000007,0x0004003b,0x00000035,
    0x00000738,0x00000007,0x0004003b,0x00000035,0x00000739,0x00000007,0x0004003b,0x00000035,
    0x00000730,0x00000007,0x0004003b,0x00000035,0x00000731,0x00000007,0x0004003b,0x0000003a,
    0x00000726,0x00000007,0x0004003b,0x0000003a,0x00000727,0x00000007,0x0004003b,0x00000013,
    0x0000071e,0x00000007,0x0004003b,0x00000013,0x0000071f,0x00000007,0x0004003b,0x00000013,
    0x00000720,0x00000007,0x0004003b,0x00000013,0x00000721,0x00000007,0x0004003b,0x0000003a,
    0x00000714,0x00000007,0x0004003b,0x0000003a,0x00000715,0x00000007,0x0004003b,0x00000013,
    0x0000070c,0x00000007,0x0004003b,0x00000013,0x0000070d,0x00000007,0x0004003b,0x00000013,
    0x0000070e,0x00000007,0x0004003b,0x00000013,0x0000070f,0x00000007,0x0004003b,0x00000013,
    0x000006db,0x00000007,0x0004003b,0x0000003a,0x000006dc,0x00000007,0x0004003b,0x0000003a,
    0x000006dd,0x00000007,0x0004003b,0x0000003a,0x000006de,0x00000007,0x0004003b,0x00000035,
    0x000006df,0x00000007,0x0004003b,0x00000013,0x000006e0,0x00000007,0x0004003b,0x00000013,
    0x000006e1,0x00000007,0x0004003b,0x00000013,0x000006e2,0x00000007,0x0004003b,0x0000003a,
    0x000006e3,0x00000007,0x0004003b,0x0000003a,0x000006e4,0x00000007,0x0004003b,0x00000013,
    0x000006e5,0x00000007,0x0004003b,0x00000013,0x000006e6,0x00000007,0x0004003b,0x00000013,
    0x000006e7,0x00000007,0x0004003b,0x00000013,0x000006e8,0x00000007,0x0004003b,0x0000003a,
    0x000006e9,0x00000007,0x0004003b,0x00000013,0x000006d4,0x00000007,0x0004003b,0x00000035,
    0x000006cb,0x00000007,0x0004003b,0x00000013,0x000006cc,0x00000007,0x0004003b,0x00000013,
    0x000006c4,0x00000007,0x0004003b,0x00000035,0x000006bb,0x00000007,0x0004003b,0x00000013,
    0x000006bc,0x00000007,0x0004003b,0x00000013,0x000006b4,0x00000007,0x0004003b,0x00000035,
    0x000006ab,0x00000007,0x0004003b,0x00000013,0x000006ac,0x00000007,0x0004003b,0x00000013,
    0x000006a4,0x00000007,0x0004003b,0x00000035,0x0000069b,0x00000007,0x0004003b,0x00000013,
    0x0000069c,0x00000007,0x0004003b,0x00000013,0x0000067b,0x00000007,0x0004003b,0x0000003a,
    0x0000067c,0x00000007,0x0004003b,0x0000003a,0x0000067d,0x00000007,0x0004003b,0x0000003a,
    0x0000067e,0x00000007,0x0004003b,0x00000013,0x0000067f,0x00000007,0x0004003b,0x0000003a,
    0x00000680,0x00000007,0x0004003b,0x00000013,0x00000681,0x00000007,0x0004003b,0x0000003a,
    0x00000682,0x00000007,0x0004003b,0x0000003a,0x00000683,0x00000007,0x0004003b,0x0000003a,
    0x00000684,0x00000007,0x0004003b,0x0000003a,0x00000671,0x00000007,0x0004003b,0x0000003a,
    0x00000672,0x00000007,0x0004003b,0x0000003a,0x00000667,0x00000007,0x0004003b,0x0000003a,
    0x00000668,0x00000007,0x0004003b,0x00000013,0x00000664,0x00000007,0x0004003b,0x00000035,
    0x0000065c,0x00000007,0x0004003b,0x00000035,0x0000065d,0x00000007,0x0004003b,0x00000013,
    0x00000655,0x00000007,0x0004003b,0x00000035,0x0000064c,0x00000007,0x0004003b,0x00000013,
    0x0000064d,0x00000007,0x0004003b,0x00000013,0x00000645,0x00000007,0x0004003b,0x00000035,
    0x0000063c,0x00000007,0x0004003b,0x00000013,0x0000063d,0x00000007,0x0004003b,0x00000035,
    0x00000634,0x00000007,0x0004003b,0x00000035,0x00000635,0x00000007,0x0004003b,0x00000035,
    0x0000062c,0x00000007,0x0004003b,0x00000035,0x0000062d,0x00000007,0x0004003b,0x0000003a,
    0x00000622,0x00000007,0x0004003b,0x0000003a,0x00000623,0x00000007,0x0004003b,0x00000013,
    0x0000061a,0x00000007,0x0004003b,0x00000013,0x0000061b,0x00000007,0x0004003b,0x00000013,
    0x0000061c,0x00000007,0x0004003b,0x00000013,0x0000061d,0x00000007,0x0004003b,0x0000003a,
    0x00000610,0x00000007,0x0004003b,0x0000003a,0x00000611,0x00000007,0x0004003b,0x00000013,
    0x00000608,0x00000007,0x0004003b,0x00000013,0x00000609,0x00000007,0x0004003b,0x00000013,
    0x0000060a,0x00000007,0x0004003b,0x00000013,0x0000060b,0x00000007,0x0004003b,0x00000013,
    0x000005d7,0x00000007,0x0004003b,0x0000003a,0x000005d8,0x00000007,0x0004003b,0x0000003a,
    0x000005d9,0x00000007,0x0004003b,0x0000003a,0x000005da,0x00000007,0x0004003b,0x00000035,
    0x000005db,0x00000007,0x0004003b,0x00000013,0x000005dc,0x00000007,0x0004003b,0x00000013,
    0x000005dd,0x00000007,0x0004003b,0x00000013,0x000005de,0x00000007,0x0004003b,0x0000003a,
    0x000005df,0x00000007,0x0004003b,0x0000003a,0x000005e0,0x00000007,0x0004003b,0x00000013,
    0x000005e1,0x00000007,0x0004003b,0x00000013,0x000005e2,0x00000007,0x0004003b,0x00000013,
    0x000005e3,0x00000007,0x0004003b,0x00000013,0x000005e4,0x00000007,0x0004003b,0x0000003a,
    0x000005e5,0x00000007,0x0004003b,0x00000013,0x000005d0,0x00000007,0x0004003b,0x00000035,
    0x000005c7,0x00000007,0x0004003b,0x00000013,0x000005c8,0x00000007,0x0004003b,0x00000013,
    0x000005c0,0x00000007,0x0004003b,0x00000035,0x000005b7,0x00000007,0x0004003b,0x00000013,
    0x000005b8,0x00000007,0x0004003b,0x00000013,0x000005b0,0x00000007,0x0004003b,0x00000035,
    0x000005a7,0x00000007,0x0004003b,0x00000013,0x000005a8,0x00000007,0x0004003b,0x00000013,
    0x000005a0,0x00000007,0x0004003b,0x00000035,0x00000597,0x00000007,0x0004003b,0x00000013,
    0x00000598,0x00000007,0x0004003b,0x00000013,0x00000577,0x00000007,0x0004003b,0x0000003a,
    0x00000578,0x00000007,0x0004003b,0x0000003a,0x00000579,0x00000007,0x0004003b,0x0000003a,
    0x0000057a,0x00000007,0x0004003b,0x00000013,0x0000057b,0x00000007,0x0004003b,0x0000003a,
    0x0000057c,0x00000007,0x0004003b,0x00000013,0x0000057d,0x00000007,0x0004003b,0x0000003a,
    0x0000057e,0x00000007,0x0004003b,0x0000003a,0x0000057f,0x00000007,0x0004003b,0x0000003a,
    0x00000580,0x00000007,0x0004003b,0x0000003a,0x0000056d,0x00000007,0x0004003b,0x0000003a,
    0x0000056e,0x00000007,0x0004003b,0x0000003a,0x00000563,0x00000007,0x0004003b,0x0000003a,
    0x00000564,0x00000007,0x0004003b,0x0000003a,0x00000559,0x00000007,0x0004003b,0x0000003a,
    0x0000055a,0x00000007,0x0004003b,0x0000003a,0x0000054f,0x00000007,0x0004003b,0x0000003a,
    0x00000550,0x00000007,0x0004003b,0x0000003a,0x00000545,0x00000007,0x0004003b,0x0000003a,
    0x00000546,0x00000007,0x0004003b,0x0000003a,0x0000053b,0x00000007,0x0004003b,0x0000003a,
    0x0000053c,0x00000007,0x0004003b,0x0000003a,0x00000531,0x00000007,0x0004003b,0x0000003a,
    0x00000532,0x00000007,0x0004003b,0x0000003a,0x00000527,0x00000007,0x0004003b,0x0000003a,
    0x00000528,0x00000007,0x0004003b,0x0000003a,0x0000051d,0x00000007,0x0004003b,0x0000003a,
    0x0000051e,0x00000007,0x0004003b,0x0000003a,0x00000513,0x00000007,0x0004003b,0x0000003a,
    0x00000514,0x00000007,0x0004003b,0x0000003a,0x00000509,0x00000007,0x0004003b,0x0000003a,
    0x0000050a,0x00000007,0x0004003b,0x0000003a,0x000004ff,0x00000007,0x0004003b,0x0000003a,
    0x00000500,0x00000007,0x0004003b,0x0000003a,0x000004f5,0x00000007,0x0004003b,0x0000003a,
    0x000004f6,0x00000007,0x0004003b,0x0000003a,0x000004eb,0x00000007,0x0004003b,0x0000003a,
    0x000004ec,0x00000007,0x0004003b,0x00000013,0x000004db,0x00000007,0x0004003b,0x0000003a,
    0x000004dc,0x00000007,0x0004003b,0x0000003a,0x000003ba,0x00000007,0x0004003b,0x00000008,
    0x000003bb,0x00000007,0x0004003b,0x0000003a,0x000003bc,0x00000007,0x0004003b,0x0000003a,
    0x000003bd,0x00000007,0x0004003b,0x00000013,0x000003be,0x00000007,0x0004003b,0x00000013,
    0x000003bf,0x00000007,0x0004003b,0x0000003a,0x000003c0,0x00000007,0x0004003b,0x00000013,
    0x000003c1,0x00000007,0x0004003b,0x00000013,0x000003c2,0x00000007,0x0004003b,0x00000013,
    0x000003c3,0x00000007,0x0004003b,0x00000013,0x000003c4,0x00000007,0x0004003b,0x00000013,
    0x000003c5,0x00000007,0x0004003b,0x00000013,0x000003c6,0x00000007,0x0004003b,0x00000013,
    0x000003c7,0x00000007,0x0004003b,0x0000003a,0x000003c8,0x00000007,0x0004003b,0x00000013,
    0x000003c9,0x00000007,0x0004003b,0x00000013,0x000003ca,0x00000007,0x0004003b,0x0000003a,
    0x000003cb,0x00000007,0x0004003b,0x00000013,0x000003cc,0x00000007,0x0004003b,0x00000229,
    0x000003cd,0x00000007,0x0004003b,0x00000013,0x000003ce,0x00000007,0x0004003b,0x00000013,
    0x000003cf,0x00000007,0x0004003b,0x0000003a,0x000003d0,0x00000007,0x0004003b,0x0000003a,
    0x000003d1,0x00000007,0x0004003b,0x0000003a,0x000003d2,0x00000007,0x0004003b,0x00000013,
    0x000003d3,0x00000007,0x0004003b,0x00000013,0x000003d4,0x00000007,0x0004003b,0x0000003a,
    0x000003d5,0x00000007,0x0004003b,0x0000003a,0x000003d6,0x00000007,0x0004003b,0x0000003a,
    0x000003d7,0x00000007,0x0004003b,0x00000013,0x000003d8,0x00000007,0x0004003b,0x00000013,
    0x000003d9,0x00000007,0x0004003b,0x0000003a,0x000003da,0x00000007,0x0004003b,0x0000003a,
    0x000003db,0x00000007,0x0004003b,0x00000013,0x000003dc,0x00000007,0x0004003b,0x00000013,
    0x000003dd,0x00000007,0x0004003b,0x0000003a,0x000003de,0x00000007,0x0004003b,0x0000003a,
    0x000003df,0x00000007,0x0004003b,0x0000003a,0x000003e0,0x00000007,0x0004003b,0x0000003a,
    0x000003a9,0x00000007,0x0004003b,0x0000003a,0x000003aa,0x00000007,0x0004003b,0x00000008,
    0x000003ab,0x00000007,0x0004003b,0x0000000e,0x000003ac,0x00000007,0x0004003b,0x00000013,
    0x000003ad,0x00000007,0x0004003b,0x0000003a,0x000003ae,0x00000007,0x0004003b,0x0000000e,
    0x000003a4,0x00000007,0x0004003b,0x0000000e,0x000003a5,0x00000007,0x0004003b,0x00000013,
    0x00000394,0x00000007,0x0004003b,0x0000003a,0x00000395,0x00000007,0x0004003b,0x00000013,
    0x00000391,0x00000007,0x0004003b,0x00000013,0x0000038e,0x00000007,0x0004003b,0x00000035,
    0x0000037f,0x00000007,0x0004003b,0x00000013,0x00000380,0x00000007,0x0004003b,0x00000013,
    0x00000381,0x00000007,0x0004003b,0x00000008,0x0000037a,0x00000007,0x0004003b,0x00000008,
    0x0000037b,0x00000007,0x0004003b,0x00000008,0x000002cd,0x00000007,0x0004003b,0x00000013,
    0x000002e4,0x00000007,0x0004003b,0x00000013,0x000002e8,0x00000007,0x0004003b,0x00000008,
    0x000002eb,0x00000007,0x0004003b,0x00000008,0x000002ee,0x00000007,0x0004003b,0x00000013,
    0x000002f0,0x00000007,0x0004003b,0x00000013,0x00000300,0x00000007,0x0004003b,0x00000013,
    0x0000030a,0x00000007,0x0004003b,0x00000008,0x00000318,0x00000007,0x0004003b,0x00000008,
    0x0000031f,0x00000007,0x0004003b,0x0000000e,0x00000328,0x00000007,0x0004003b,0x0000000e,
    0x0000032a,0x00000007,0x0004003b,0x0000003a,0x00000333,0x00000007,0x0004003b,0x00000008,
    0x00000336,0x00000007,0x0004003b,0x0000000e,0x00000338,0x00000007,0x0004003b,0x0000003a,
    0x00000358,0x00000007,0x0004003b,0x00000035,0x0000035b,0x00000007,0x0004003b,0x00000013,
    0x0000035e,0x00000007,0x0004003b,0x00000013,0x00000361,0x00000007,0x0004003b,0x00000013,
    0x0000036f,0x00000007,0x0004003d,0x000002ce,0x000002d1,0x000002d0,0x0004003d,0x000002d2,
    0x000002d5,0x000002d4,0x00050056,0x000002d6,0x000002d7,0x000002d1,0x000002d5,0x0004003d,
    0x00000018,0x000002da,0x000002d9,0x00050041,0x000002e0,0x000002e1,0x000002de,0x0000007e,
    0x0004003d,0x00000006,0x000002e2,0x000002e1,0x00070057,0x00000007,0x000002e3,0x000002d7,
    0x000002da,0x00000001,0x000002e2,0x0003003e,0x000002cd,0x000002e3,0x0003003e,0x000002e4,
    0x000000ba,0x000300f7,0x000002e7,0x00000000,0x000400fa,0x000002e5,0x000002e6,0x000002e7,
    0x000200f8,0x000002e6,0x0004003d,0x00000007,0x000002ec,0x000002ea,0x0003003e,0x000002eb,
    0x000002ec,0x0004003d,0x00000007,0x0000037d,0x000002eb,0x0003003e,0x0000037a,0x0000037d,
    0x0004003d,0x00000007,0x0000037e,0x0000037a,0x0003003e,0x0000037b,0x0000037e,0x0004003d,
    0x00000007,0x000002ed,0x0000037b,0x0003003e,0x000002ee,0x000002ed,0x0004003d,0x00000007,
    0x00000383,0x000002ee,0x0007004f,0x00000018,0x00000384,0x00000383,0x00000383,0x00000000,
    0x00000001,0x0004003d,0x00000007,0x00000385,0x000002ee,0x0007004f,0x00000018,0x00000386,
    0x00000385,0x00000385,0x00000002,0x00000003,0x0007000c,0x00000018,0x00000387,0x00000001,
    0x00000025,0x00000384,0x00000386,0x0003003e,0x0000037f,0x00000387,0x00050041,0x00000013,
    0x00000388,0x0000037f,0x0000007e,0x0004003d,0x00000006,0x00000389,0x00000388,0x00050041,
    0x00000013,0x0000038a,0x0000037f,0x00000081,0x0004003d,0x00000006,0x0000038b,0x0000038a,
    0x0007000c,0x00000006,0x0000038c,0x00000001,0x00000025,0x00000389,0x0000038b,0x0003003e,
    0x00000380,0x0000038c,0x0004003d,0x00000006,0x0000038d,0x00000380,0x0003003e,0x00000381,
    0x0000038d,0x0004003d,0x00000006,0x000002ef,0x00000381,0x0003003e,0x000002f0,0x000000b4,
    0x0004003d,0x00000006,0x00000390,0x000002f0,0x0003003e,0x0000038e,0x00000390,0x0004003d,
    0x00000006,0x000002f1,0x0000038e,0x0007000c,0x00000006,0x000002f2,0x00000001,0x00000028,
    0x000002ef,0x000002f1,0x0003003e,0x000002e8,0x000002f2,0x0004003d,0x00000006,0x000002f3,
    0x000002e8,0x0004003d,0x00000006,0x000002f4,0x000002e4,0x0007000c,0x00000006,0x000002f5,
    0x00000001,0x00000025,0x000002f3,0x000002f4,0x0003003e,0x000002e4,0x000002f5,0x000200f9,
    0x000002e7,0x000200f8,0x000002e7,0x000300f7,0x000002f8,0x00000000,0x000400fa,0x000002f6,
    0x000002f7,0x000002f8,0x000200f8,0x000002f7,0x0004003d,0x00000006,0x000002fb,0x000002fa,
    0x000500b7,0x000000b5,0x000002fc,0x000002fb,0x000000b4,0x000200f9,0x000002f8,0x000200f8,
    0x000002f8,0x000700f5,0x000000b5,0x000002fd,0x000002f6,0x000002e7,0x000002fc,0x000002f7,
    0x000300f7,0x000002ff,0x00000000,0x000400fa,0x000002fd,0x000002fe,0x000002ff,0x000200f8,
    0x000002fe,0x0004003d,0x00000301,0x00000304,0x00000303,0x00050062,0x00000007,0x00000307,
    0x00000304,0x00000306,0x00050051,0x00000006,0x00000308,0x00000307,0x00000000,0x0003003e,
    0x00000300,0x00000308,0x0004003d,0x00000006,0x00000309,0x00000300,0x0003003e,0x0000030a,
    0x000000b4,0x0004003d,0x00000006,0x00000393,0x0000030a,0x0003003e,0x00000391,0x00000393,
    0x0004003d,0x00000006,0x0000030b,0x00000391,0x0007000c,0x00000006,0x0000030c,0x00000001,
    0x00000028,0x00000309,0x0000030b,0x0003003e,0x00000300,0x0000030c,0x0004003d,0x00000006,
    0x0000030d,0x000002e4,0x0004003d,0x00000006,0x0000030e,0x00000300,0x0007000c,0x00000006,
    0x0000030f,0x00000001,0x00000025,0x0000030d,0x0000030e,0x0003003e,0x000002e4,0x0000030f,
    0x000200f9,0x000002ff,0x000200f8,0x000002ff,0x00050041,0x000002e0,0x00000314,0x00000312,
    0x0000007e,0x0004003d,0x00000006,0x00000315,0x00000314,0x0004003d,0x00000006,0x00000316,
    0x000002e4,0x00050085,0x00000006,0x00000317,0x00000316,0x00000315,0x0003003e,0x000002e4,
    0x00000317,0x0004003d,0x00000301,0x0000031a,0x00000319,0x00050062,0x00000007,0x0000031b,
    0x0000031a,0x00000306,0x0003003e,0x00000318,0x0000031b,0x000300f7,0x0000031e,0x00000000,
    0x000400fa,0x0000031c,0x0000031d,0x00000351,0x000200f8,0x0000031d,0x0004003d,0x00000007,
    0x00000320,0x000002cd,0x0003003e,0x0000031f,0x00000320,0x0004003d,0x00000007,0x00000397,
    0x0000031f,0x0008004f,0x00000022,0x00000398,0x00000397,0x00000397,0x00000000,0x00000001,
    0x00000002,0x00050041,0x00000013,0x00000399,0x0000031f,0x000000ab,0x0004003d,0x00000006,
    0x0000039a,0x00000399,0x000500b7,0x000000b5,0x0000039b,0x0000039a,0x000000b4,0x000300f7,
    0x000003a1,0x00000000,0x000400fa,0x0000039b,0x0000039c,0x000003a0,0x000200f8,0x0000039c,
    0x0004003d,0x00000006,0x0000039e,0x00000399,0x00050088,0x00000006,0x0000039f,0x000000ba,
    0x0000039e,0x0003003e,0x00000394,0x0000039f,0x000200f9,0x000003a1,0x000200f8,0x000003a0,
    0x0003003e,0x00000394,0x000000b4,0x000200f9,0x000003a1,0x000200f8,0x000003a1,0x0004003d,
    0x00000006,0x000003a2,0x00000394,0x0005008e,0x00000022,0x000003a3,0x00000398,0x000003a2,
    0x0003003e,0x00000395,0x000003a3,0x0004003d,0x00000022,0x00000321,0x00000395,0x00050041,
    0x00000013,0x00000322,0x000002cd,0x0000007e,0x00050051,0x00000006,0x00000323,0x00000321,
    0x00000000,0x0003003e,0x00000322,0x00000323,0x00050041,0x00000013,0x00000324,0x000002cd,
    0x00000081,0x00050051,0x00000006,0x00000325,0x00000321,0x00000001,0x0003003e,0x00000324,
    0x00000325,0x00050041,0x00000013,0x00000326,0x000002cd,0x00000094,0x00050051,0x00000006,
    0x00000327,0x00000321,0x00000002,0x0003003e,0x00000326,0x00000327,0x00050041,0x0000032b,
    0x0000032c,0x00000312,0x00000081,0x0004003d,0x0000000d,0x0000032d,0x0000032c,0x0003003e,
    0x0000032a,0x0000032d,0x0004003d,0x0000000d,0x000003a7,0x0000032a,0x0003003e,0x000003a4,
    0x000003a7,0x0004003d,0x0000000d,0x000003a8,0x000003a4,0x0003003e,0x000003a5,0x000003a8,
    0x0004003d,0x0000000d,0x0000032e,0x000003a5,0x0003003e,0x00000328,0x0000032e,0x0004003d,
    0x0000000d,0x0000032f,0x00000328,0x000500ab,0x000000b5,0x00000330,0x0000032f,0x0000007e,
    0x000300f7,0x00000332,0x00000000,0x000400fa,0x00000330,0x00000331,0x00000332,0x000200f8,
    0x00000331,0x0004003d,0x00000007,0x00000334,0x000002cd,0x0008004f,0x00000022,0x00000335,
    0x00000334,0x00000334,0x00000000,0x00000001,0x00000002,0x0003003e,0x00000333,0x00000335,
    0x0004003d,0x00000007,0x00000337,0x00000318,0x0003003e,0x00000336,0x00000337,0x0004003d,
    0x0000000d,0x00000339,0x00000328,0x0003003e,0x00000338,0x00000339,0x0004003d,0x00000022,
    0x000003b0,0x00000333,0x0003003e,0x000003aa,0x000003b0,0x0004003d,0x00000007,0x000003b1,
    0x00000336,0x0003003e,0x000003ab,0x000003b1,0x0004003d,0x0000000d,0x000003b2,0x00000338,
    0x0003003e,0x000003ac,0x000003b2,0x0004003d,0x00000007,0x000003e2,0x000003ab,0x0003003e,
    0x000003bb,0x000003e2,0x0004003d,0x00000007,0x000004de,0x000003bb,0x0008004f,0x00000022,
    0x000004df,0x000004de,0x000004de,0x00000000,0x00000001,0x00000002,0x00050041,0x00000013,
    0x000004e0,0x000003bb,0x000000ab,0x0004003d,0x00000006,0x000004e1,0x000004e0,0x000500b7,
    0x000000b5,0x000004e2,0x000004e1,0x000000b4,0x000300f7,0x000004e8,0x00000000,0x000400fa,
    0x000004e2,0x000004e3,0x000004e7,0x000200f8,0x000004e3,0x0004003d,0x00000006,0x000004e5,
    0x000004e0,0x00050088,0x00000006,0x000004e6,0x000000ba,0x000004e5,0x0003003e,0x000004db,
    0x000004e6,0x000200f9,0x000004e8,0x000200f8,0x000004e7,0x0003003e,0x000004db,0x000000b4,
    0x000200f9,0x000004e8,0x000200f8,0x000004e8,0x0004003d,0x00000006,0x000004e9,0x000004db,
    0x0005008e,0x00000022,0x000004ea,0x000004df,0x000004e9,0x0003003e,0x000004dc,0x000004ea,
    0x0004003d,0x00000022,0x000003e3,0x000004dc,0x0003003e,0x000003ba,0x000003e3,0x0004003d,
    0x0000000d,0x000003e4,0x000003ac,0x000300f7,0x000004d9,0x00000000,0x002100fb,0x000003e4,
    0x000004d9,0x0000000b,0x000003e5,0x00000001,0x000003e9,0x00000002,0x000003f1,0x00000003,
    0x00000401,0x00000004,0x00000405,0x00000005,0x00000409,0x00000006,0x0000042b,0x00000007,
    0x00000457,0x00000008,0x00000467,0x00000009,0x000004a1,0x0000000a,0x000004a6,0x0000000c,
    0x000004af,0x0000000d,0x000004ba,0x0000000e,0x000004c5,0x0000000f,0x000004cf,0x000200f8,
    0x000003e5,0x0004003d,0x00000022,0x000003e6,0x000003aa,0x0004003d,0x00000022,0x000003e7,
    0x000003ba,0x00050085,0x00000022,0x000003e8,0x000003e6,0x000003e7,0x0003003e,0x000003bc,
    0x000003e8,0x000200f9,0x000004d9,0x000200f8,0x000003e9,0x0004003d,0x00000022,0x000003ea,
    0x000003aa,0x0004003d,0x00000022,0x000003eb,0x000003ba,0x00050081,0x00000022,0x000003ec,
    0x000003ea,0x000003eb,0x0004003d,0x00000022,0x000003ed,0x000003aa,0x0004003d,0x00000022,
    0x000003ee,0x000003ba,0x00050085,0x00000022,0x000003ef,0x000003ed,0x000003ee,0x00050083,
    0x00000022,0x000003f0,0x000003ec,0x000003ef,0x0003003e,0x000003bc,0x000003f0,0x000200f9,
    0x000004d9,0x000200f8,0x000003f1,0x0004003d,0x00000022,0x000003f2,0x000003aa,0x0004003d,
    0x00000022,0x000003f3,0x000003ba,0x00050085,0x00000022,0x000003f4,0x000003f2,0x000003f3,
    0x0003003e,0x000003bd,0x000003f4,0x0004003d,0x00000022,0x000003f5,0x000003bd,0x0004003d,
    0x00000022,0x000003f6,0x000003aa,0x0004003d,0x00000022,0x000003f7,0x000003ba,0x00050081,
    0x00000022,0x000003f8,0x000003f6,0x000003f7,0x0004003d,0x00000022,0x000003f9,0x000003bd,
    0x00050083,0x00000022,0x000003fa,0x000003f8,0x000003f9,0x00050083,0x00000022,0x000003fb,
    0x000003fa,0x00000379,0x0004003d,0x00000022,0x000003fc,0x000003ba,0x0003003e,0x000003be,
    0x000001a6,0x0004003d,0x00000006,0x000004ee,0x000003be,0x00050041,0x00000013,0x000004ef,
    0x000004eb,0x0000007e,0x0003003e,0x000004ef,0x000004ee,0x0004003d,0x00000006,0x000004f0,
    0x000003be,0x00050041,0x00000013,0x000004f1,0x000004eb,0x00000081,0x0003003e,0x000004f1,
    0x000004f0,0x0004003d,0x00000006,0x000004f2,0x000003be,0x00050041,0x00000013,0x000004f3,
    0x000004eb,0x00000094,0x0003003e,0x000004f3,0x000004f2,0x0004003d,0x00000022,0x000004f4,
    0x000004eb,0x0003003e,0x000004ec,0x000004f4,0x0004003d,0x00000022,0x000003fd,0x000004ec,
    0x000500ba,0x000001ac,0x000003fe,0x000003fc,0x000003fd,0x000600a9,0x00000022,0x000003ff,
    0x000003fe,0x000003fb,0x000003f5,0x0005008e,0x00000022,0x00000400,0x000003ff,0x0000019f,
    0x0003003e,0x000003bc,0x00000400,0x000200f9,0x000004d9,0x000200f8,0x00000401,0x0004003d,
    0x00000022,0x00000402,0x000003aa,0x0004003d,0x00000022,0x00000403,0x000003ba,0x0007000c,
    0x00000022,0x00000404,0x00000001,0x00000025,0x00000402,0x00000403,0x0003003e,0x000003bc,
    0x00000404,0x000200f9,0x000004d9,0x000200f8,0x00000405,0x0004003d,0x00000022,0x00000406,
    0x000003aa,0x0004003d,0x00000022,0x00000407,0x000003ba,0x0007000c,0x00000022,0x00000408,
    0x00000001,0x00000028,0x00000406,0x00000407,0x0003003e,0x000003bc,0x00000408,0x000200f9,
    0x000004d9,0x000200f8,0x00000409,0x0004003d,0x00000007,0x0000040a,0x000003ab,0x0008004f,
    0x00000022,0x0000040b,0x0000040a,0x0000040a,0x00000000,0x00000001,0x00000002,0x0003003e,
    0x000003bf,0x000000b4,0x0004003d,0x00000006,0x000004f8,0x000003bf,0x00050041,0x00000013,
    0x000004f9,0x000004f5,0x0000007e,0x0003003e,0x000004f9,0x000004f8,0x0004003d,0x00000006,
    0x000004fa,0x000003bf,0x00050041,0x00000013,0x000004fb,0x000004f5,0x00000081,0x0003003e,
    0x000004fb,0x000004fa,0x0004003d,0x00000006,0x000004fc,0x000003bf,0x00050041,0x00000013,
    0x000004fd,0x000004f5,0x00000094,0x0003003e,0x000004fd,0x000004fc,0x0004003d,0x00000022,
    0x000004fe,0x000004f5,0x0003003e,0x000004f6,0x000004fe,0x0004003d,0x00000022,0x0000040c,
    0x000004f6,0x0004003d,0x00000007,0x0000040d,0x000003ab,0x0008004f,0x00000022,0x0000040e,
    0x0000040d,0x0000040d,0x00000003,0x00000003,0x00000003,0x0008000c,0x00000022,0x0000040f,
    0x00000001,0x0000002b,0x0000040b,0x0000040c,0x0000040e,0x00050041,0x00000013,0x00000410,
    0x000003ab,0x0000007e,0x00050051,0x00000006,0x00000411,0x0000040f,0x00000000,0x0003003e,
    0x00000410,0x00000411,0x00050041,0x00000013,0x00000412,0x000003ab,0x00000081,0x00050051,
    0x00000006,0x00000413,0x0000040f,0x00000001,0x0003003e,0x00000412,0x00000413,0x00050041,
    0x00000013,0x00000414,0x000003ab,0x00000094,0x00050051,0x00000006,0x00000415,0x0000040f,
    0x00000002,0x0003003e,0x00000414,0x00000415,0x0004003d,0x00000022,0x00000416,0x000003aa,
    0x00050083,0x00000022,0x00000417,0x00000378,0x00000416,0x0003003e,0x000003c1,0x000000b4,
    0x0004003d,0x00000006,0x00000502,0x000003c1,0x00050041,0x00000013,0x00000503,0x000004ff,
    0x0000007e,0x0003003e,0x00000503,0x00000502,0x0004003d,0x00000006,0x00000504,0x000003c1,
    0x00050041,0x00000013,0x00000505,0x000004ff,0x00000081,0x0003003e,0x00000505,0x00000504,
    0x0004003d,0x00000006,0x00000506,0x000003c1,0x00050041,0x00000013,0x00000507,0x000004ff,
    0x00000094,0x0003003e,0x00000507,0x00000506,0x0004003d,0x00000022,0x00000508,0x000004ff,
    0x0003003e,0x00000500,0x00000508,0x0004003d,0x00000022,0x00000418,0x00000500,0x0003003e,
    0x000003c2,0x000000ba,0x0004003d,0x00000006,0x0000050c,0x000003c2,0x00050041,0x00000013,
    0x0000050d,0x00000509,0x0000007e,0x0003003e,0x0000050d,0x0000050c,0x0004003d,0x00000006,
    0x0000050e,0x000003c2,0x00050041,0x00000013,0x0000050f,0x00000509,0x00000081,0x0003003e,
    0x0000050f,0x0000050e,0x0004003d,0x00000006,0x00000510,0x000003c2,0x00050041,0x00000013,
    0x00000511,0x00000509,0x00000094,0x0003003e,0x00000511,0x00000510,0x0004003d,0x00000022,
    0x00000512,0x00000509,0x0003003e,0x0000050a,0x00000512,0x0004003d,0x00000022,0x00000419,
    0x0000050a,0x0008000c,0x00000022,0x0000041a,0x00000001,0x0000002b,0x00000417,0x00000418,
    0x00000419,0x00050041,0x00000013,0x0000041b,0x000003ab,0x000000ab,0x0004003d,0x00000006,
    0x0000041c,0x0000041b,0x0005008e,0x00000022,0x0000041d,0x0000041a,0x0000041c,0x0003003e,
    0x000003c0,0x0000041d,0x0003003e,0x000003c3,0x000000ba,0x0004003d,0x00000006,0x00000516,
    0x000003c3,0x00050041,0x00000013,0x00000517,0x00000513,0x0000007e,0x0003003e,0x00000517,
    0x00000516,0x0004003d,0x00000006,0x00000518,0x000003c3,0x00050041,0x00000013,0x00000519,
    0x00000513,0x00000081,0x0003003e,0x00000519,0x00000518,0x0004003d,0x00000006,0x0000051a,
    0x000003c3,0x00050041,0x00000013,0x0000051b,0x00000513,0x00000094,0x0003003e,0x0000051b,
    0x0000051a,0x0004003d,0x00000022,0x0000051c,0x00000513,0x0003003e,0x00000514,0x0000051c,
    0x0004003d,0x00000022,0x0000041e,0x00000514,0x0004003d,0x00000007,0x0000041f,0x000003ab,
    0x0008004f,0x00000022,0x00000420,0x0000041f,0x0000041f,0x00000000,0x00000001,0x00000002,
    0x0004003d,0x00000022,0x00000421,0x000003c0,0x00050088,0x00000022,0x00000422,0x00000420,
    0x00000421,0x0007000c,0x00000022,0x00000423,0x00000001,0x00000025,0x0000041e,0x00000422,
    0x0004003d,0x00000007,0x00000424,0x000003ab,0x0008004f,0x00000022,0x00000425,0x00000424,
    0x00000424,0x00000000,0x00000001,0x00000002,0x0006000c,0x00000022,0x00000426,0x00000001,
    0x00000006,0x00000425,0x0004003d,0x00000022,0x00000427,0x000003c0,0x0003003e,0x000003c4,
    0x000000b4,0x0004003d,0x00000006,0x00000520,0x000003c4,0x00050041,0x00000013,0x00000521,
    0x0000051d,0x0000007e,0x0003003e,0x00000521,0x00000520,0x0004003d,0x00000006,0x00000522,
    0x000003c4,0x00050041,0x00000013,0x00000523,0x0000051d,0x00000081,0x0003003e,0x00000523,
    0x00000522,0x0004003d,0x00000006,0x00000524,0x000003c4,0x00050041,0x00000013,0x00000525,
    0x0000051d,0x00000094,0x0003003e,0x00000525,0x00000524,0x0004003d,0x00000022,0x00000526,
    0x0000051d,0x0003003e,0x0000051e,0x00000526,0x0004003d,0x00000022,0x00000428,0x0000051e,
    0x000500b4,0x000001ac,0x00000429,0x00000427,0x00000428,0x000600a9,0x00000022,0x0000042a,
    0x00000429,0x00000426,0x00000423,0x0003003e,0x000003bc,0x0000042a,0x000200f9,0x000004d9,
    0x000200f8,0x0000042b,0x0004003d,0x00000022,0x0000042c,0x000003aa,0x0003003e,0x000003c5,
    0x000000b4,0x0004003d,0x00000006,0x0000052a,0x000003c5,0x00050041,0x00000013,0x0000052b,
    0x00000527,0x0000007e,0x0003003e,0x0000052b,0x0000052a,0x0004003d,0x00000006,0x0000052c,
    0x000003c5,0x00050041,0x00000013,0x0000052d,0x00000527,0x00000081,0x0003003e,0x0000052d,
    0x0000052c,0x0004003d,0x00000006,0x0000052e,0x000003c5,0x00050041,0x00000013,0x0000052f,
    0x00000527,0x00000094,0x0003003e,0x0000052f,0x0000052e,0x0004003d,0x00000022,0x00000530,
    0x00000527,0x0003003e,0x00000528,0x00000530,0x0004003d,0x00000022,0x0000042d,0x00000528,
    0x0003003e,0x000003c6,0x000000ba,0x0004003d,0x00000006,0x00000534,0x000003c6,0x00050041,
    0x00000013,0x00000535,0x00000531,0x0000007e,0x0003003e,0x00000535,0x00000534,0x0004003d,
    0x00000006,0x00000536,0x000003c6,0x00050041,0x00000013,0x00000537,0x00000531,0x00000081,
    0x0003003e,0x00000537,0x00000536,0x0004003d,0x00000006,0x00000538,0x000003c6,0x00050041,
    0x00000013,0x00000539,0x00000531,0x00000094,0x0003003e,0x00000539,0x00000538,0x0004003d,
    0x00000022,0x0000053a,0x00000531,0x0003003e,0x00000532,0x0000053a,0x0004003d,0x00000022,
    0x0000042e,0x00000532,0x0008000c,0x00000022,0x0000042f,0x00000001,0x0000002b,0x0000042c,
    0x0000042d,0x0000042e,0x0003003e,0x000003aa,0x0000042f,0x0004003d,0x00000007,0x00000430,
    0x000003ab,0x0008004f,0x00000022,0x00000431,0x00000430,0x00000430,0x00000000,0x00000001,
    0x00000002,0x0003003e,0x000003c7,0x000000b4,0x0004003d,0x00000006,0x0000053e,0x000003c7,
    0x00050041,0x00000013,0x0000053f,0x0000053b,0x0000007e,0x0003003e,0x0000053f,0x0000053e,
    0x0004003d,0x00000006,0x00000540,0x000003c7,0x00050041,0x00000013,0x00000541,0x0000053b,
    0x00000081,0x0003003e,0x00000541,0x00000540,0x0004003d,0x00000006,0x00000542,0x000003c7,
    0x00050041,0x00000013,0x00000543,0x0000053b,0x00000094,0x0003003e,0x00000543,0x00000542,
    0x0004003d,0x00000022,0x00000544,0x0000053b,0x0003003e,0x0000053c,0x00000544,0x0004003d,
    0x00000022,0x00000432,0x0000053c,0x0004003d,0x00000007,0x00000433,0x000003ab,0x0008004f,
    0x00000022,0x00000434,0x00000433,0x00000433,0x00000003,0x00000003,0x00000003,0x0008000c,
    0x00000022,0x00000435,0x00000001,0x0000002b,0x00000431,0x00000432,0x00000434,0x00050041,
    0x00000013,0x00000436,0x000003ab,0x0000007e,0x00050051,0x00000006,0x00000437,0x00000435,
    0x00000000,0x0003003e,0x00000436,0x00000437,0x00050041,0x00000013,0x00000438,0x000003ab,
    0x00000081,0x00050051,0x00000006,0x00000439,0x00000435,0x00000001,0x0003003e,0x00000438,
    0x00000439,0x00050041,0x00000013,0x0000043a,0x000003ab,0x00000094,0x00050051,0x00000006,
    0x0000043b,0x00000435,0x00000002,0x0003003e,0x0000043a,0x0000043b,0x00050041,0x00000013,
    0x0000043c,0x000003ab,0x000000ab,0x0004003d,0x00000006,0x0000043d,0x0000043c,0x000500b4,
    0x000000b5,0x0000043e,0x0000043d,0x000000b4,0x000300f7,0x00000441,0x00000000,0x000400fa,
    0x0000043e,0x0000043f,0x00000441,0x000200f8,0x0000043f,0x0003003e,0x0000043c,0x000000ba,
    0x000200f9,0x00000441,0x000200f8,0x00000441,0x0004003d,0x00000006,0x00000443,0x0000043c,
    0x0004003d,0x00000007,0x00000444,0x000003ab,0x0008004f,0x00000022,0x00000445,0x00000444,
    0x00000444,0x00000000,0x00000001,0x00000002,0x00060050,0x00000022,0x00000446,0x00000443,
    0x00000443,0x00000443,0x00050083,0x00000022,0x00000447,0x00000446,0x00000445,0x0003003e,
    0x000003c8,0x00000447,0x0003003e,0x000003c9,0x000000ba,0x0004003d,0x00000006,0x00000548,
    0x000003c9,0x00050041,0x00000013,0x00000549,0x00000545,0x0000007e,0x0003003e,0x00000549,
    0x00000548,0x0004003d,0x00000006,0x0000054a,0x000003c9,0x00050041,0x00000013,0x0000054b,
    0x00000545,0x00000081,0x0003003e,0x0000054b,0x0000054a,0x0004003d,0x00000006,0x0000054c,
    0x000003c9,0x00050041,0x00000013,0x0000054d,0x00000545,0x00000094,0x0003003e,0x0000054d,
    0x0000054c,0x0004003d,0x00000022,0x0000054e,0x00000545,0x0003003e,0x00000546,0x0000054e,
    0x0004003d,0x00000022,0x00000448,0x00000546,0x0004003d,0x00000022,0x00000449,0x000003c8,
    0x0004003d,0x00000022,0x0000044a,0x000003aa,0x0004003d,0x00000006,0x0000044c,0x0000043c,
    0x0005008e,0x00000022,0x0000044d,0x0000044a,0x0000044c,0x00050088,0x00000022,0x0000044e,
    0x00000449,0x0000044d,0x0007000c,0x00000022,0x0000044f,0x00000001,0x00000025,0x00000448,
    0x0000044e,0x0004003d,0x00000022,0x00000450,0x000003c8,0x0006000c,0x00000022,0x00000451,
    0x00000001,0x00000006,0x00000450,0x0004003d,0x00000022,0x00000452,0x000003aa,0x0003003e,
    0x000003ca,0x000000b4,0x0004003d,0x00000006,0x00000552,0x000003ca,0x00050041,0x00000013,
    0x00000553,0x0000054f,0x0000007e,0x0003003e,0x00000553,0x00000552,0x0004003d,0x00000006,
    0x00000554,0x000003ca,0x00050041,0x00000013,0x00000555,0x0000054f,0x00000081,0x0003003e,
    0x00000555,0x00000554,0x0004003d,0x00000006,0x00000556,0x000003ca,0x00050041,0x00000013,
    0x00000557,0x0000054f,0x00000094,0x0003003e,0x00000557,0x00000556,0x0004003d,0x00000022,
    0x00000558,0x0000054f,0x0003003e,0x00000550,0x00000558,0x0004003d,0x00000022,0x00000453,
    0x00000550,0x000500b4,0x000001ac,0x00000454,0x00000452,0x00000453,0x000600a9,0x00000022,
    0x00000455,0x00000454,0x00000451,0x0000044f,0x00050083,0x00000022,0x00000456,0x00000378,
    0x00000455,0x0003003e,0x000003bc,0x00000456,0x000200f9,0x000004d9,0x000200f8,0x00000457,
    0x0004003d,0x00000022,0x00000458,0x000003aa,0x0004003d,0x00000022,0x00000459,0x000003ba,
    0x00050085,0x00000022,0x0000045a,0x00000458,0x00000459,0x0003003e,0x000003cb,0x0000045a,
    0x0004003d,0x00000022,0x0000045b,0x000003cb,0x0004003d,0x00000022,0x0000045c,0x000003aa,
    0x0004003d,0x00000022,0x0000045d,0x000003ba,0x00050081,0x00000022,0x0000045e,0x0000045c,
    0x0000045d,0x0004003d,0x00000022,0x0000045f,0x000003cb,0x00050083,0x00000022,0x00000460,
    0x0000045e,0x0000045f,0x00050083,0x00000022,0x00000461,0x00000460,0x00000379,0x0004003d,
    0x00000022,0x00000462,0x000003aa,0x0003003e,0x000003cc,0x000001a6,0x0004003d,0x00000006,
    0x0000055c,0x000003cc,0x00050041,0x00000013,0x0000055d,0x00000559,0x0000007e,0x0003003e,
    0x0000055d,0x0000055c,0x0004003d,0x00000006,0x0000055e,0x000003cc,0x00050041,0x00000013,
    0x0000055f,0x00000559,0x00000081,0x0003003e,0x0000055f,0x0000055e,0x0004003d,0x00000006,
    0x00000560,0x000003cc,0x00050041,0x00000013,0x00000561,0x00000559,0x00000094,0x0003003e,
    0x00000561,0x00000560,0x0004003d,0x00000022,0x00000562,0x00000559,0x0003003e,0x0000055a,
    0x00000562,0x0004003d,0x00000022,0x00000463,0x0000055a,0x000500ba,0x000001ac,0x00000464,
    0x00000462,0x00000463,0x000600a9,0x00000022,0x00000465,0x00000464,0x00000461,0x0000045b,
    0x0005008e,0x00000022,0x00000466,0x00000465,0x0000019f,0x0003003e,0x000003bc,0x00000466,
    0x000200f9,0x000004d9,0x000200f8,0x00000467,0x0003003e,0x000003cd,0x0000022b,0x000200f9,
    0x00000468,0x000200f8,0x00000468,0x0004003d,0x00000228,0x0000046a,0x000003cd,0x000500b1,
    0x000000b5,0x0000046b,0x0000046a,0x00000232,0x000400f6,0x00000497,0x00000494,0x00000000,
    0x000400fa,0x0000046b,0x0000046c,0x00000497,0x000200f8,0x0000046c,0x0004003d,0x00000228,
    0x0000046d,0x000003cd,0x00050041,0x00000013,0x0000046e,0x000003aa,0x0000046d,0x0004003d,
    0x00000006,0x0000046f,0x0000046e,0x000500bc,0x000000b5,0x00000470,0x0000046f,0x000001a6,
    0x000300f7,0x00000493,0x00000000,0x000400fa,0x00000470,0x00000471,0x00000478,0x000200f8,
    0x00000471,0x0004003d,0x00000228,0x00000472,0x000003cd,0x0004003d,0x00000228,0x00000473,
    0x000003cd,0x00050041,0x00000013,0x00000474,0x000003ba,0x00000473,0x0004003d,0x00000006,
    0x00000475,0x00000474,0x00050083,0x00000006,0x00000476,0x000000ba,0x00000475,0x00050041,
    0x00000013,0x00000477,0x000003bc,0x00000472,0x0003003e,0x00000477,0x00000476,0x000200f9,
    0x00000493,0x000200f8,0x00000478,0x0004003d,0x00000228,0x00000479,0x000003cd,0x00050041,
    0x00000013,0x0000047a,0x000003ba,0x00000479,0x0004003d,0x00000006,0x0000047b,0x0000047a,
    0x000500bc,0x000000b5,0x0000047c,0x0000047b,0x00000244,0x000300f7,0x00000492,0x00000000,
    0x000400fa,0x0000047c,0x0000047d,0x0000048a,0x000200f8,0x0000047d,0x0004003d,0x00000228,
    0x0000047e,0x000003cd,0x0004003d,0x00000228,0x0000047f,0x000003cd,0x00050041,0x00000013,
    0x00000480,0x000003ba,0x0000047f,0x0004003d,0x00000006,0x00000481,0x00000480,0x00050085,
    0x00000006,0x00000482,0x00000249,0x00000481,0x00050083,0x00000006,0x00000483,0x00000482,
    0x0000024e,0x0004003d,0x00000228,0x00000484,0x000003cd,0x00050041,0x00000013,0x00000485,
    0x000003ba,0x00000484,0x0004003d,0x00000006,0x00000486,0x00000485,0x00050085,0x00000006,
    0x00000487,0x00000483,0x00000486,0x00050081,0x00000006,0x00000488,0x00000487,0x00000254,
    0x00050041,0x00000013,0x00000489,0x000003bc,0x0000047e,0x0003003e,0x00000489,0x00000488,
    0x000200f9,0x00000492,0x000200f8,0x0000048a,0x0004003d,0x00000228,0x0000048b,0x000003cd,
    0x0004003d,0x00000228,0x0000048c,0x000003cd,0x00050041,0x00000013,0x0000048d,0x000003ba,
    0x0000048c,0x0004003d,0x00000006,0x0000048e,0x0000048d,0x0006000c,0x00000006,0x0000048f,
    0x00000001,0x00000020,0x0000048e,0x00050083,0x00000006,0x00000490,0x0000048f,0x000000ba,
    0x00050041,0x00000013,0x00000491,0x000003bc,0x0000048b,0x0003003e,0x00000491,0x00000490,
    0x000200f9,0x00000492,0x000200f8,0x00000492,0x000200f9,0x00000493,0x000200f8,0x00000493,
    0x000200f9,0x00000494,0x000200f8,0x00000494,0x0004003d,0x00000228,0x00000495,0x000003cd,
    0x00050080,0x00000228,0x00000496,0x00000495,0x00000260,0x0003003e,0x000003cd,0x00000496,
    0x000200f9,0x00000468,0x000200f8,0x00000497,0x0004003d,0x00000022,0x00000498,0x000003ba,
    0x0004003d,0x00000022,0x00000499,0x000003ba,0x0004003d,0x00000022,0x0000049a,0x000003aa,
    0x0005008e,0x00000022,0x0000049b,0x0000049a,0x0000019f,0x00050083,0x00000022,0x0000049c,
    0x0000049b,0x00000378,0x00050085,0x00000022,0x0000049d,0x00000499,0x0000049c,0x0004003d,
    0x00000022,0x0000049e,0x000003bc,0x00050085,0x00000022,0x0000049f,0x0000049d,0x0000049e,
    0x00050081,0x00000022,0x000004a0,0x00000498,0x0000049f,0x0003003e,0x000003bc,0x000004a0,
    0x000200f9,0x000004d9,0x000200f8,0x000004a1,0x0004003d,0x00000022,0x000004a2,0x000003ba,
    0x0004003d,0x00000022,0x000004a3,0x000003aa,0x00050083,0x00000022,0x000004a4,0x000004a2,
    0x000004a3,0x0006000c,0x00000022,0x000004a5,0x00000001,0x00000004,0x000004a4,0x0003003e,
    0x000003bc,0x000004a5,0x000200f9,0x000004d9,0x000200f8,0x000004a6,0x0004003d,0x00000022,
    0x000004a7,0x000003aa,0x0004003d,0x00000022,0x000004a8,0x000003ba,0x00050081,0x00000022,
    0x000004a9,0x000004a7,0x000004a8,0x0004003d,0x00000022,0x000004aa,0x000003aa,0x0005008e,
    0x00000022,0x000004ab,0x000004aa,0x0000019f,0x0004003d,0x00000022,0x000004ac,0x000003ba,
    0x00050085,0x00000022,0x000004ad,0x000004ab,0x000004ac,0x00050083,0x00000022,0x000004ae,
    0x000004a9,0x000004ad,0x0003003e,0x000003bc,0x000004ae,0x000200f9,0x000004d9,0x000200f8,
    0x000004af,0x000300f7,0x000004b9,0x00000000,0x000400fa,0x0000027b,0x000004b0,0x000004b9,
    0x000200f8,0x000004b0,0x0004003d,0x00000022,0x000004b1,0x000003aa,0x0003003e,0x000003ce,
    0x000000b4,0x0004003d,0x00000006,0x00000566,0x000003ce,0x00050041,0x00000013,0x00000567,
    0x00000563,0x0000007e,0x0003003e,0x00000567,0x00000566,0x0004003d,0x00000006,0x00000568,
    0x000003ce,0x00050041,0x00000013,0x00000569,0x00000563,0x00000081,0x0003003e,0x00000569,
    0x00000568,0x0004003d,0x00000006,0x0000056a,0x000003ce,0x00050041,0x00000013,0x0000056b,
    0x00000563,0x00000094,0x0003003e,0x0000056b,0x0000056a,0x0004003d,0x00000022,0x0000056c,
    0x00000563,0x0003003e,0x00000564,0x0000056c,0x0004003d,0x00000022,0x000004b2,0x00000564,
    0x0003003e,0x000003cf,0x000000ba,0x0004003d,0x00000006,0x00000570,0x000003cf,0x00050041,
    0x00000013,0x00000571,0x0000056d,0x0000007e,0x0003003e,0x00000571,0x00000570,0x0004003d,
    0x00000006,0x00000572,0x000003cf,0x00050041,0x00000013,0x00000573,0x0000056d,0x00000081,
    0x0003003e,0x00000573,0x00000572,0x0004003d,0x00000006,0x00000574,0x000003cf,0x00050041,
    0x00000013,0x00000575,0x0000056d,0x00000094,0x0003003e,0x00000575,0x00000574,0x0004003d,
    0x00000022,0x00000576,0x0000056d,0x0003003e,0x0000056e,0x00000576,0x0004003d,0x00000022,
    0x000004b3,0x0000056e,0x0008000c,0x00000022,0x000004b4,0x00000001,0x0000002b,0x000004b1,
    0x000004b2,0x000004b3,0x0003003e,0x000003aa,0x000004b4,0x0004003d,0x00000022,0x000004b5,
    0x000003aa,0x0003003e,0x000003d0,0x000004b5,0x0004003d,0x00000022,0x000004b6,0x000003ba,
    0x0003003e,0x000003d1,0x000004b6,0x0004003d,0x00000022,0x000004b7,0x000003ba,0x0003003e,
    0x000003d2,0x000004b7,0x0004003d,0x00000022,0x00000582,0x000003d1,0x0003003e,0x00000578,
    0x00000582,0x0004003d,0x00000022,0x0000059a,0x00000578,0x0007004f,0x00000018,0x0000059b,
    0x0000059a,0x0000059a,0x00000000,0x00000001,0x0003003e,0x00000597,0x0000059b,0x00050041,
    0x00000013,0x000005a2,0x00000597,0x0000007e,0x0004003d,0x00000006,0x000005a3,0x000005a2,
    0x00050041,0x00000013,0x000005a4,0x00000597,0x00000081,0x0004003d,0x00000006,0x000005a5,
    0x000005a4,0x0007000c,0x00000006,0x000005a6,0x00000001,0x00000028,0x000005a3,0x000005a5,
    0x0003003e,0x000005a0,0x000005a6,0x0004003d,0x00000006,0x0000059c,0x000005a0,0x00050041,
    0x00000013,0x0000059d,0x00000578,0x00000094,0x0004003d,0x00000006,0x0000059e,0x0000059d,
    0x0007000c,0x00000006,0x0000059f,0x00000001,0x00000028,0x0000059c,0x0000059e,0x0003003e,
    0x00000598,0x0000059f,0x0004003d,0x00000006,0x00000583,0x00000598,0x0004003d,0x00000022,
    0x00000584,0x000003d1,0x0003003e,0x00000579,0x00000584,0x0004003d,0x00000022,0x000005aa,
    0x00000579,0x0007004f,0x00000018,0x000005ab,0x000005aa,0x000005aa,0x00000000,0x00000001,
    0x0003003e,0x000005a7,0x000005ab,0x00050041,0x00000013,0x000005b2,0x000005a7,0x0000007e,
    0x0004003d,0x00000006,0x000005b3,0x000005b2,0x00050041,0x00000013,0x000005b4,0x000005a7,
    0x00000081,0x0004003d,0x00000006,0x000005b5,0x000005b4,0x0007000c,0x00000006,0x000005b6,
    0x00000001,0x00000025,0x000005b3,0x000005b5,0x0003003e,0x000005b0,0x000005b6,0x0004003d,
    0x00000006,0x000005ac,0x000005b0,0x00050041,0x00000013,0x000005ad,0x00000579,0x00000094,
    0x0004003d,0x00000006,0x000005ae,0x000005ad,0x0007000c,0x00000006,0x000005af,0x00000001,
    0x00000025,0x000005ac,0x000005ae,0x0003003e,0x000005a8,0x000005af,0x0004003d,0x00000006,
    0x00000585,0x000005a8,0x00050083,0x00000006,0x00000586,0x00000583,0x00000585,0x0003003e,
    0x00000577,0x00000586,0x0004003d,0x00000022,0x00000587,0x000003d0,0x0003003e,0x0000057a,
    0x00000587,0x0004003d,0x00000022,0x000005ba,0x0000057a,0x0007004f,0x00000018,0x000005bb,
    0x000005ba,0x000005ba,0x00000000,0x00000001,0x0003003e,0x000005b7,0x000005bb,0x00050041,
    0x00000013,0x000005c2,0x000005b7,0x0000007e,0x0004003d,0x00000006,0x000005c3,0x000005c2,
    0x00050041,0x00000013,0x000005c4,0x000005b7,0x00000081,0x0004003d,0x00000006,0x000005c5,
    0x000005c4,0x0007000c,0x00000006,0x000005c6,0x00000001,0x00000025,0x000005c3,0x000005c5,
    0x0003003e,0x000005c0,0x000005c6,0x0004003d,0x00000006,0x000005bc,0x000005c0,0x00050041,
    0x00000013,0x000005bd,0x0000057a,0x00000094,0x0004003d,0x00000006,0x000005be,0x000005bd,
    0x0007000c,0x00000006,0x000005bf,0x00000001,0x00000025,0x000005bc,0x000005be,0x0003003e,
    0x000005b8,0x000005bf,0x0004003d,0x00000006,0x00000588,0x000005b8,0x0004003d,0x00000022,
    0x00000589,0x000003d0,0x00060050,0x00000022,0x0000058a,0x00000588,0x00000588,0x00000588,
    0x00050083,0x00000022,0x0000058b,0x00000589,0x0000058a,0x0003003e,0x000003d0,0x0000058b,
    0x0004003d,0x00000022,0x0000058c,0x000003d0,0x0003003e,0x0000057c,0x0000058c,0x0004003d,
    0x00000022,0x000005ca,0x0000057c,0x0007004f,0x00000018,0x000005cb,0x000005ca,0x000005ca,
    0x00000000,0x00000001,0x0003003e,0x000005c7,0x000005cb,0x00050041,0x00000013,0x000005d2,
    0x000005c7,0x0000007e,0x0004003d,0x00000006,0x000005d3,0x000005d2,0x00050041,0x00000013,
    0x000005d4,0x000005c7,0x00000081,0x0004003d,0x00000006,0x000005d5,0x000005d4,0x0007000c,
    0x00000006,0x000005d6,0x00000001,0x00000028,0x000005d3,0x000005d5,0x0003003e,0x000005d0,
    0x000005d6,0x0004003d,0x00000006,0x000005cc,0x000005d0,0x00050041,0x00000013,0x000005cd,
    0x0000057c,0x00000094,0x0004003d,0x00000006,0x000005ce,0x000005cd,0x0007000c,0x00000006,
    0x000005cf,0x00000001,0x00000028,0x000005cc,0x000005ce,0x0003003e,0x000005c8,0x000005cf,
    0x0004003d,0x00000006,0x0000058d,0x000005c8,0x0003003e,0x0000057b,0x0000058d,0x0004003d,
    0x00000006,0x0000058e,0x00000577,0x0004003d,0x00000006,0x0000058f,0x0000057b,0x0007000c,
    0x00000006,0x00000590,0x00000001,0x00000028,0x00000139,0x0000058f,0x00050088,0x00000006,
    0x00000591,0x0000058e,0x00000590,0x0003003e,0x0000057d,0x00000591,0x0004003d,0x00000022,
    0x00000592,0x000003d0,0x0004003d,0x00000006,0x00000593,0x0000057d,0x0005008e,0x00000022,
    0x00000594,0x00000592,0x00000593,0x0003003e,0x0000057e,0x00000594,0x0004003d,0x00000022,
    0x00000595,0x000003d2,0x0003003e,0x0000057f,0x00000595,0x0004003d,0x00000022,0x000005e7,
    0x0000057f,0x0003003e,0x000005d8,0x000005e7,0x0004003d,0x00000022,0x0000060d,0x000005d8,
    0x0003003e,0x00000608,0x0000011d,0x0003003e,0x00000609,0x0000011e,0x0003003e,0x0000060a,
    0x0000011f,0x0004003d,0x00000006,0x00000613,0x00000608,0x00050041,0x00000013,0x00000614,
    0x00000610,0x0000007e,0x0003003e,0x00000614,0x00000613,0x0004003d,0x00000006,0x00000615,
    0x00000609,0x00050041,0x00000013,0x00000616,0x00000610,0x00000081,0x0003003e,0x00000616,
    0x00000615,0x0004003d,0x00000006,0x00000617,0x0000060a,0x00050041,0x00000013,0x00000618,
    0x00000610,0x00000094,0x0003003e,0x00000618,0x00000617,0x0004003d,0x00000022,0x00000619,
    0x00000610,0x0003003e,0x00000611,0x00000619,0x0004003d,0x00000022,0x0000060e,0x00000611,
    0x00050094,0x00000006,0x0000060f,0x0000060d,0x0000060e,0x0003003e,0x0000060b,0x0000060f,
    0x0004003d,0x00000006,0x000005e8,0x0000060b,0x0003003e,0x000005d7,0x000005e8,0x0004003d,
    0x00000022,0x000005e9,0x0000057e,0x0004003d,0x00000022,0x000005ea,0x0000057e,0x0003003e,
    0x000005da,0x000005ea,0x0004003d,0x00000022,0x0000061f,0x000005da,0x0003003e,0x0000061a,
    0x0000011d,0x0003003e,0x0000061b,0x0000011e,0x0003003e,0x0000061c,0x0000011f,0x0004003d,
    0x00000006,0x00000625,0x0000061a,0x00050041,0x00000013,0x00000626,0x00000622,0x0000007e,
    0x0003003e,0x00000626,0x00000625,0x0004003d,0x00000006,0x00000627,0x0000061b,0x00050041,
    0x00000013,0x00000628,0x00000622,0x00000081,0x0003003e,0x00000628,0x00000627,0x0004003d,
    0x00000006,0x00000629,0x0000061c,0x00050041,0x00000013,0x0000062a,0x00000622,0x00000094,
    0x0003003e,0x0000062a,0x00000629,0x0004003d,0x00000022,0x0000062b,0x00000622,0x0003003e,
    0x00000623,0x0000062b,0x0004003d,0x00000022,0x00000620,0x00000623,0x00050094,0x00000006,
    0x00000621,0x0000061f,0x00000620,0x0003003e,0x0000061d,0x00000621,0x0004003d,0x00000006,
    0x000005eb,0x0000061d,0x00060050,0x00000022,0x000005ec,0x000005eb,0x000005eb,0x000005eb,
    0x00050083,0x00000022,0x000005ed,0x000005e9,0x000005ec,0x0003003e,0x000005d9,0x000005ed,
    0x0004003d,0x00000006,0x000005ee,0x000005d7,0x00050083,0x00000006,0x000005ef,0x000000ba,
    0x000005ee,0x0004003d,0x00000006,0x000005f0,0x000005d7,0x0003003e,0x000005dc,0x000005f0,
    0x0003003e,0x000005dd,0x000005ef,0x0004003d,0x00000006,0x0000062f,0x000005dc,0x00050041,
    0x00000013,0x00000630,0x0000062c,0x0000007e,0x0003003e,0x00000630,0x0000062f,0x0004003d,
    0x00000006,0x00000631,0x000005dd,0x00050041,0x00000013,0x00000632,0x0000062c,0x00000081,
    0x0003003e,0x00000632,0x00000631,0x0004003d,0x00000018,0x00000633,0x0000062c,0x0003003e,
    0x0000062d,0x00000633,0x0004003d,0x00000018,0x000005f1,0x0000062d,0x0003003e,0x000005de,
    0x00000139,0x0004003d,0x00000006,0x00000637,0x000005de,0x00050041,0x00000013,0x00000638,
    0x00000634,0x0000007e,0x0003003e,0x00000638,0x00000637,0x0004003d,0x00000006,0x00000639,
    0x000005de,0x00050041,0x00000013,0x0000063a,0x00000634,0x00000081,0x0003003e,0x0000063a,
    0x00000639,0x0004003d,0x00000018,0x0000063b,0x00000634,0x0003003e,0x00000635,0x0000063b,
    0x0004003d,0x00000018,0x000005f2,0x00000635,0x0004003d,0x00000022,0x000005f3,0x000005d9,
    0x0003003e,0x000005df,0x000005f3,0x0004003d,0x00000022,0x0000063f,0x000005df,0x0007004f,
    0x00000018,0x00000640,0x0000063f,0x0000063f,0x00000000,0x00000001,0x0003003e,0x0000063c,
    0x00000640,0x00050041,0x00000013,0x00000647,0x0000063c,0x0000007e,0x0004003d,0x00000006,
    0x00000648,0x00000647,0x00050041,0x00000013,0x00000649,0x0000063c,0x00000081,0x0004003d,
    0x00000006,0x0000064a,0x00000649,0x0007000c,0x00000006,0x0000064b,0x00000001,0x00000025,
    0x00000648,0x0000064a,0x0003003e,0x00000645,0x0000064b,0x0004003d,0x00000006,0x00000641,
    0x00000645,0x00050041,0x00000013,0x00000642,0x000005df,0x00000094,0x0004003d,0x00000006,
    0x00000643,0x00000642,0x0007000c,0x00000006,0x00000644,0x00000001,0x00000025,0x00000641,
    0x00000643,0x0003003e,0x0000063d,0x00000644,0x0004003d,0x00000006,0x000005f4,0x0000063d,
    0x0004007f,0x00000006,0x000005f5,0x000005f4,0x0004003d,0x00000022,0x000005f6,0x000005d9,
    0x0003003e,0x000005e0,0x000005f6,0x0004003d,0x00000022,0x0000064f,0x000005e0,0x0007004f,
    0x00000018,0x00000650,0x0000064f,0x0000064f,0x00000000,0x00000001,0x0003003e,0x0000064c,
    0x00000650,0x00050041,0x00000013,0x00000657,0x0000064c,0x0000007e,0x0004003d,0x00000006,
    0x00000658,0x00000657,0x00050041,0x00000013,0x00000659,0x0000064c,0x00000081,0x0004003d,
    0x00000006,0x0000065a,0x00000659,0x0007000c,0x00000006,0x0000065b,0x00000001,0x00000028,
    0x00000658,0x0000065a,0x0003003e,0x00000655,0x0000065b,0x0004003d,0x00000006,0x00000651,
    0x00000655,0x00050041,0x00000013,0x00000652,0x000005e0,0x00000094,0x0004003d,0x00000006,
    0x00000653,0x00000652,0x0007000c,0x00000006,0x00000654,0x00000001,0x00000028,0x00000651,
    0x00000653,0x0003003e,0x0000064d,0x00000654,0x0004003d,0x00000006,0x000005f7,0x0000064d,
    0x0003003e,0x000005e1,0x000005f5,0x0003003e,0x000005e2,0x000005f7,0x0004003d,0x00000006,
    0x0000065f,0x000005e1,0x00050041,0x00000013,0x00000660,0x0000065c,0x0000007e,0x0003003e,
    0x00000660,0x0000065f,0x0004003d,0x00000006,0x00000661,0x000005e2,0x00050041,0x00000013,
    0x00000662,0x0000065c,0x00000081,0x0003003e,0x00000662,0x00000661,0x0004003d,0x00000018,
    0x00000663,0x0000065c,0x0003003e,0x0000065d,0x00000663,0x0004003d,0x00000018,0x000005f8,
    0x0000065d,0x0007000c,0x00000018,0x000005f9,0x00000001,0x00000028,0x000005f2,0x000005f8,
    0x00050088,0x00000018,0x000005fa,0x000005f1,0x000005f9,0x0003003e,0x000005db,0x000005fa,
    0x0003003e,0x000005e4,0x000000ba,0x0004003d,0x00000006,0x00000666,0x000005e4,0x0003003e,
    0x00000664,0x00000666,0x0004003d,0x00000006,0x000005fb,0x00000664,0x00050041,0x00000013,
    0x000005fc,0x000005db,0x0000007e,0x0004003d,0x00000006,0x000005fd,0x000005fc,0x00050041,
    0x00000013,0x000005fe,0x000005db,0x00000081,0x0004003d,0x00000006,0x000005ff,0x000005fe,
    0x0007000c,0x00000006,0x00000600,0x00000001,0x00000025,0x000005fd,0x000005ff,0x0007000c,
    0x00000006,0x00000601,0x00000001,0x00000025,0x000005fb,0x00000600,0x0003003e,0x000005e3,
    0x00000601,0x0004003d,0x00000022,0x00000602,0x000005d9,0x0004003d,0x00000006,0x00000603,
    0x000005e3,0x0005008e,0x00000022,0x00000604,0x00000602,0x00000603,0x0004003d,0x00000006,
    0x00000605,0x000005d7,0x00060050,0x00000022,0x00000606,0x00000605,0x00000605,0x00000605,
    0x00050081,0x00000022,0x00000607,0x00000604,0x00000606,0x0003003e,0x000005e5,0x00000607,
    0x0004003d,0x00000022,0x00000596,0x000005e5,0x0003003e,0x00000580,0x00000596,0x0004003d,
    0x00000022,0x000004b8,0x00000580,0x0003003e,0x000003bc,0x000004b8,0x000200f9,0x000004b9,
    0x000200f8,0x000004b9,0x000200f9,0x000004d9,0x000200f8,0x000004ba,0x000300f7,0x000004c4,
    0x00000000,0x000400fa,0x0000027b,0x000004bb,0x000004c4,0x000200f8,0x000004bb,0x0004003d,
    0x00000022,0x000004bc,0x000003aa,0x0003003e,0x000003d3,0x000000b4,0x0004003d,0x00000006,
    0x0000066a,0x000003d3,0x00050041,0x00000013,0x0000066b,0x00000667,0x0000007e,0x0003003e,
    0x0000066b,0x0000066a,0x0004003d,0x00000006,0x0000066c,0x000003d3,0x00050041,0x00000013,
    0x0000066d,0x00000667,0x00000081,0x0003003e,0x0000066d,0x0000066c,0x0004003d,0x00000006,
    0x0000066e,0x000003d3,0x00050041,0x00000013,0x0000066f,0x00000667,0x00000094,0x0003003e,
    0x0000066f,0x0000066e,0x0004003d,0x00000022,0x00000670,0x00000667,0x0003003e,0x00000668,
    0x00000670,0x0004003d,0x00000022,0x000004bd,0x00000668,0x0003003e,0x000003d4,0x000000ba,
    0x0004003d,0x00000006,0x00000674,0x000003d4,0x00050041,0x00000013,0x00000675,0x00000671,
    0x0000007e,0x0003003e,0x00000675,0x00000674,0x0004003d,0x00000006,0x00000676,0x000003d4,
    0x00050041,0x00000013,0x00000677,0x00000671,0x00000081,0x0003003e,0x00000677,0x00000676,
    0x0004003d,0x00000006,0x00000678,0x000003d4,0x00050041,0x00000013,0x00000679,0x00000671,
    0x00000094,0x0003003e,0x00000679,0x00000678,0x0004003d,0x00000022,0x0000067a,0x00000671,
    0x0003003e,0x00000672,0x0000067a,0x0004003d,0x00000022,0x000004be,0x00000672,0x0008000c,
    0x00000022,0x000004bf,0x00000001,0x0000002b,0x000004bc,0x000004bd,0x000004be,0x0003003e,
    0x000003aa,0x000004bf,0x0004003d,0x00000022,0x000004c0,0x000003ba,0x0003003e,0x000003d5,
    0x000004c0,0x0004003d,0x00000022,0x000004c1,0x000003aa,0x0003003e,0x000003d6,0x000004c1,
    0x0004003d,0x00000022,0x000004c2,0x000003ba,0x0003003e,0x000003d7,0x000004c2,0x0004003d,
    0x00000022,0x00000686,0x000003d6,0x0003003e,0x0000067c,0x00000686,0x0004003d,0x00000022,
    0x0000069e,0x0000067c,0x0007004f,0x00000018,0x0000069f,0x0000069e,0x0000069e,0x00000000,
    0x00000001,0x0003003e,0x0000069b,0x0000069f,0x00050041,0x00000013,0x000006a6,0x0000069b,
    0x0000007e,0x0004003d,0x00000006,0x000006a7,0x000006a6,0x00050041,0x00000013,0x000006a8,
    0x0000069b,0x00000081,0x0004003d,0x00000006,0x000006a9,0x000006a8,0x0007000c,0x00000006,
    0x000006aa,0x00000001,0x00000028,0x000006a7,0x000006a9,0x0003003e,0x000006a4,0x000006aa,
    0x0004003d,0x00000006,0x000006a0,0x000006a4,0x00050041,0x00000013,0x000006a1,0x0000067c,
    0x00000094,0x0004003d,0x00000006,0x000006a2,0x000006a1,0x0007000c,0x00000006,0x000006a3,
    0x00000001,0x00000028,0x000006a0,0x000006a2,0x0003003e,0x0000069c,0x000006a3,0x0004003d,
    0x00000006,0x00000687,0x0000069c,0x0004003d,0x00000022,0x00000688,0x000003d6,0x0003003e,
    0x0000067d,0x00000688,0x0004003d,0x00000022,0x000006ae,0x0000067d,0x0007004f,0x00000018,
    0x000006af,0x000006ae,0x000006ae,0x00000000,0x00000001,0x0003003e,0x000006ab,0x000006af,
    0x00050041,0x00000013,0x000006b6,0x000006ab,0x0000007e,0x0004003d,0x00000006,0x000006b7,
    0x000006b6,0x00050041,0x00000013,0x000006b8,0x000006ab,0x00000081,0x0004003d,0x00000006,
    0x000006b9,0x000006b8,0x0007000c,0x00000006,0x000006ba,0x00000001,0x00000025,0x000006b7,
    0x000006b9,0x0003003e,0x000006b4,0x000006ba,0x0004003d,0x00000006,0x000006b0,0x000006b4,
    0x00050041,0x00000013,0x000006b1,0x0000067d,0x00000094,0x0004003d,0x00000006,0x000006b2,
    0x000006b1,0x0007000c,0x00000006,0x000006b3,0x00000001,0x00000025,0x000006b0,0x000006b2,
    0x0003003e,0x000006ac,0x000006b3,0x0004003d,0x00000006,0x00000689,0x000006ac,0x00050083,
    0x00000006,0x0000068a,0x00000687,0x00000689,0x0003003e,0x0000067b,0x0000068a,0x0004003d,
    0x00000022,0x0000068b,0x000003d5,0x0003003e,0x0000067e,0x0000068b,0x0004003d,0x00000022,
    0x000006be,0x0000067e,0x0007004f,0x00000018,0x000006bf,0x000006be,0x000006be,0x00000000,
    0x00000001,0x0003003e,0x000006bb,0x000006bf,0x00050041,0x00000013,0x000006c6,0x000006bb,
    0x0000007e,0x0004003d,0x00000006,0x000006c7,0x000006c6,0x00050041,0x00000013,0x000006c8,
    0x000006bb,0x00000081,0x0004003d,0x00000006,0x000006c9,0x000006c8,0x0007000c,0x00000006,
    0x000006ca,0x00000001,0x00000025,0x000006c7,0x000006c9,0x0003003e,0x000006c4,0x000006ca,
    0x0004003d,0x00000006,0x000006c0,0x000006c4,0x00050041,0x00000013,0x000006c1,0x0000067e,
    0x00000094,0x0004003d,0x00000006,0x000006c2,0x000006c1,0x0007000c,0x00000006,0x000006c3,
    0x00000001,0x00000025,0x000006c0,0x000006c2,0x0003003e,0x000006bc,0x000006c3,0x0004003d,
    0x00000006,0x0000068c,0x000006bc,0x0004003d,0x00000022,0x0000068d,0x000003d5,0x00060050,
    0x00000022,0x0000068e,0x0000068c,0x0000068c,0x0000068c,0x00050083,0x00000022,0x0000068f,
    0x0000068d,0x0000068e,0x0003003e,0x000003d5,0x0000068f,0x0004003d,0x00000022,0x00000690,
    0x000003d5,0x0003003e,0x00000680,0x00000690,0x0004003d,0x00000022,0x000006ce,0x00000680,
    0x0007004f,0x00000018,0x000006cf,0x000006ce,0x000006ce,0x00000000,0x00000001,0x0003003e,
    0x000006cb,0x000006cf,0x00050041,0x00000013,0x000006d6,0x000006cb,0x0000007e,0x0004003d,
    0x00000006,0x000006d7,0x000006d6,0x00050041,0x00000013,0x000006d8,0x000006cb,0x00000081,
    0x0004003d,0x00000006,0x000006d9,0x000006d8,0x0007000c,0x00000006,0x000006da,0x00000001,
    0x00000028,0x000006d7,0x000006d9,0x0003003e,0x000006d4,0x000006da,0x0004003d,0x00000006,
    0x000006d0,0x000006d4,0x00050041,0x00000013,0x000006d1,0x00000680,0x00000094,0x0004003d,
    0x00000006,0x000006d2,0x000006d1,0x0007000c,0x00000006,0x000006d3,0x00000001,0x00000028,
    0x000006d0,0x000006d2,0x0003003e,0x000006cc,0x000006d3,0x0004003d,0x00000006,0x00000691,
    0x000006cc,0x0003003e,0x0000067f,0x00000691,0x0004003d,0x00000006,0x00000692,0x0000067b,
    0x0004003d,0x00000006,0x00000693,0x0000067f,0x0007000c,0x00000006,0x00000694,0x00000001,
    0x00000028,0x00000139,0x00000693,0x00050088,0x00000006,0x00000695,0x00000692,0x00000694,
    0x0003003e,0x00000681,0x00000695,0x0004003d,0x00000022,0x00000696,0x000003d5,0x0004003d,
    0x00000006,0x00000697,0x00000681,0x0005008e,0x00000022,0x00000698,0x00000696,0x00000697,
    0x0003003e,0x00000682,0x00000698,0x0004003d,0x00000022,0x00000699,0x000003d7,0x0003003e,
    0x00000683,0x00000699,0x0004003d,0x00000022,0x000006eb,0x00000683,0x0003003e,0x000006dc,
    0x000006eb,0x0004003d,0x00000022,0x00000711,0x000006dc,0x0003003e,0x0000070c,0x0000011d,
    0x0003003e,0x0000070d,0x0000011e,0x0003003e,0x0000070e,0x0000011f,0x0004003d,0x00000006,
    0x00000717,0x0000070c,0x00050041,0x00000013,0x00000718,0x00000714,0x0000007e,0x0003003e,
    0x00000718,0x00000717,0x0004003d,0x00000006,0x00000719,0x0000070d,0x00050041,0x00000013,
    0x0000071a,0x00000714,0x00000081,0x0003003e,0x0000071a,0x00000719,0x0004003d,0x00000006,
    0x0000071b,0x0000070e,0x00050041,0x00000013,0x0000071c,0x00000714,0x00000094,0x0003003e,
    0x0000071c,0x0000071b,0x0004003d,0x00000022,0x0000071d,0x00000714,0x0003003e,0x00000715,
    0x0000071d,0x0004003d,0x00000022,0x00000712,0x00000715,0x00050094,0x00000006,0x00000713,
    0x00000711,0x00000712,0x0003003e,0x0000070f,0x00000713,0x0004003d,0x00000006,0x000006ec,
    0x0000070f,0x0003003e,0x000006db,0x000006ec,0x0004003d,0x00000022,0x000006ed,0x00000682,
    0x0004003d,0x00000022,0x000006ee,0x00000682,0x0003003e,0x000006de,0x000006ee,0x0004003d,
    0x00000022,0x00000723,0x000006de,0x0003003e,0x0000071e,0x0000011d,0x0003003e,0x0000071f,
    0x0000011e,0x0003003e,0x00000720,0x0000011f,0x0004003d,0x00000006,0x00000729,0x0000071e,
    0x00050041,0x00000013,0x0000072a,0x00000726,0x0000007e,0x0003003e,0x0000072a,0x00000729,
    0x0004003d,0x00000006,0x0000072b,0x0000071f,0x00050041,0x00000013,0x0000072c,0x00000726,
    0x00000081,0x0003003e,0x0000072c,0x0000072b,0x0004003d,0x00000006,0x0000072d,0x00000720,
    0x00050041,0x00000013,0x0000072e,0x00000726,0x00000094,0x0003003e,0x0000072e,0x0000072d,
    0x0004003d,0x00000022,0x0000072f,0x00000726,0x0003003e,0x00000727,0x0000072f,0x0004003d,
    0x00000022,0x00000724,0x00000727,0x00050094,0x00000006,0x00000725,0x00000723,0x00000724,
    0x0003003e,0x00000721,0x00000725,0x0004003d,0x00000006,0x000006ef,0x00000721,0x00060050,
    0x00000022,0x000006f0,0x000006ef,0x000006ef,0x000006ef,0x00050083,0x00000022,0x000006f1,
    0x000006ed,0x000006f0,0x0003003e,0x000006dd,0x000006f1,0x0004003d,0x00000006,0x000006f2,
    0x000006db,0x00050083,0x00000006,0x000006f3,0x000000ba,0x000006f2,0x0004003d,0x00000006,
    0x000006f4,0x000006db,0x0003003e,0x000006e0,0x000006f4,0x0003003e,0x000006e1,0x000006f3,
    0x0004003d,0x00000006,0x00000733,0x000006e0,0x00050041,0x00000013,0x00000734,0x00000730,
    0x0000007e,0x0003003e,0x00000734,0x00000733,0x0004003d,0x00000006,0x00000735,0x000006e1,
    0x00050041,0x00000013,0x00000736,0x00000730,0x00000081,0x0003003e,0x00000736,0x00000735,
    0x0004003d,0x00000018,0x00000737,0x00000730,0x0003003e,0x00000731,0x00000737,0x0004003d,
    0x00000018,0x000006f5,0x00000731,0x0003003e,0x000006e2,0x00000139,0x0004003d,0x00000006,
    0x0000073b,0x000006e2,0x00050041,0x00000013,0x0000073c,0x00000738,0x0000007e,0x0003003e,
    0x0000073c,0x0000073b,0x0004003d,0x00000006,0x0000073d,0x000006e2,0x00050041,0x00000013,
    0x0000073e,0x00000738,0x00000081,0x0003003e,0x0000073e,0x0000073d,0x0004003d,0x00000018,
    0x0000073f,0x00000738,0x0003003e,0x00000739,0x0000073f,0x0004003d,0x00000018,0x000006f6,
    0x00000739,0x0004003d,0x00000022,0x000006f7,0x000006dd,0x0003003e,0x000006e3,0x000006f7,
    0x0004003d,0x00000022,0x00000743,0x000006e3,0x0007004f,0x00000018,0x00000744,0x00000743,
    0x00000743,0x00000000,0x00000001,0x0003003e,0x00000740,0x00000744,0x00050041,0x00000013,
    0x0000074b,0x00000740,0x0000007e,0x0004003d,0x00000006,0x0000074c,0x0000074b,0x00050041,
    0x00000013,0x0000074d,0x00000740,0x00000081,0x0004003d,0x00000006,0x0000074e,0x0000074d,
    0x0007000c,0x00000006,0x0000074f,0x00000001,0x00000025,0x0000074c,0x0000074e,0x0003003e,
    0x00000749,0x0000074f,0x0004003d,0x00000006,0x00000745,0x00000749,0x00050041,0x00000013,
    0x00000746,0x000006e3,0x00000094,0x0004003d,0x00000006,0x00000747,0x00000746,0x0007000c,
    0x00000006,0x00000748,0x00000001,0x00000025,0x00000745,0x00000747,0x0003003e,0x00000741,
    0x00000748,0x0004003d,0x00000006,0x000006f8,0x00000741,0x0004007f,0x00000006,0x000006f9,
    0x000006f8,0x0004003d,0x00000022,0x000006fa,0x000006dd,0x0003003e,0x000006e4,0x000006fa,
    0x0004003d,0x00000022,0x00000753,0x000006e4,0x0007004f,0x00000018,0x00000754,0x00000753,
    0x00000753,0x00000000,0x00000001,0x0003003e,0x00000750,0x00000754,0x00050041,0x00000013,
    0x0000075b,0x00000750,0x0000007e,0x0004003d,0x00000006,0x0000075c,0x0000075b,0x00050041,
    0x00000013,0x0000075d,0x00000750,0x00000081,0x0004003d,0x00000006,0x0000075e,0x0000075d,
    0x0007000c,0x00000006,0x0000075f,0x00000001,0x00000028,0x0000075c,0x0000075e,0x0003003e,
    0x00000759,0x0000075f,0x0004003d,0x00000006,0x00000755,0x00000759,0x00050041,0x00000013,
    0x00000756,0x000006e4,0x00000094,0x0004003d,0x00000006,0x00000757,0x00000756,0x0007000c,
    0x00000006,0x00000758,0x00000001,0x00000028,0x00000755,0x00000757,0x0003003e,0x00000751,
    0x00000758,0x0004003d,0x00000006,0x000006fb,0x00000751,0x0003003e,0x000006e5,0x000006f9,
    0x0003003e,0x000006e6,0x000006fb,0x0004003d,0x00000006,0x00000763,0x000006e5,0x00050041,
    0x00000013,0x00000764,0x00000760,0x0000007e,0x0003003e,0x00000764,0x00000763,0x0004003d,
    0x00000006,0x00000765,0x000006e6,0x00050041,0x00000013,0x00000766,0x00000760,0x00000081,
    0x0003003e,0x00000766,0x00000765,0x0004003d,0x00000018,0x00000767,0x00000760,0x0003003e,
    0x00000761,0x00000767,0x0004003d,0x00000018,0x000006fc,0x00000761,0x0007000c,0x00000018,
    0x000006fd,0x00000001,0x00000028,0x000006f6,0x000006fc,0x00050088,0x00000018,0x000006fe,
    0x000006f5,0x000006fd,0x0003003e,0x000006df,0x000006fe,0x0003003e,0x000006e8,0x000000ba,
    0x0004003d,0x00000006,0x0000076a,0x000006e8,0x0003003e,0x00000768,0x0000076a,0x0004003d,
    0x00000006,0x000006ff,0x00000768,0x00050041,0x00000013,0x00000700,0x000006df,0x0000007e,
    0x0004003d,0x00000006,0x00000701,0x00000700,0x00050041,0x00000013,0x00000702,0x000006df,
    0x00000081,0x0004003d,0x00000006,0x00000703,0x00000702,0x0007000c,0x00000006,0x00000704,
    0x00000001,0x00000025,0x00000701,0x00000703,0x0007000c,0x00000006,0x00000705,0x00000001,
    0x00000025,0x000006ff,0x00000704,0x0003003e,0x000006e7,0x00000705,0x0004003d,0x00000022,
    0x00000706,0x000006dd,0x0004003d,0x00000006,0x00000707,0x000006e7,0x0005008e,0x00000022,
    0x00000708,0x00000706,0x00000707,0x0004003d,0x00000006,0x00000709,0x000006db,0x00060050,
    0x00000022,0x0000070a,0x00000709,0x00000709,0x00000709,0x00050081,0x00000022,0x0000070b,
    0x00000708,0x0000070a,0x0003003e,0x000006e9,0x0000070b,0x0004003d,0x00000022,0x0000069a,
    0x000006e9,0x0003003e,0x00000684,0x0000069a,0x0004003d,0x00000022,0x000004c3,0x00000684,
    0x0003003e,0x000003bc,0x000004c3,0x000200f9,0x000004c4,0x000200f8,0x000004c4,0x000200f9,
    0x000004d9,0x000200f8,0x000004c5,0x000300f7,0x000004ce,0x00000000,0x000400fa,0x0000027b,
    0x000004c6,0x000004ce,0x000200f8,0x000004c6,0x0004003d,0x00000022,0x000004c7,0x000003aa,
    0x0003003e,0x000003d8,0x000000b4,0x0004003d,0x00000006,0x0000076e,0x000003d8,0x00050041,
    0x00000013,0x0000076f,0x0000076b,0x0000007e,0x0003003e,0x0000076f,0x0000076e,0x0004003d,
    0x00000006,0x00000770,0x000003d8,0x00050041,0x00000013,0x00000771,0x0000076b,0x00000081,
    0x0003003e,0x00000771,0x00000770,0x0004003d,0x00000006,0x00000772,0x000003d8,0x00050041,
    0x00000013,0x00000773,0x0000076b,0x00000094,0x0003003e,0x00000773,0x00000772,0x0004003d,
    0x00000022,0x00000774,0x0000076b,0x0003003e,0x0000076c,0x00000774,0x0004003d,0x00000022,
    0x000004c8,0x0000076c,0x0003003e,0x000003d9,0x000000ba,0x0004003d,0x00000006,0x00000778,
    0x000003d9,0x00050041,0x00000013,0x00000779,0x00000775,0x0000007e,0x0003003e,0x00000779,
    0x00000778,0x0004003d,0x00000006,0x0000077a,0x000003d9,0x00050041,0x00000013,0x0000077b,
    0x00000775,0x00000081,0x0003003e,0x0000077b,0x0000077a,0x0004003d,0x00000006,0x0000077c,
    0x000003d9,0x00050041,0x00000013,0x0000077d,0x00000775,0x00000094,0x0003003e,0x0000077d,
    0x0000077c,0x0004003d,0x00000022,0x0000077e,0x00000775,0x0003003e,0x00000776,0x0000077e,
    0x0004003d,0x00000022,0x000004c9,0x00000776,0x0008000c,0x00000022,0x000004ca,0x00000001,
    0x0000002b,0x000004c7,0x000004c8,0x000004c9,0x0003003e,0x000003aa,0x000004ca,0x0004003d,
    0x00000022,0x000004cb,0x000003aa,0x0003003e,0x000003da,0x000004cb,0x0004003d,0x00000022,
    0x000004cc,0x000003ba,0x0003003e,0x000003db,0x000004cc,0x0004003d,0x00000022,0x0000078f,
    0x000003db,0x0003003e,0x00000780,0x0000078f,0x0004003d,0x00000022,0x000007b5,0x00000780,
    0x0003003e,0x000007b0,0x0000011d,0x0003003e,0x000007b1,0x0000011e,0x0003003e,0x000007b2,
    0x0000011f,0x0004003d,0x00000006,0x000007bb,0x000007b0,0x00050041,0x00000013,0x000007bc,
    0x000007b8,0x0000007e,0x0003003e,0x000007bc,0x000007bb,0x0004003d,0x00000006,0x000007bd,
    0x000007b1,0x00050041,0x00000013,0x000007be,0x000007b8,0x00000081,0x0003003e,0x000007be,
    0x000007bd,0x0004003d,0x00000006,0x000007bf,0x000007b2,0x00050041,0x00000013,0x000007c0,
    0x000007b8,0x00000094,0x0003003e,0x000007c0,0x000007bf,0x0004003d,0x00000022,0x000007c1,
    0x000007b8,0x0003003e,0x000007b9,0x000007c1,0x0004003d,0x00000022,0x000007b6,0x000007b9,
    0x00050094,0x00000006,0x000007b7,0x000007b5,0x000007b6,0x0003003e,0x000007b3,0x000007b7,
    0x0004003d,0x00000006,0x00000790,0x000007b3,0x0003003e,0x0000077f,0x00000790,0x0004003d,
    0x00000022,0x00000791,0x000003da,0x0004003d,0x00000022,0x00000792,0x000003da,0x0003003e,
    0x00000782,0x00000792,0x0004003d,0x00000022,0x000007c7,0x00000782,0x0003003e,0x000007c2,
    0x0000011d,0x0003003e,0x000007c3,0x0000011e,0x0003003e,0x000007c4,0x0000011f,0x0004003d,
    0x00000006,0x000007cd,0x000007c2,0x00050041,0x00000013,0x000007ce,0x000007ca,0x0000007e,
    0x0003003e,0x000007ce,0x000007cd,0x0004003d,0x00000006,0x000007cf,0x000007c3,0x00050041,
    0x00000013,0x000007d0,0x000007ca,0x00000081,0x0003003e,0x000007d0,0x000007cf,0x0004003d,
    0x00000006,0x000007d1,0x000007c4,0x00050041,0x00000013,0x000007d2,0x000007ca,0x00000094,
    0x0003003e,0x000007d2,0x000007d1,0x0004003d,0x00000022,0x000007d3,0x000007ca,0x0003003e,
    0x000007cb,0x000007d3,0x0004003d,0x00000022,0x000007c8,0x000007cb,0x00050094,0x00000006,
    0x000007c9,0x000007c7,0x000007c8,0x0003003e,0x000007c5,0x000007c9,0x0004003d,0x00000006,
    0x00000793,0x000007c5,0x00060050,0x00000022,0x00000794,0x00000793,0x00000793,0x00000793,
    0x00050083,0x00000022,0x00000795,0x00000791,0x00000794,0x0003003e,0x00000781,0x00000795,
    0x0004003d,0x00000006,0x00000796,0x0000077f,0x00050083,0x00000006,0x00000797,0x000000ba,
    0x00000796,0x0004003d,0x00000006,0x00000798,0x0000077f,0x0003003e,0x00000784,0x00000798,
    0x0003003e,0x00000785,0x00000797,0x0004003d,0x00000006,0x000007d7,0x00000784,0x00050041,
    0x00000013,0x000007d8,0x000007d4,0x0000007e,0x0003003e,0x000007d8,0x000007d7,0x0004003d,
    0x00000006,0x000007d9,0x00000785,0x00050041,0x00000013,0x000007da,0x000007d4,0x00000081,
    0x0003003e,0x000007da,0x000007d9,0x0004003d,0x00000018,0x000007db,0x000007d4,0x0003003e,
    0x000007d5,0x000007db,0x0004003d,0x00000018,0x00000799,0x000007d5,0x0003003e,0x00000786,
    0x00000139,0x0004003d,0x00000006,0x000007df,0x00000786,0x00050041,0x00000013,0x000007e0,
    0x000007dc,0x0000007e,0x0003003e,0x000007e0,0x000007df,0x0004003d,0x00000006,0x000007e1,
    0x00000786,0x00050041,0x00000013,0x000007e2,0x000007dc,0x00000081,0x0003003e,0x000007e2,
    0x000007e1,0x0004003d,0x00000018,0x000007e3,0x000007dc,0x0003003e,0x000007dd,0x000007e3,
    0x0004003d,0x00000018,0x0000079a,0x000007dd,0x0004003d,0x00000022,0x0000079b,0x00000781,
    0x0003003e,0x00000787,0x0000079b,0x0004003d,0x00000022,0x000007e7,0x00000787,0x0007004f,
    0x00000018,0x000007e8,0x000007e7,0x000007e7,0x00000000,0x00000001,0x0003003e,0x000007e4,
    0x000007e8,0x00050041,0x00000013,0x000007ef,0x000007e4,0x0000007e,0x0004003d,0x00000006,
    0x000007f0,0x000007ef,0x00050041,0x00000013,0x000007f1,0x000007e4,0x00000081,0x0004003d,
    0x00000006,0x000007f2,0x000007f1,0x0007000c,0x00000006,0x000007f3,0x00000001,0x00000025,
    0x000007f0,0x000007f2,0x0003003e,0x000007ed,0x000007f3,0x0004003d,0x00000006,0x000007e9,
    0x000007ed,0x00050041,0x00000013,0x000007ea,0x00000787,0x00000094,0x0004003d,0x00000006,
    0x000007eb,0x000007ea,0x0007000c,0x00000006,0x000007ec,0x00000001,0x00000025,0x000007e9,
    0x000007eb,0x0003003e,0x000007e5,0x000007ec,0x0004003d,0x00000006,0x0000079c,0x000007e5,
    0x0004007f,0x00000006,0x0000079d,0x0000079c,0x0004003d,0x00000022,0x0000079e,0x00000781,
    0x0003003e,0x00000788,0x0000079e,0x0004003d,0x00000022,0x000007f7,0x00000788,0x0007004f,
    0x00000018,0x000007f8,0x000007f7,0x000007f7,0x00000000,0x00000001,0x0003003e,0x000007f4,
    0x000007f8,0x00050041,0x00000013,0x000007ff,0x000007f4,0x0000007e,0x0004003d,0x00000006,
    0x00000800,0x000007ff,0x00050041,0x00000013,0x00000801,0x000007f4,0x00000081,0x0004003d,
    0x00000006,0x00000802,0x00000801,0x0007000c,0x00000006,0x00000803,0x00000001,0x00000028,
    0x00000800,0x00000802,0x0003003e,0x000007fd,0x00000803,0x0004003d,0x00000006,0x000007f9,
    0x000007fd,0x00050041,0x00000013,0x000007fa,0x00000788,0x00000094,0x0004003d,0x00000006,
    0x000007fb,0x000007fa,0x0007000c,0x00000006,0x000007fc,0x00000001,0x00000028,0x000007f9,
    0x000007fb,0x0003003e,0x000007f5,0x000007fc,0x0004003d,0x00000006,0x0000079f,0x000007f5,
    0x0003003e,0x00000789,0x0000079d,0x0003003e,0x0000078a,0x0000079f,0x0004003d,0x00000006,
    0x00000807,0x00000789,0x00050041,0x00000013,0x00000808,0x00000804,0x0000007e,0x0003003e,
    0x00000808,0x00000807,0x0004003d,0x00000006,0x00000809,0x0000078a,0x00050041,0x00000013,
    0x0000080a,0x00000804,0x00000081,0x0003003e,0x0000080a,0x00000809,0x0004003d,0x00000018,
    0x0000080b,0x00000804,0x0003003e,0x00000805,0x0000080b,0x0004003d,0x00000018,0x000007a0,
    0x00000805,0x0007000c,0x00000018,0x000007a1,0x00000001,0x00000028,0x0000079a,0x000007a0,
    0x00050088,0x00000018,0x000007a2,0x00000799,0x000007a1,0x0003003e,0x00000783,0x000007a2,
    0x0003003e,0x0000078c,0x000000ba,0x0004003d,0x00000006,0x0000080e,0x0000078c,0x0003003e,
    0x0000080c,0x0000080e,0x0004003d,0x00000006,0x000007a3,0x0000080c,0x00050041,0x00000013,
    0x000007a4,0x00000783,0x0000007e,0x0004003d,0x00000006,0x000007a5,0x000007a4,0x00050041,
    0x00000013,0x000007a6,0x00000783,0x00000081,0x0004003d,0x00000006,0x000007a7,0x000007a6,
    0x0007000c,0x00000006,0x000007a8,0x00000001,0x00000025,0x000007a5,0x000007a7,0x0007000c,
    0x00000006,0x000007a9,0x00000001,0x00000025,0x000007a3,0x000007a8,0x0003003e,0x0000078b,
    0x000007a9,0x0004003d,0x00000022,0x000007aa,0x00000781,0x0004003d,0x00000006,0x000007ab,
    0x0000078b,0x0005008e,0x00000022,0x000007ac,0x000007aa,0x000007ab,0x0004003d,0x00000006,
    0x000007ad,0x0000077f,0x00060050,0x00000022,0x000007ae,0x000007ad,0x000007ad,0x000007ad,
    0x00050081,0x00000022,0x000007af,0x000007ac,0x000007ae,0x0003003e,0x0000078d,0x000007af,
    0x0004003d,0x00000022,0x000004cd,0x0000078d,0x0003003e,0x000003bc,0x000004cd,0x000200f9,
    0x000004ce,0x000200f8,0x000004ce,0x000200f9,0x000004d9,0x000200f8,0x000004cf,0x000300f7,
    0x000004d8,0x00000000,0x000400fa,0x0000027b,0x000004d0,0x000004d8,0x000200f8,0x000004d0,
    0x0004003d,0x00000022,0x000004d1,0x000003aa,0x0003003e,0x000003dc,0x000000b4,0x0004003d,
    0x00000006,0x00000812,0x000003dc,0x00050041,0x00000013,0x00000813,0x0000080f,0x0000007e,
    0x0003003e,0x00000813,0x00000812,0x0004003d,0x00000006,0x00000814,0x000003dc,0x00050041,
    0x00000013,0x00000815,0x0000080f,0x00000081,0x0003003e,0x00000815,0x00000814,0x0004003d,
    0x00000006,0x00000816,0x000003dc,0x00050041,0x00000013,0x00000817,0x0000080f,0x00000094,
    0x0003003e,0x00000817,0x00000816,0x0004003d,0x00000022,0x00000818,0x0000080f,0x0003003e,
    0x00000810,0x00000818,0x0004003d,0x00000022,0x000004d2,0x00000810,0x0003003e,0x000003dd,
    0x000000ba,0x0004003d,0x00000006,0x0000081c,0x000003dd,0x00050041,0x00000013,0x0000081d,
    0x00000819,0x0000007e,0x0003003e,0x0000081d,0x0000081c,0x0004003d,0x00000006,0x0000081e,
    0x000003dd,0x00050041,0x00000013,0x0000081f,0x00000819,0x00000081,0x0003003e,0x0000081f,
    0x0000081e,0x0004003d,0x00000006,0x00000820,0x000003dd,0x00050041,0x00000013,0x00000821,
    0x00000819,0x00000094,0x0003003e,0x00000821,0x00000820,0x0004003d,0x00000022,0x00000822,
    0x00000819,0x0003003e,0x0000081a,0x00000822,0x0004003d,0x00000022,0x000004d3,0x0000081a,
    0x0008000c,0x00000022,0x000004d4,0x00000001,0x0000002b,0x000004d1,0x000004d2,0x000004d3,
    0x0003003e,0x000003aa,0x000004d4,0x0004003d,0x00000022,0x000004d5,0x000003ba,0x0003003e,
    0x000003de,0x000004d5,0x0004003d,0x00000022,0x000004d6,0x000003aa,0x0003003e,0x000003df,
    0x000004d6,0x0004003d,0x00000022,0x00000833,0x000003df,0x0003003e,0x00000824,0x00000833,
    0x0004003d,0x00000022,0x00000859,0x00000824,0x0003003e,0x00000854,0x0000011d,0x0003003e,
    0x00000855,0x0000011e,0x0003003e,0x00000856,0x0000011f,0x0004003d,0x00000006,0x0000085f,
    0x00000854,0x00050041,0x00000013,0x00000860,0x0000085c,0x0000007e,0x0003003e,0x00000860,
    0x0000085f,0x0004003d,0x00000006,0x00000861,0x00000855,0x00050041,0x00000013,0x00000862,
    0x0000085c,0x00000081,0x0003003e,0x00000862,0x00000861,0x0004003d,0x00000006,0x00000863,
    0x00000856,0x00050041,0x00000013,0x00000864,0x0000085c,0x00000094,0x0003003e,0x00000864,
    0x00000863,0x0004003d,0x00000022,0x00000865,0x0000085c,0x0003003e,0x0000085d,0x00000865,
    0x0004003d,0x00000022,0x0000085a,0x0000085d,0x00050094,0x00000006,0x0000085b,0x00000859,
    0x0000085a,0x0003003e,0x00000857,0x0000085b,0x0004003d,0x00000006,0x00000834,0x00000857,
    0x0003003e,0x00000823,0x00000834,0x0004003d,0x00000022,0x00000835,0x000003de,0x0004003d,
    0x00000022,0x00000836,0x000003de,0x0003003e,0x00000826,0x00000836,0x0004003d,0x00000022,
    0x0000086b,0x00000826,0x0003003e,0x00000866,0x0000011d,0x0003003e,0x00000867,0x0000011e,
    0x0003003e,0x00000868,0x0000011f,0x0004003d,0x00000006,0x00000871,0x00000866,0x00050041,
    0x00000013,0x00000872,0x0000086e,0x0000007e,0x0003003e,0x00000872,0x00000871,0x0004003d,
    0x00000006,0x00000873,0x00000867,0x00050041,0x00000013,0x00000874,0x0000086e,0x00000081,
    0x0003003e,0x00000874,0x00000873,0x0004003d,0x00000006,0x00000875,0x00000868,0x00050041,
    0x00000013,0x00000876,0x0000086e,0x00000094,0x0003003e,0x00000876,0x00000875,0x0004003d,
    0x00000022,0x00000877,0x0000086e,0x0003003e,0x0000086f,0x00000877,0x0004003d,0x00000022,
    0x0000086c,0x0000086f,0x00050094,0x00000006,0x0000086d,0x0000086b,0x0000086c,0x0003003e,
    0x00000869,0x0000086d,0x0004003d,0x00000006,0x00000837,0x00000869,0x00060050,0x00000022,
    0x00000838,0x00000837,0x00000837,0x00000837,0x00050083,0x00000022,0x00000839,0x00000835,
    0x00000838,0x0003003e,0x00000825,0x00000839,0x0004003d,0x00000006,0x0000083a,0x00000823,
    0x00050083,0x00000006,0x0000083b,0x000000ba,0x0000083a,0x0004003d,0x00000006,0x0000083c,
    0x00000823,0x0003003e,0x00000828,0x0000083c,0x0003003e,0x00000829,0x0000083b,0x0004003d,
    0x00000006,0x0000087b,0x00000828,0x00050041,0x00000013,0x0000087c,0x00000878,0x0000007e,
    0x0003003e,0x0000087c,0x0000087b,0x0004003d,0x00000006,0x0000087d,0x00000829,0x00050041,
    0x00000013,0x0000087e,0x00000878,0x00000081,0x0003003e,0x0000087e,0x0000087d,0x0004003d,
    0x00000018,0x0000087f,0x00000878,0x0003003e,0x00000879,0x0000087f,0x0004003d,0x00000018,
    0x0000083d,0x00000879,0x0003003e,0x0000082a,0x00000139,0x0004003d,0x00000006,0x00000883,
    0x0000082a,0x00050041,0x00000013,0x00000884,0x00000880,0x0000007e,0x0003003e,0x00000884,
    0x00000883,0x0004003d,0x00000006,0x00000885,0x0000082a,0x00050041,0x00000013,0x00000886,
    0x00000880,0x00000081,0x0003003e,0x00000886,0x00000885,0x0004003d,0x00000018,0x00000887,
    0x00000880,0x0003003e,0x00000881,0x00000887,0x0004003d,0x00000018,0x0000083e,0x00000881,
    0x0004003d,0x00000022,0x0000083f,0x00000825,0x0003003e,0x0000082b,0x0000083f,0x0004003d,
    0x00000022,0x0000088b,0x0000082b,0x0007004f,0x00000018,0x0000088c,0x0000088b,0x0000088b,
    0x00000000,0x00000001,0x0003003e,0x00000888,0x0000088c,0x00050041,0x00000013,0x00000893,
    0x00000888,0x0000007e,0x0004003d,0x00000006,0x00000894,0x00000893,0x00050041,0x00000013,
    0x00000895,0x00000888,0x00000081,0x0004003d,0x00000006,0x00000896,0x00000895,0x0007000c,
    0x00000006,0x00000897,0x00000001,0x00000025,0x00000894,0x00000896,0x0003003e,0x00000891,
    0x00000897,0x0004003d,0x00000006,0x0000088d,0x00000891,0x00050041,0x00000013,0x0000088e,
    0x0000082b,0x00000094,0x0004003d,0x00000006,0x0000088f,0x0000088e,0x0007000c,0x00000006,
    0x00000890,0x00000001,0x00000025,0x0000088d,0x0000088f,0x0003003e,0x00000889,0x00000890,
    0x0004003d,0x00000006,0x00000840,0x00000889,0x0004007f,0x00000006,0x00000841,0x00000840,
    0x0004003d,0x00000022,0x00000842,0x00000825,0x0003003e,0x0000082c,0x00000842,0x0004003d,
    0x00000022,0x0000089b,0x0000082c,0x0007004f,0x00000018,0x0000089c,0x0000089b,0x0000089b,
    0x00000000,0x00000001,0x0003003e,0x00000898,0x0000089c,0x00050041,0x00000013,0x000008a3,
    0x00000898,0x0000007e,0x0004003d,0x00000006,0x000008a4,0x000008a3,0x00050041,0x00000013,
    0x000008a5,0x00000898,0x00000081,0x0004003d,0x00000006,0x000008a6,0x000008a5,0x0007000c,
    0x00000006,0x000008a7,0x00000001,0x00000028,0x000008a4,0x000008a6,0x0003003e,0x000008a1,
    0x000008a7,0x0004003d,0x00000006,0x0000089d,0x000008a1,0x00050041,0x00000013,0x0000089e,
    0x0000082c,0x00000094,0x0004003d,0x00000006,0x0000089f,0x0000089e,0x0007000c,0x00000006,
    0x000008a0,0x00000001,0x00000028,0x0000089d,0x0000089f,0x0003003e,0x00000899,0x000008a0,
    0x0004003d,0x00000006,0x00000843,0x00000899,0x0003003e,0x0000082d,0x00000841,0x0003003e,
    0x0000082e,0x00000843,0x0004003d,0x00000006,0x000008ab,0x0000082d,0x00050041,0x00000013,
    0x000008ac,0x000008a8,0x0000007e,0x0003003e,0x000008ac,0x000008ab,0x0004003d,0x00000006,
    0x000008ad,0x0000082e,0x00050041,0x00000013,0x000008ae,0x000008a8,0x00000081,0x0003003e,
    0x000008ae,0x000008ad,0x0004003d,0x00000018,0x000008af,0x000008a8,0x0003003e,0x000008a9,
    0x000008af,0x0004003d,0x00000018,0x00000844,0x000008a9,0x0007000c,0x00000018,0x00000845,
    0x00000001,0x00000028,0x0000083e,0x00000844,0x00050088,0x00000018,0x00000846,0x0000083d,
    0x00000845,0x0003003e,0x00000827,0x00000846,0x0003003e,0x00000830,0x000000ba,0x0004003d,
    0x00000006,0x000008b2,0x00000830,0x0003003e,0x000008b0,0x000008b2,0x0004003d,0x00000006,
    0x00000847,0x000008b0,0x00050041,0x00000013,0x00000848,0x00000827,0x0000007e,0x0004003d,
    0x00000006,0x00000849,0x00000848,0x00050041,0x00000013,0x0000084a,0x00000827,0x00000081,
    0x0004003d,0x00000006,0x0000084b,0x0000084a,0x0007000c,0x00000006,0x0000084c,0x00000001,
    0x00000025,0x00000849,0x0000084b,0x0007000c,0x00000006,0x0000084d,0x00000001,0x00000025,
    0x00000847,0x0000084c,0x0003003e,0x0000082f,0x0000084d,0x0004003d,0x00000022,0x0000084e,
    0x00000825,0x0004003d,0x00000006,0x0000084f,0x0000082f,0x0005008e,0x00000022,0x00000850,
    0x0000084e,0x0000084f,0x0004003d,0x00000006,0x00000851,0x00000823,0x00060050,0x00000022,
    0x00000852,0x00000851,0x00000851,0x00000851,0x00050081,0x00000022,0x00000853,0x00000850,
    0x00000852,0x0003003e,0x00000831,0x00000853,0x0004003d,0x00000022,0x000004d7,0x00000831,
    0x0003003e,0x000003bc,0x000004d7,0x000200f9,0x000004d8,0x000200f8,0x000004d8,0x000200f9,
    0x000004d9,0x000200f8,0x000004d9,0x0004003d,0x00000022,0x000004da,0x000003bc,0x0003003e,
    0x000003e0,0x000004da,0x0004003d,0x00000022,0x000003b3,0x000003e0,0x0003003e,0x000003a9,
    0x000003b3,0x0004003d,0x00000022,0x000003b4,0x00000333,0x0004003d,0x00000022,0x000003b5,
    0x000003a9,0x00050041,0x00000013,0x000003b6,0x00000336,0x000000ab,0x0004003d,0x00000006,
    0x000003b7,0x000003b6,0x0003003e,0x000003ad,0x000003b7,0x0004003d,0x00000006,0x000008b6,
    0x000003ad,0x00050041,0x00000013,0x000008b7,0x000008b3,0x0000007e,0x0003003e,0x000008b7,
    0x000008b6,0x0004003d,0x00000006,0x000008b8,0x000003ad,0x00050041,0x00000013,0x000008b9,
    0x000008b3,0x00000081,0x0003003e,0x000008b9,0x000008b8,0x0004003d,0x00000006,0x000008ba,
    0x000003ad,0x00050041,0x00000013,0x000008bb,0x000008b3,0x00000094,0x0003003e,0x000008bb,
    0x000008ba,0x0004003d,0x00000022,0x000008bc,0x000008b3,0x0003003e,0x000008b4,0x000008bc,
    0x0004003d,0x00000022,0x000003b8,0x000008b4,0x0008000c,0x00000022,0x000003b9,0x00000001,
    0x0000002e,0x000003b4,0x000003b5,0x000003b8,0x0003003e,0x000003ae,0x000003b9,0x0004003d,
    0x00000022,0x0000033a,0x000003ae,0x00050051,0x00000006,0x0000033c,0x0000033a,0x00000000,
    0x0003003e,0x00000322,0x0000033c,0x00050051,0x00000006,0x0000033e,0x0000033a,0x00000001,
    0x0003003e,0x00000324,0x0000033e,0x00050051,0x00000006,0x00000340,0x0000033a,0x00000002,
    0x0003003e,0x00000326,0x00000340,0x000200f9,0x00000332,0x000200f8,0x00000332,0x0004003d,
    0x00000006,0x00000341,0x000002e4,0x00050041,0x00000013,0x00000342,0x000002cd,0x000000ab,
    0x0004003d,0x00000006,0x00000343,0x00000342,0x00050085,0x00000006,0x00000344,0x00000343,
    0x00000341,0x0003003e,0x00000342,0x00000344,0x0004003d,0x00000006,0x00000347,0x00000342,
    0x0004003d,0x00000007,0x00000348,0x000002cd,0x0008004f,0x00000022,0x00000349,0x00000348,
    0x00000348,0x00000000,0x00000001,0x00000002,0x0005008e,0x00000022,0x0000034a,0x00000349,
    0x00000347,0x00050051,0x00000006,0x0000034c,0x0000034a,0x00000000,0x0003003e,0x00000322,
    0x0000034c,0x00050051,0x00000006,0x0000034e,0x0000034a,0x00000001,0x0003003e,0x00000324,
    0x0000034e,0x00050051,0x00000006,0x00000350,0x0000034a,0x00000002,0x0003003e,0x00000326,
    0x00000350,0x000200f9,0x0000031e,0x000200f8,0x00000351,0x0004003d,0x00000006,0x00000352,
    0x000002e4,0x0004003d,0x00000007,0x00000353,0x000002cd,0x0005008e,0x00000007,0x00000354,
    0x00000353,0x00000352,0x0003003e,0x000002cd,0x00000354,0x000200f9,0x0000031e,0x000200f8,
    0x0000031e,0x0004003d,0x00000007,0x00000359,0x000002cd,0x0008004f,0x00000022,0x0000035a,
    0x00000359,0x00000359,0x00000000,0x00000001,0x00000002,0x0003003e,0x00000358,0x0000035a,
    0x0004003d,0x00000007,0x0000035c,0x00000355,0x0007004f,0x00000018,0x0000035d,0x0000035c,
    0x0000035c,0x00000000,0x00000001,0x0003003e,0x0000035b,0x0000035d,0x00050041,0x000002e0,
    0x0000035f,0x000002de,0x00000081,0x0004003d,0x00000006,0x00000360,0x0000035f,0x0003003e,
    0x0000035e,0x00000360,0x00050041,0x000002e0,0x00000362,0x000002de,0x00000094,0x0004003d,
    0x00000006,0x00000363,0x00000362,0x0003003e,0x00000361,0x00000363,0x000300f7,0x000008cd,
    0x00000000,0x000400fa,0x00000109,0x000008c3,0x000008cb,0x000200f8,0x000008c3,0x0004003d,
    0x00000018,0x000008c4,0x0000035b,0x0003003e,0x000008be,0x000008c4,0x0004003d,0x00000006,
    0x000008c5,0x0000035e,0x0003003e,0x000008bf,0x000008c5,0x0004003d,0x00000006,0x000008c6,
    0x00000361,0x0003003e,0x000008c0,0x000008c6,0x00050041,0x00000013,0x000008d3,0x000008be,
    0x0000007e,0x0004003d,0x00000006,0x000008d4,0x000008d3,0x00050085,0x00000006,0x000008d5,
    0x000000f3,0x000008d4,0x00050041,0x00000013,0x000008d6,0x000008be,0x00000081,0x0004003d,
    0x00000006,0x000008d7,0x000008d6,0x00050085,0x00000006,0x000008d8,0x000000f7,0x000008d7,
    0x00050081,0x00000006,0x000008d9,0x000008d5,0x000008d8,0x0006000c,0x00000006,0x000008da,
    0x00000001,0x0000000a,0x000008d9,0x0003003e,0x000008cf,0x000008da,0x0004003d,0x00000006,
    0x000008db,0x000008cf,0x00050085,0x00000006,0x000008dc,0x000000fe,0x000008db,0x0006000c,
    0x00000006,0x000008dd,0x00000001,0x0000000a,0x000008dc,0x0003003e,0x000008d0,0x000008dd,
    0x0004003d,0x00000006,0x000008de,0x000008d0,0x0004003d,0x00000006,0x000008df,0x000008bf,
    0x00050085,0x00000006,0x000008e0,0x000008de,0x000008df,0x0004003d,0x00000006,0x000008e1,
    0x000008c0,0x00050081,0x00000006,0x000008e2,0x000008e0,0x000008e1,0x0003003e,0x000008d1,
    0x000008e2,0x0004003d,0x00000006,0x000008c7,0x000008d1,0x0004003d,0x00000022,0x000008c8,
    0x00000358,0x00060050,0x00000022,0x000008c9,0x000008c7,0x000008c7,0x000008c7,0x00050081,
    0x00000022,0x000008ca,0x000008c9,0x000008c8,0x0003003e,0x000008bd,0x000008ca,0x000200f9,
    0x000008cd,0x000200f8,0x000008cb,0x0004003d,0x00000022,0x000008cc,0x00000358,0x0003003e,
    0x000008bd,0x000008cc,0x000200f9,0x000008cd,0x000200f8,0x000008cd,0x0004003d,0x00000022,
    0x000008ce,0x000008bd,0x0003003e,0x000008c1,0x000008ce,0x0004003d,0x00000022,0x00000364,
    0x000008c1,0x00050041,0x00000013,0x00000365,0x000002cd,0x0000007e,0x00050051,0x00000006,
    0x00000366,0x00000364,0x00000000,0x0003003e,0x00000365,0x00000366,0x00050041,0x00000013,
    0x00000367,0x000002cd,0x00000081,0x00050051,0x00000006,0x00000368,0x00000364,0x00000001,
    0x0003003e,0x00000367,0x00000368,0x00050041,0x00000013,0x00000369,0x000002cd,0x00000094,
    0x00050051,0x00000006,0x0000036a,0x00000364,0x00000002,0x0003003e,0x00000369,0x0000036a,
    0x0004003d,0x00000007,0x0000036d,0x000002cd,0x0003003e,0x0000036c,0x0000036d,0x0003003e,
    0x0000036f,0x000000b4,0x0004003d,0x00000006,0x000008e6,0x0000036f,0x00050041,0x00000013,
    0x000008e7,0x000008e3,0x0000007e,0x0003003e,0x000008e7,0x000008e6,0x0004003d,0x00000006,
    0x000008e8,0x0000036f,0x00050041,0x00000013,0x000008e9,0x000008e3,0x00000081,0x0003003e,
    0x000008e9,0x000008e8,0x0004003d,0x00000006,0x000008ea,0x0000036f,0x00050041,0x00000013,
    0x000008eb,0x000008e3,0x00000094,0x0003003e,0x000008eb,0x000008ea,0x0004003d,0x00000006,
    0x000008ec,0x0000036f,0x00050041,0x00000013,0x000008ed,0x000008e3,0x000000ab,0x0003003e,
    0x000008ed,0x000008ec,0x0004003d,0x00000007,0x000008ee,0x000008e3,0x0003003e,0x000008e4,
    0x000008ee,0x0004003d,0x00000007,0x00000370,0x000008e4,0x0003003e,0x0000036e,0x00000370,
    0x000100fd,0x00010038,
};
