#pragma once

const uint32_t atomic_draw_image_rect_webgpu_frag[] = {
    0x07230203,0x00010000,0x0008000b,0x00001e62,0x00000000,0x00020011,0x00000001,0x0006000b,
    0x00000001,0x4c534c47,0x6474732e,0x3035342e,0x00000000,0x0003000e,0x00000000,0x00000001,
    0x000d000f,0x00000004,0x00000004,0x6e69616d,0x00000000,0x000003f9,0x0000051c,0x00000521,
    0x00000528,0x0000055b,0x00000575,0x00000593,0x00000599,0x00030010,0x00000004,0x00000007,
    0x00030003,0x00000002,0x000001cc,0x000a0004,0x415f4c47,0x665f4252,0x6d676172,0x5f746e65,
    0x64616873,0x695f7265,0x7265746e,0x6b636f6c,0x00000000,0x000a0004,0x415f4c47,0x735f4252,
    0x65646168,0x74735f72,0x6761726f,0x75625f65,0x72656666,0x6a626f5f,0x00746365,0x000b0004,
    0x455f4c47,0x735f5458,0x6c706d61,0x656c7265,0x745f7373,0x75747865,0x665f6572,0x74636e75,
    0x736e6f69,0x00000000,0x000a0004,0x475f4c47,0x4c474f4f,0x70635f45,0x74735f70,0x5f656c79,
    0x656e696c,0x7269645f,0x69746365,0x00006576,0x00080004,0x475f4c47,0x4c474f4f,0x6e695f45,
    0x64756c63,0x69645f65,0x74636572,0x00657669,0x00040005,0x00000004,0x6e69616d,0x00000000,
    0x00030005,0x00000159,0x00006972,0x00030005,0x000002cc,0x00006971,0x00030005,0x00000390,
    0x00006645,0x00040006,0x00000390,0x00000000,0x0000326b,0x00030005,0x00000392,0x00004357,
    0x00030005,0x000003a2,0x0000696f,0x00030005,0x000003bb,0x0000696b,0x00040005,0x000003c8,
    0x6567306d,0x00000000,0x00040006,0x000003c8,0x00000000,0x0000326b,0x00030005,0x000003ca,
    0x0000306d,0x00030005,0x000003d6,0x0000696c,0x00030005,0x000003e4,0x00006646,0x00040006,
    0x000003e4,0x00000000,0x0000326b,0x00030005,0x000003e6,0x0000424a,0x00060005,0x000003f9,
    0x465f6c67,0x43676172,0x64726f6f,0x00000000,0x00030005,0x00000425,0x0000696d,0x00030005,
    0x00000473,0x00004255,0x00040006,0x00000473,0x00000000,0x00006351,0x00040006,0x00000473,
    0x00000001,0x00006454,0x00040006,0x00000473,0x00000002,0x00006762,0x00040006,0x00000473,
    0x00000003,0x00006763,0x00040006,0x00000473,0x00000004,0x00003641,0x00040006,0x00000473,
    0x00000005,0x00003958,0x00040006,0x00000473,0x00000006,0x0000664e,0x00040006,0x00000473,
    0x00000007,0x0000664f,0x00040006,0x00000473,0x00000008,0x0000386a,0x00040006,0x00000473,
    0x00000009,0x0000684c,0x00040006,0x00000473,0x0000000a,0x00006455,0x00040006,0x00000473,
    0x0000000b,0x0000326a,0x00040006,0x00000473,0x0000000c,0x00006850,0x00040006,0x00000473,
    0x0000000d,0x00003454,0x00040006,0x00000473,0x0000000e,0x00003361,0x00040006,0x00000473,
    0x0000000f,0x00006456,0x00040006,0x00000473,0x00000010,0x00006648,0x00040006,0x00000473,
    0x00000011,0x0000334c,0x00040006,0x00000473,0x00000012,0x0000334d,0x00040006,0x00000473,
    0x00000013,0x00006457,0x00040006,0x00000473,0x00000014,0x00006849,0x00040006,0x00000473,
    0x00000015,0x00003957,0x00040006,0x00000473,0x00000016,0x00006377,0x00040006,0x00000473,
    0x00000017,0x00006378,0x00030005,0x00000475,0x0000006a,0x00030005,0x00000481,0x00004445,
    0x00030005,0x00000485,0x00006168,0x00040005,0x000004b4,0x6567306e,0x00000000,0x00040006,
    0x000004b4,0x00000000,0x0000326b,0x00030005,0x000004b6,0x0000306e,0x00030005,0x00000516,
    0x00004343,0x00030005,0x00000518,0x00003572,0x00030005,0x0000051c,0x00003266,0x00030005,
    0x00000521,0x00003569,0x00030005,0x00000528,0x00003052,0x00040005,0x00000535,0x6567344b,
    0x00000000,0x00040006,0x00000535,0x00000000,0x0000326b,0x00030005,0x00000537,0x0000344b,
    0x00030005,0x0000055b,0x00003349,0x00030005,0x00000575,0x0000356a,0x00030005,0x00000593,
    0x00003151,0x00030005,0x00000599,0x00003148,0x00030005,0x000005f4,0x00006177,0x00030005,
    0x000005f5,0x00004359,0x00040047,0x00000159,0x00000001,0x00000007,0x00040047,0x000002cc,
    0x00000001,0x00000006,0x00040047,0x0000038f,0x00000006,0x00000008,0x00030047,0x00000390,
    0x00000003,0x00040048,0x00000390,0x00000000,0x00000018,0x00050048,0x00000390,0x00000000,
    0x00000023,0x00000000,0x00030047,0x00000392,0x00000018,0x00040047,0x00000392,0x00000021,
    0x00000003,0x00040047,0x00000392,0x00000022,0x00000000,0x00040047,0x000003a2,0x00000001,
    0x00000004,0x00040047,0x000003bb,0x00000001,0x00000000,0x00040047,0x000003c7,0x00000006,
    0x00000004,0x00030047,0x000003c8,0x00000003,0x00050048,0x000003c8,0x00000000,0x00000023,
    0x00000000,0x00040047,0x000003ca,0x00000021,0x00000001,0x00040047,0x000003ca,0x00000022,
    0x00000002,0x00040047,0x000003d6,0x00000001,0x00000001,0x00040047,0x000003e3,0x00000006,
    0x00000010,0x00030047,0x000003e4,0x00000003,0x00040048,0x000003e4,0x00000000,0x00000018,
    0x00050048,0x000003e4,0x00000000,0x00000023,0x00000000,0x00030047,0x000003e6,0x00000018,
    0x00040047,0x000003e6,0x00000021,0x00000004,0x00040047,0x000003e6,0x00000022,0x00000000,
    0x00040047,0x000003f9,0x0000000b,0x0000000f,0x00040047,0x00000425,0x00000001,0x00000002,
    0x00030047,0x00000473,0x00000002,0x00050048,0x00000473,0x00000000,0x00000023,0x00000000,
    0x00050048,0x00000473,0x00000001,0x00000023,0x00000004,0x00050048,0x00000473,0x00000002,
    0x00000023,0x00000008,0x00050048,0x00000473,0x00000003,0x00000023,0x0000000c,0x00050048,
    0x00000473,0x00000004,0x00000023,0x00000010,0x00050048,0x00000473,0x00000005,0x00000023,
    0x00000014,0x00050048,0x00000473,0x00000006,0x00000023,0x00000018,0x00050048,0x00000473,
    0x00000007,0x00000023,0x0000001c,0x00050048,0x00000473,0x00000008,0x00000023,0x00000020,
    0x00050048,0x00000473,0x00000009,0x00000023,0x00000030,0x00050048,0x00000473,0x0000000a,
    0x00000023,0x00000038,0x00050048,0x00000473,0x0000000b,0x00000023,0x00000040,0x00050048,
    0x00000473,0x0000000c,0x00000023,0x00000044,0x00050048,0x00000473,0x0000000d,0x00000023,
    0x00000048,0x00050048,0x00000473,0x0000000e,0x00000023,0x0000004c,0x00050048,0x00000473,
    0x0000000f,0x00000023,0x00000050,0x00050048,0x00000473,0x00000010,0x00000023,0x00000054,
    0x00050048,0x00000473,0x00000011,0x00000023,0x00000058,0x00050048,0x00000473,0x00000012,
    0x00000023,0x0000005c,0x00050048,0x00000473,0x00000013,0x00000023,0x00000060,0x00050048,
    0x00000473,0x00000014,0x00000023,0x00000064,0x00050048,0x00000473,0x00000015,0x00000023,
    0x00000068,0x00050048,0x00000473,0x00000016,0x00000023,0x0000006c,0x00050048,0x00000473,
    0x00000017,0x00000023,0x00000070,0x00040047,0x00000475,0x00000021,0x00000000,0x00040047,
    0x00000475,0x00000022,0x00000000,0x00030047,0x00000481,0x00000000,0x00040047,0x00000481,
    0x00000021,0x00000008,0x00040047,0x00000481,0x00000022,0x00000000,0x00030047,0x00000485,
    0x00000000,0x00040047,0x00000485,0x00000021,0x00000008,0x00040047,0x00000485,0x00000022,
    0x00000003,0x00040047,0x000004b3,0x00000006,0x00000004,0x00030047,0x000004b4,0x00000003,
    0x00050048,0x000004b4,0x00000000,0x00000023,0x00000000,0x00040047,0x000004b6,0x00000021,
    0x00000000,0x00040047,0x000004b6,0x00000022,0x00000002,0x00030047,0x00000516,0x00000000,
    0x00040047,0x00000516,0x00000021,0x0000000b,0x00040047,0x00000516,0x00000022,0x00000001,
    0x00030047,0x00000517,0x00000000,0x00030047,0x00000518,0x00000000,0x00040047,0x00000518,
    0x00000021,0x0000000d,0x00040047,0x00000518,0x00000022,0x00000001,0x00030047,0x00000519,
    0x00000000,0x00040047,0x0000051c,0x0000001e,0x00000000,0x00030047,0x0000051e,0x00000000,
    0x00030047,0x00000521,0x00000000,0x00040047,0x00000521,0x0000001e,0x00000001,0x00030047,
    0x00000522,0x00000000,0x00030047,0x00000524,0x00000000,0x00040047,0x00000528,0x0000001e,
    0x00000003,0x00030047,0x00000532,0x00000000,0x00040047,0x00000534,0x00000006,0x00000004,
    0x00030047,0x00000535,0x00000003,0x00050048,0x00000535,0x00000000,0x00000023,0x00000000,
    0x00040047,0x00000537,0x00000021,0x00000003,0x00040047,0x00000537,0x00000022,0x00000002,
    0x00030047,0x0000055b,0x00000000,0x00030047,0x0000055b,0x0000000e,0x00040047,0x0000055b,
    0x0000001e,0x00000005,0x00030047,0x0000055c,0x00000000,0x00030047,0x0000056e,0x00000000,
    0x00040047,0x00000575,0x0000001e,0x00000002,0x00030047,0x00000580,0x00000000,0x00030047,
    0x00000581,0x00000000,0x00030047,0x00000584,0x00000000,0x00030047,0x00000586,0x00000000,
    0x00030047,0x00000588,0x00000000,0x00030047,0x00000589,0x00000000,0x00030047,0x00000592,
    0x00000000,0x00030047,0x00000593,0x00000000,0x00030047,0x00000593,0x0000000e,0x00040047,
    0x00000593,0x0000001e,0x00000004,0x00030047,0x00000594,0x00000000,0x00030047,0x00000596,
    0x00000000,0x00030047,0x00000599,0x00000000,0x00030047,0x00000599,0x0000000e,0x00040047,
    0x00000599,0x0000001e,0x00000006,0x00030047,0x0000059a,0x00000000,0x00030047,0x000005a5,
    0x00000000,0x00030047,0x000005a6,0x00000000,0x00030047,0x000005b1,0x00000000,0x00030047,
    0x000005b5,0x00000000,0x00030047,0x000005be,0x00000000,0x00030047,0x000005c1,0x00000000,
    0x00030047,0x000005c2,0x00000000,0x00030047,0x000005c3,0x00000000,0x00030047,0x000005c5,
    0x00000000,0x00030047,0x000005ca,0x00000000,0x00030047,0x000005cd,0x00000000,0x00030047,
    0x000005f4,0x00000000,0x00040047,0x000005f4,0x00000021,0x00000009,0x00040047,0x000005f4,
    0x00000022,0x00000003,0x00030047,0x000005f5,0x00000000,0x00040047,0x000005f5,0x00000021,
    0x00000009,0x00040047,0x000005f5,0x00000022,0x00000000,0x00030047,0x00000629,0x00000000,
    0x00030047,0x0000062b,0x00000000,0x00030047,0x0000062c,0x00000000,0x00030047,0x0000062e,
    0x00000000,0x00030047,0x00000630,0x00000000,0x00030047,0x00000631,0x00000000,0x00030047,
    0x0000067b,0x00000000,0x00030047,0x00000685,0x00000000,0x00030047,0x00000686,0x00000000,
    0x00030047,0x00000687,0x00000000,0x00030047,0x00000688,0x00000000,0x00030047,0x00000689,
    0x00000000,0x00030047,0x0000068a,0x00000000,0x00030047,0x00000690,0x00000000,0x00030047,
    0x000006c5,0x00000000,0x00030047,0x000006c7,0x00000000,0x00030047,0x000006c8,0x00000000,
    0x00030047,0x000006c9,0x00000000,0x00030047,0x000006ca,0x00000000,0x00030047,0x000006cd,
    0x00000000,0x00030047,0x000006e8,0x00000000,0x00030047,0x0000071c,0x00000000,0x00030047,
    0x0000071d,0x00000000,0x00030047,0x00000722,0x00000000,0x00030047,0x00000727,0x00000000,
    0x00030047,0x00000729,0x00000000,0x00030047,0x0000072a,0x00000000,0x00030047,0x00000738,
    0x00000000,0x00030047,0x0000073f,0x00000000,0x00030047,0x00000741,0x00000000,0x00030047,
    0x00000749,0x00000000,0x00030047,0x00000755,0x00000000,0x00030047,0x00000757,0x00000000,
    0x00030047,0x00000758,0x00000000,0x00030047,0x00000762,0x00000000,0x00030047,0x000007b4,
    0x00000000,0x00030047,0x000007c3,0x00000000,0x00030047,0x000007c4,0x00000000,0x00030047,
    0x000007c6,0x00000000,0x00030047,0x000007f0,0x00000000,0x00030047,0x000007f2,0x00000000,
    0x00030047,0x000007f4,0x00000000,0x00030047,0x000007f6,0x00000000,0x00030047,0x000007f9,
    0x00000000,0x00030047,0x000007fa,0x00000000,0x00030047,0x000007fc,0x00000000,0x00030047,
    0x000007fe,0x00000000,0x00030047,0x00000802,0x00000000,0x00030047,0x00000804,0x00000000,
    0x00030047,0x00000806,0x00000000,0x00030047,0x00000809,0x00000000,0x00030047,0x0000080a,
    0x00000000,0x00030047,0x0000080b,0x00000000,0x00030047,0x0000080d,0x00000000,0x00030047,
    0x0000080f,0x00000000,0x00030047,0x00000811,0x00000000,0x00030047,0x00000813,0x00000000,
    0x00030047,0x00000819,0x00000000,0x00030047,0x0000081a,0x00000000,0x00030047,0x00000821,
    0x00000000,0x00030047,0x00000823,0x00000000,0x00030047,0x00000826,0x00000000,0x00030047,
    0x00000829,0x00000000,0x00030047,0x0000082c,0x00000000,0x00030047,0x0000082e,0x00000000,
    0x00030047,0x0000082f,0x00000000,0x00030047,0x00000832,0x00000000,0x00030047,0x00000835,
    0x00000000,0x00030047,0x00000836,0x00000000,0x00030047,0x00000838,0x00000000,0x00030047,
    0x0000083b,0x00000000,0x00030047,0x00000840,0x00000000,0x00030047,0x00000841,0x00000000,
    0x00030047,0x0000084f,0x00000000,0x00030047,0x00000851,0x00000000,0x00030047,0x00000852,
    0x00000000,0x00030047,0x00000853,0x00000000,0x00030047,0x00000856,0x00000000,0x00030047,
    0x00000859,0x00000000,0x00030047,0x0000085a,0x00000000,0x00030047,0x0000085b,0x00000000,
    0x00030047,0x0000085d,0x00000000,0x00030047,0x00000860,0x00000000,0x00030047,0x00000861,
    0x00000000,0x00030047,0x00000863,0x00000000,0x00030047,0x00000865,0x00000000,0x00030047,
    0x00000867,0x00000000,0x00030047,0x0000086b,0x00000000,0x00030047,0x0000086d,0x00000000,
    0x00030047,0x0000086f,0x00000000,0x00030047,0x00000872,0x00000000,0x00030047,0x00000873,
    0x00000000,0x00030047,0x00000874,0x00000000,0x00030047,0x0000087d,0x00000000,0x00030047,
    0x00000883,0x00000000,0x00030047,0x00000884,0x00000000,0x00030047,0x00000889,0x00000000,
    0x00030047,0x0000088f,0x00000000,0x00030047,0x00000890,0x00000000,0x00030047,0x00000891,
    0x00000000,0x00030047,0x00000894,0x00000000,0x00030047,0x00000895,0x00000000,0x00030047,
    0x00000896,0x00000000,0x00030047,0x0000089c,0x00000000,0x00030047,0x0000089d,0x00000000,
    0x00030047,0x0000089e,0x00000000,0x00030047,0x000008a8,0x00000000,0x00030047,0x000008a9,
    0x00000000,0x00030047,0x000008ab,0x00000000,0x00030047,0x000008ac,0x00000000,0x00030047,
    0x000008ad,0x00000000,0x00030047,0x000008ae,0x00000000,0x00030047,0x000008af,0x00000000,
    0x00030047,0x000008b2,0x00000000,0x00030047,0x000008b3,0x00000000,0x00030047,0x000008b4,
    0x00000000,0x00030047,0x000008b6,0x00000000,0x00030047,0x000008b8,0x00000000,0x00030047,
    0x000008ba,0x00000000,0x00030047,0x000008bc,0x00000000,0x00030047,0x000008bd,0x00000000,
    0x00030047,0x000008c0,0x00000000,0x00030047,0x000008c3,0x00000000,0x00030047,0x000008cb,
    0x00000000,0x00030047,0x000008ce,0x00000000,0x00030047,0x000008d6,0x00000000,0x00030047,
    0x000008d9,0x00000000,0x00030047,0x000008e0,0x00000000,0x00030047,0x000008e3,0x00000000,
    0x00030047,0x000008e9,0x00000000,0x00030047,0x000008ee,0x00000000,0x00030047,0x000008f0,
    0x00000000,0x00030047,0x000008f5,0x00000000,0x00030047,0x000008f9,0x00000000,0x00030047,
    0x00000995,0x00000000,0x00030047,0x00000999,0x00000000,0x00030047,0x0000099a,0x00000000,
    0x00030047,0x000009ad,0x00000000,0x00030047,0x000009ae,0x00000000,0x00030047,0x000009b2,
    0x00000000,0x00030047,0x000009b4,0x00000000,0x00030047,0x000009b5,0x00000000,0x00030047,
    0x000009be,0x00000000,0x00030047,0x000009c5,0x00000000,0x00030047,0x000009cd,0x00000000,
    0x00030047,0x000009ce,0x00000000,0x00030047,0x000009d2,0x00000000,0x00030047,0x000009d4,
    0x00000000,0x00030047,0x000009d5,0x00000000,0x00030047,0x000009dd,0x00000000,0x00030047,
    0x000009de,0x00000000,0x00030047,0x000009e2,0x00000000,0x00030047,0x000009e4,0x00000000,
    0x00030047,0x000009e5,0x00000000,0x00030047,0x000009fb,0x00000000,0x00030047,0x000009fc,
    0x00000000,0x00030047,0x000009fe,0x00000000,0x00030047,0x00000a04,0x00000000,0x00030047,
    0x00000a08,0x00000000,0x00030047,0x00000a09,0x00000000,0x00030047,0x00000a0c,0x00000000,
    0x00030047,0x00000a0e,0x00000000,0x00030047,0x00000a0f,0x00000000,0x00030047,0x00000a10,
    0x00000000,0x00030047,0x00000a13,0x00000000,0x00030047,0x00000a15,0x00000000,0x00030047,
    0x00000a16,0x00000000,0x00030047,0x00000a1e,0x00000000,0x00030047,0x00000a30,0x00000000,
    0x00030047,0x00000a52,0x00000000,0x00030047,0x00000a53,0x00000000,0x00030047,0x00000a57,
    0x00000000,0x00030047,0x00000a59,0x00000000,0x00030047,0x00000a5a,0x00000000,0x00030047,
    0x00000a63,0x00000000,0x00030047,0x00000a6a,0x00000000,0x00030047,0x00000a99,0x00000000,
    0x00030047,0x00000a9d,0x00000000,0x00030047,0x00000a9e,0x00000000,0x00030047,0x00000ab1,
    0x00000000,0x00030047,0x00000ab2,0x00000000,0x00030047,0x00000ab6,0x00000000,0x00030047,
    0x00000ab8,0x00000000,0x00030047,0x00000ab9,0x00000000,0x00030047,0x00000ac2,0x00000000,
    0x00030047,0x00000ac9,0x00000000,0x00030047,0x00000ad1,0x00000000,0x00030047,0x00000ad2,
    0x00000000,0x00030047,0x00000ad6,0x00000000,0x00030047,0x00000ad8,0x00000000,0x00030047,
    0x00000ad9,0x00000000,0x00030047,0x00000ae1,0x00000000,0x00030047,0x00000ae2,0x00000000,
    0x00030047,0x00000ae6,0x00000000,0x00030047,0x00000ae8,0x00000000,0x00030047,0x00000ae9,
    0x00000000,0x00030047,0x00000aff,0x00000000,0x00030047,0x00000b00,0x00000000,0x00030047,
    0x00000b02,0x00000000,0x00030047,0x00000b08,0x00000000,0x00030047,0x00000b0c,0x00000000,
    0x00030047,0x00000b0d,0x00000000,0x00030047,0x00000b10,0x00000000,0x00030047,0x00000b12,
    0x00000000,0x00030047,0x00000b13,0x00000000,0x00030047,0x00000b14,0x00000000,0x00030047,
    0x00000b17,0x00000000,0x00030047,0x00000b19,0x00000000,0x00030047,0x00000b1a,0x00000000,
    0x00030047,0x00000b22,0x00000000,0x00030047,0x00000b34,0x00000000,0x00030047,0x00000b56,
    0x00000000,0x00030047,0x00000b57,0x00000000,0x00030047,0x00000b5b,0x00000000,0x00030047,
    0x00000b5d,0x00000000,0x00030047,0x00000b5e,0x00000000,0x00030047,0x00000b67,0x00000000,
    0x00030047,0x00000b6e,0x00000000,0x00030047,0x00000ba3,0x00000000,0x00030047,0x00000ba4,
    0x00000000,0x00030047,0x00000ba6,0x00000000,0x00030047,0x00000bac,0x00000000,0x00030047,
    0x00000bb0,0x00000000,0x00030047,0x00000bb1,0x00000000,0x00030047,0x00000bb4,0x00000000,
    0x00030047,0x00000bb6,0x00000000,0x00030047,0x00000bb7,0x00000000,0x00030047,0x00000bb8,
    0x00000000,0x00030047,0x00000bbb,0x00000000,0x00030047,0x00000bbd,0x00000000,0x00030047,
    0x00000bbe,0x00000000,0x00030047,0x00000bc6,0x00000000,0x00030047,0x00000bd8,0x00000000,
    0x00030047,0x00000bfa,0x00000000,0x00030047,0x00000bfb,0x00000000,0x00030047,0x00000bff,
    0x00000000,0x00030047,0x00000c01,0x00000000,0x00030047,0x00000c02,0x00000000,0x00030047,
    0x00000c0b,0x00000000,0x00030047,0x00000c12,0x00000000,0x00030047,0x00000c47,0x00000000,
    0x00030047,0x00000c48,0x00000000,0x00030047,0x00000c4a,0x00000000,0x00030047,0x00000c50,
    0x00000000,0x00030047,0x00000c54,0x00000000,0x00030047,0x00000c55,0x00000000,0x00030047,
    0x00000c58,0x00000000,0x00030047,0x00000c5a,0x00000000,0x00030047,0x00000c5b,0x00000000,
    0x00030047,0x00000c5c,0x00000000,0x00030047,0x00000c5f,0x00000000,0x00030047,0x00000c61,
    0x00000000,0x00030047,0x00000c62,0x00000000,0x00030047,0x00000c6a,0x00000000,0x00030047,
    0x00000c7c,0x00000000,0x00030047,0x00000c9e,0x00000000,0x00030047,0x00000c9f,0x00000000,
    0x00030047,0x00000ca3,0x00000000,0x00030047,0x00000ca5,0x00000000,0x00030047,0x00000ca6,
    0x00000000,0x00030047,0x00000caf,0x00000000,0x00030047,0x00000cb6,0x00000000,0x00030047,
    0x00000d08,0x00000000,0x00030047,0x00000d0a,0x00000000,0x00030047,0x00000d0f,0x00000000,
    0x00030047,0x00000d13,0x00000000,0x00030047,0x00000d15,0x00000000,0x00030047,0x00000d24,
    0x00000000,0x00030047,0x00000d25,0x00000000,0x00030047,0x00000d27,0x00000000,0x00030047,
    0x00000d51,0x00000000,0x00030047,0x00000d53,0x00000000,0x00030047,0x00000d55,0x00000000,
    0x00030047,0x00000d57,0x00000000,0x00030047,0x00000d5a,0x00000000,0x00030047,0x00000d5b,
    0x00000000,0x00030047,0x00000d5d,0x00000000,0x00030047,0x00000d5f,0x00000000,0x00030047,
    0x00000d63,0x00000000,0x00030047,0x00000d65,0x00000000,0x00030047,0x00000d67,0x00000000,
    0x00030047,0x00000d6a,0x00000000,0x00030047,0x00000d6b,0x00000000,0x00030047,0x00000d6c,
    0x00000000,0x00030047,0x00000d6e,0x00000000,0x00030047,0x00000d70,0x00000000,0x00030047,
    0x00000d72,0x00000000,0x00030047,0x00000d74,0x00000000,0x00030047,0x00000d7a,0x00000000,
    0x00030047,0x00000d7b,0x00000000,0x00030047,0x00000d82,0x00000000,0x00030047,0x00000d84,
    0x00000000,0x00030047,0x00000d87,0x00000000,0x00030047,0x00000d8a,0x00000000,0x00030047,
    0x00000d8d,0x00000000,0x00030047,0x00000d8f,0x00000000,0x00030047,0x00000d90,0x00000000,
    0x00030047,0x00000d93,0x00000000,0x00030047,0x00000d96,0x00000000,0x00030047,0x00000d97,
    0x00000000,0x00030047,0x00000d99,0x00000000,0x00030047,0x00000d9c,0x00000000,0x00030047,
    0x00000da1,0x00000000,0x00030047,0x00000da2,0x00000000,0x00030047,0x00000db0,0x00000000,
    0x00030047,0x00000db2,0x00000000,0x00030047,0x00000db3,0x00000000,0x00030047,0x00000db4,
    0x00000000,0x00030047,0x00000db7,0x00000000,0x00030047,0x00000dba,0x00000000,0x00030047,
    0x00000dbb,0x00000000,0x00030047,0x00000dbc,0x00000000,0x00030047,0x00000dbe,0x00000000,
    0x00030047,0x00000dc1,0x00000000,0x00030047,0x00000dc2,0x00000000,0x00030047,0x00000dc4,
    0x00000000,0x00030047,0x00000dc6,0x00000000,0x00030047,0x00000dc8,0x00000000,0x00030047,
    0x00000dcc,0x00000000,0x00030047,0x00000dce,0x00000000,0x00030047,0x00000dd0,0x00000000,
    0x00030047,0x00000dd3,0x00000000,0x00030047,0x00000dd4,0x00000000,0x00030047,0x00000dd5,
    0x00000000,0x00030047,0x00000dde,0x00000000,0x00030047,0x00000de4,0x00000000,0x00030047,
    0x00000de5,0x00000000,0x00030047,0x00000dea,0x00000000,0x00030047,0x00000df0,0x00000000,
    0x00030047,0x00000df1,0x00000000,0x00030047,0x00000df2,0x00000000,0x00030047,0x00000df5,
    0x00000000,0x00030047,0x00000df6,0x00000000,0x00030047,0x00000df7,0x00000000,0x00030047,
    0x00000dfd,0x00000000,0x00030047,0x00000dfe,0x00000000,0x00030047,0x00000dff,0x00000000,
    0x00030047,0x00000e09,0x00000000,0x00030047,0x00000e0a,0x00000000,0x00030047,0x00000e0c,
    0x00000000,0x00030047,0x00000e0d,0x00000000,0x00030047,0x00000e0e,0x00000000,0x00030047,
    0x00000e0f,0x00000000,0x00030047,0x00000e10,0x00000000,0x00030047,0x00000e13,0x00000000,
    0x00030047,0x00000e14,0x00000000,0x00030047,0x00000e15,0x00000000,0x00030047,0x00000e17,
    0x00000000,0x00030047,0x00000e19,0x00000000,0x00030047,0x00000e1b,0x00000000,0x00030047,
    0x00000e1d,0x00000000,0x00030047,0x00000e1e,0x00000000,0x00030047,0x00000e21,0x00000000,
    0x00030047,0x00000e24,0x00000000,0x00030047,0x00000e2c,0x00000000,0x00030047,0x00000e2f,
    0x00000000,0x00030047,0x00000e37,0x00000000,0x00030047,0x00000e3a,0x00000000,0x00030047,
    0x00000e41,0x00000000,0x00030047,0x00000e44,0x00000000,0x00030047,0x00000e4a,0x00000000,
    0x00030047,0x00000e4f,0x00000000,0x00030047,0x00000e51,0x00000000,0x00030047,0x00000e56,
    0x00000000,0x00030047,0x00000e5a,0x00000000,0x00030047,0x00000ef6,0x00000000,0x00030047,
    0x00000efa,0x00000000,0x00030047,0x00000efb,0x00000000,0x00030047,0x00000f0e,0x00000000,
    0x00030047,0x00000f0f,0x00000000,0x00030047,0x00000f13,0x00000000,0x00030047,0x00000f15,
    0x00000000,0x00030047,0x00000f16,0x00000000,0x00030047,0x00000f1f,0x00000000,0x00030047,
    0x00000f26,0x00000000,0x00030047,0x00000f2e,0x00000000,0x00030047,0x00000f2f,0x00000000,
    0x00030047,0x00000f33,0x00000000,0x00030047,0x00000f35,0x00000000,0x00030047,0x00000f36,
    0x00000000,0x00030047,0x00000f3e,0x00000000,0x00030047,0x00000f3f,0x00000000,0x00030047,
    0x00000f43,0x00000000,0x00030047,0x00000f45,0x00000000,0x00030047,0x00000f46,0x00000000,
    0x00030047,0x00000f5c,0x00000000,0x00030047,0x00000f5d,0x00000000,0x00030047,0x00000f5f,
    0x00000000,0x00030047,0x00000f65,0x00000000,0x00030047,0x00000f69,0x00000000,0x00030047,
    0x00000f6a,0x00000000,0x00030047,0x00000f6d,0x00000000,0x00030047,0x00000f6f,0x00000000,
    0x00030047,0x00000f70,0x00000000,0x00030047,0x00000f71,0x00000000,0x00030047,0x00000f74,
    0x00000000,0x00030047,0x00000f76,0x00000000,0x00030047,0x00000f77,0x00000000,0x00030047,
    0x00000f7f,0x00000000,0x00030047,0x00000f91,0x00000000,0x00030047,0x00000fb3,0x00000000,
    0x00030047,0x00000fb4,0x00000000,0x00030047,0x00000fb8,0x00000000,0x00030047,0x00000fba,
    0x00000000,0x00030047,0x00000fbb,0x00000000,0x00030047,0x00000fc4,0x00000000,0x00030047,
    0x00000fcb,0x00000000,0x00030047,0x00000ffa,0x00000000,0x00030047,0x00000ffe,0x00000000,
    0x00030047,0x00000fff,0x00000000,0x00030047,0x00001012,0x00000000,0x00030047,0x00001013,
    0x00000000,0x00030047,0x00001017,0x00000000,0x00030047,0x00001019,0x00000000,0x00030047,
    0x0000101a,0x00000000,0x00030047,0x00001023,0x00000000,0x00030047,0x0000102a,0x00000000,
    0x00030047,0x00001032,0x00000000,0x00030047,0x00001033,0x00000000,0x00030047,0x00001037,
    0x00000000,0x00030047,0x00001039,0x00000000,0x00030047,0x0000103a,0x00000000,0x00030047,
    0x00001042,0x00000000,0x00030047,0x00001043,0x00000000,0x00030047,0x00001047,0x00000000,
    0x00030047,0x00001049,0x00000000,0x00030047,0x0000104a,0x00000000,0x00030047,0x00001060,
    0x00000000,0x00030047,0x00001061,0x00000000,0x00030047,0x00001063,0x00000000,0x00030047,
    0x00001069,0x00000000,0x00030047,0x0000106d,0x00000000,0x00030047,0x0000106e,0x00000000,
    0x00030047,0x00001071,0x00000000,0x00030047,0x00001073,0x00000000,0x00030047,0x00001074,
    0x00000000,0x00030047,0x00001075,0x00000000,0x00030047,0x00001078,0x00000000,0x00030047,
    0x0000107a,0x00000000,0x00030047,0x0000107b,0x00000000,0x00030047,0x00001083,0x00000000,
    0x00030047,0x00001095,0x00000000,0x00030047,0x000010b7,0x00000000,0x00030047,0x000010b8,
    0x00000000,0x00030047,0x000010bc,0x00000000,0x00030047,0x000010be,0x00000000,0x00030047,
    0x000010bf,0x00000000,0x00030047,0x000010c8,0x00000000,0x00030047,0x000010cf,0x00000000,
    0x00030047,0x00001104,0x00000000,0x00030047,0x00001105,0x00000000,0x00030047,0x00001107,
    0x00000000,0x00030047,0x0000110d,0x00000000,0x00030047,0x00001111,0x00000000,0x00030047,
    0x00001112,0x00000000,0x00030047,0x00001115,0x00000000,0x00030047,0x00001117,0x00000000,
    0x00030047,0x00001118,0x00000000,0x00030047,0x00001119,0x00000000,0x00030047,0x0000111c,
    0x00000000,0x00030047,0x0000111e,0x00000000,0x00030047,0x0000111f,0x00000000,0x00030047,
    0x00001127,0x00000000,0x00030047,0x00001139,0x00000000,0x00030047,0x0000115b,0x00000000,
    0x00030047,0x0000115c,0x00000000,0x00030047,0x00001160,0x00000000,0x00030047,0x00001162,
    0x00000000,0x00030047,0x00001163,0x00000000,0x00030047,0x0000116c,0x00000000,0x00030047,
    0x00001173,0x00000000,0x00030047,0x000011a8,0x00000000,0x00030047,0x000011a9,0x00000000,
    0x00030047,0x000011ab,0x00000000,0x00030047,0x000011b1,0x00000000,0x00030047,0x000011b5,
    0x00000000,0x00030047,0x000011b6,0x00000000,0x00030047,0x000011b9,0x00000000,0x00030047,
    0x000011bb,0x00000000,0x00030047,0x000011bc,0x00000000,0x00030047,0x000011bd,0x00000000,
    0x00030047,0x000011c0,0x00000000,0x00030047,0x000011c2,0x00000000,0x00030047,0x000011c3,
    0x00000000,0x00030047,0x000011cb,0x00000000,0x00030047,0x000011dd,0x00000000,0x00030047,
    0x000011ff,0x00000000,0x00030047,0x00001200,0x00000000,0x00030047,0x00001204,0x00000000,
    0x00030047,0x00001206,0x00000000,0x00030047,0x00001207,0x00000000,0x00030047,0x00001210,
    0x00000000,0x00030047,0x00001217,0x00000000,0x00030047,0x0000123c,0x00000000,0x00030047,
    0x0000123d,0x00000000,0x00030047,0x0000124f,0x00000000,0x00030047,0x00001250,0x00000000,
    0x00030047,0x00001253,0x00000000,0x00030047,0x00001255,0x00000000,0x00030047,0x0000125e,
    0x00000000,0x00030047,0x00001261,0x00000000,0x00030047,0x00001264,0x00000000,0x00030047,
    0x0000126a,0x00000000,0x00030047,0x00001279,0x00000000,0x00030047,0x000012c0,0x00000000,
    0x00030047,0x000012c2,0x00000000,0x00030047,0x000012c4,0x00000000,0x00030047,0x000012f1,
    0x00000000,0x00030047,0x000012f3,0x00000000,0x00030047,0x000012f5,0x00000000,0x00030047,
    0x000013dd,0x00000000,0x00030047,0x000013df,0x00000000,0x00030047,0x000013e1,0x00000000,
    0x00030047,0x000013e4,0x00000000,0x00030047,0x000013e6,0x00000000,0x00030047,0x000013e8,
    0x00000000,0x00030047,0x000013ef,0x00000000,0x00030047,0x000013f1,0x00000000,0x00030047,
    0x000013f3,0x00000000,0x00030047,0x00001406,0x00000000,0x00030047,0x00001408,0x00000000,
    0x00030047,0x0000140a,0x00000000,0x00030047,0x00001437,0x00000000,0x00030047,0x00001439,
    0x00000000,0x00030047,0x0000143b,0x00000000,0x00030047,0x00001524,0x00000000,0x00030047,
    0x00001526,0x00000000,0x00030047,0x00001528,0x00000000,0x00030047,0x0000152e,0x00000000,
    0x00030047,0x00001530,0x00000000,0x00030047,0x00001532,0x00000000,0x00030047,0x0000153a,
    0x00000000,0x00030047,0x00001539,0x00000000,0x00030047,0x0000153b,0x00000000,0x00030047,
    0x0000153e,0x00000000,0x00030047,0x0000153d,0x00000000,0x00030047,0x00001540,0x00000000,
    0x00030047,0x00001e61,0x00000000,0x00030047,0x00001557,0x00000000,0x00030047,0x00001555,
    0x00000000,0x00030047,0x0000155c,0x00000000,0x00030047,0x00001722,0x00000000,0x00030047,
    0x000017b6,0x00000000,0x00030047,0x000017c3,0x00000000,0x00030047,0x000017e7,0x00000000,
    0x00030047,0x000017f9,0x00000000,0x00030047,0x0000181b,0x00000000,0x00030047,0x00001825,
    0x00000000,0x00030047,0x00001826,0x00000000,0x00030047,0x00001c8b,0x00000000,0x00030047,
    0x00001de0,0x00000000,0x00030047,0x00001dee,0x00000000,0x00030047,0x00001dfb,0x00000000,
    0x00030047,0x00001dfd,0x00000000,0x00020013,0x00000002,0x00030021,0x00000003,0x00000002,
    0x00030016,0x00000006,0x00000020,0x00040020,0x00000007,0x00000007,0x00000006,0x00040017,
    0x0000000c,0x00000006,0x00000004,0x00040017,0x00000012,0x00000006,0x00000002,0x00040015,
    0x00000018,0x00000020,0x00000000,0x00040017,0x0000002a,0x00000006,0x00000003,0x00040018,
    0x00000039,0x00000012,0x00000002,0x00040020,0x00000046,0x00000007,0x0000002a,0x00040017,
    0x0000007c,0x00000018,0x00000002,0x00040015,0x00000094,0x00000020,0x00000001,0x0004002b,
    0x00000018,0x000000c1,0x00000000,0x0004002b,0x00000018,0x000000c4,0x00000001,0x0004002b,
    0x00000018,0x000000d7,0x00000002,0x0004002b,0x00000018,0x000000ee,0x00000003,0x0004002b,
    0x00000006,0x000000f7,0x3f800000,0x0004002b,0x00000006,0x000000f8,0x00000000,0x00020014,
    0x00000106,0x0004002b,0x00000006,0x00000143,0x3d897143,0x0004002b,0x00000006,0x00000147,
    0x3bbf4590,0x0004002b,0x00000006,0x0000014e,0x4253ee82,0x00030030,0x00000106,0x00000159,
    0x0004002b,0x00000006,0x00000170,0x3e99999a,0x0004002b,0x00000006,0x00000171,0x3f170a3d,
    0x0004002b,0x00000006,0x00000172,0x3de147ae,0x0004002b,0x00000006,0x0000018c,0x388205ff,
    0x0004002b,0x00000006,0x000001f2,0x40000000,0x0004002b,0x00000006,0x000001f9,0x3f000000,
    0x00040017,0x000001ff,0x00000106,0x00000003,0x0004002b,0x00000094,0x0000027c,0x00000000,
    0x0004002b,0x00000094,0x00000283,0x00000003,0x0004002b,0x00000006,0x00000295,0x3e800000,
    0x0004002b,0x00000006,0x0000029a,0x41800000,0x0004002b,0x00000006,0x0000029f,0x41400000,
    0x0004002b,0x00000006,0x000002a5,0x40400000,0x0004002b,0x00000094,0x000002b1,0x00000001,
    0x00030030,0x00000106,0x000002cc,0x0004002b,0x00000018,0x00000321,0x00000005,0x0004002b,
    0x00000018,0x00000329,0x0000000a,0x0004002b,0x00000018,0x0000032e,0x0000001c,0x0004002b,
    0x00000094,0x00000334,0x00000002,0x0004002b,0x00000006,0x00000360,0x3f7f8000,0x0004002b,
    0x00000006,0x00000363,0x3a800000,0x0004002b,0x00000006,0x00000366,0x3b000000,0x0004002b,
    0x00000006,0x00000376,0x3a000000,0x0004002b,0x00000006,0x00000378,0xc2000000,0x0004002b,
    0x00000094,0x00000383,0x00000010,0x0003001d,0x0000038f,0x0000007c,0x0003001e,0x00000390,
    0x0000038f,0x00040020,0x00000391,0x00000002,0x00000390,0x0004003b,0x00000391,0x00000392,
    0x00000002,0x00040020,0x00000394,0x00000002,0x0000007c,0x0004002b,0x00000018,0x0000039b,
    0x00000300,0x00030030,0x00000106,0x000003a2,0x0004002b,0x00000018,0x000003a7,0x00000200,
    0x0004002b,0x00000006,0x000003b1,0xbf800000,0x00030030,0x00000106,0x000003bb,0x0004002b,
    0x00000018,0x000003c1,0x00000010,0x0003001d,0x000003c7,0x00000018,0x0003001e,0x000003c8,
    0x000003c7,0x00040020,0x000003c9,0x00000002,0x000003c8,0x0004003b,0x000003c9,0x000003ca,
    0x00000002,0x00040020,0x000003cf,0x00000002,0x00000018,0x00030030,0x00000106,0x000003d6,
    0x0004002b,0x00000018,0x000003db,0x00000400,0x0003001d,0x000003e3,0x0000000c,0x0003001e,
    0x000003e4,0x000003e3,0x00040020,0x000003e5,0x00000002,0x000003e4,0x0004003b,0x000003e5,
    0x000003e6,0x00000002,0x0004002b,0x00000018,0x000003e8,0x00000008,0x00040020,0x000003ec,
    0x00000002,0x0000000c,0x00040020,0x000003f8,0x00000001,0x0000000c,0x0004003b,0x000003f8,
    0x000003f9,0x00000001,0x0004002b,0x00000018,0x00000419,0x0000000f,0x0004002b,0x00000094,
    0x0000041e,0x00000004,0x00030030,0x00000106,0x00000425,0x00040017,0x00000472,0x00000094,
    0x00000004,0x001a001e,0x00000473,0x00000006,0x00000006,0x00000006,0x00000006,0x00000018,
    0x00000018,0x00000018,0x00000018,0x00000472,0x00000012,0x00000012,0x00000018,0x00000006,
    0x00000018,0x00000006,0x00000006,0x00000018,0x00000006,0x00000006,0x00000006,0x00000018,
    0x00000018,0x00000006,0x00000006,0x00040020,0x00000474,0x00000002,0x00000473,0x0004003b,
    0x00000474,0x00000475,0x00000002,0x0004002b,0x00000094,0x00000476,0x00000016,0x00040020,
    0x00000477,0x00000002,0x00000006,0x0004002b,0x00000094,0x0000047b,0x00000017,0x00090019,
    0x0000047f,0x00000006,0x00000001,0x00000000,0x00000000,0x00000000,0x00000001,0x00000000,
    0x00040020,0x00000480,0x00000000,0x0000047f,0x0004003b,0x00000480,0x00000481,0x00000000,
    0x0002001a,0x00000483,0x00040020,0x00000484,0x00000000,0x00000483,0x0004003b,0x00000484,
    0x00000485,0x00000000,0x0003001b,0x00000487,0x0000047f,0x0004002b,0x00000006,0x0000049f,
    0x3f808081,0x0003001d,0x000004b3,0x00000018,0x0003001e,0x000004b4,0x000004b3,0x00040020,
    0x000004b5,0x00000002,0x000004b4,0x0004003b,0x000004b5,0x000004b6,0x00000002,0x00040017,
    0x00000501,0x00000094,0x00000002,0x0004002b,0x00000018,0x0000050d,0x0000001f,0x0004002b,
    0x00000018,0x0000050f,0xffffffe0,0x0004003b,0x00000480,0x00000516,0x00000000,0x0004003b,
    0x00000484,0x00000518,0x00000000,0x00040020,0x0000051b,0x00000001,0x00000012,0x0004003b,
    0x0000051b,0x0000051c,0x00000001,0x00040020,0x00000520,0x00000001,0x00000006,0x0004003b,
    0x00000520,0x00000521,0x00000001,0x0004003b,0x000003f8,0x00000528,0x00000001,0x0003001d,
    0x00000534,0x00000018,0x0003001e,0x00000535,0x00000534,0x00040020,0x00000536,0x00000002,
    0x00000535,0x0004003b,0x00000536,0x00000537,0x00000002,0x0004002b,0x00000018,0x0000053d,
    0x00000011,0x0004002b,0x00000018,0x00000546,0x0001ffff,0x00040020,0x0000055a,0x00000001,
    0x00000018,0x0004003b,0x0000055a,0x0000055b,0x00000001,0x0004003b,0x000003f8,0x00000575,
    0x00000001,0x0004003b,0x000003f8,0x00000593,0x00000001,0x0004003b,0x0000055a,0x00000599,
    0x00000001,0x0004002b,0x00000094,0x000005c6,0x00000011,0x0004002b,0x00000094,0x000005c7,
    0x00000012,0x0004002b,0x00000018,0x000005e9,0x00010000,0x0004003b,0x00000484,0x000005f4,
    0x00000000,0x0004003b,0x00000480,0x000005f5,0x00000000,0x0006002c,0x0000002a,0x00001e14,
    0x000001f9,0x000001f9,0x000001f9,0x0006002c,0x0000002a,0x00001e15,0x000000f7,0x000000f7,
    0x000000f7,0x0007002c,0x0000000c,0x00001e5a,0x000000f8,0x000000f8,0x000000f8,0x000000f8,
    0x0006002c,0x0000002a,0x00001e5b,0x000000f8,0x000000f8,0x000000f8,0x0006002c,0x0000002a,
    0x00001e5c,0x00000170,0x00000171,0x00000172,0x0005002c,0x00000012,0x00001e5d,0x0000018c,
    0x0000018c,0x00030001,0x0000000c,0x00001e5e,0x00040017,0x00001e5f,0x00000106,0x00000004,
    0x00050036,0x00000002,0x00000004,0x00000000,0x00000003,0x000200f8,0x00000005,0x0004003b,
    0x00000046,0x00000d25,0x00000007,0x0004003b,0x00000046,0x00000d27,0x00000007,0x0004003b,
    0x00000046,0x00000d15,0x00000007,0x0004003b,0x00000046,0x000007c4,0x00000007,0x0004003b,
    0x00000046,0x000007c6,0x00000007,0x0004003b,0x00000046,0x000007b4,0x00000007,0x0004003d,
    0x0000000c,0x00000504,0x000003f9,0x0007004f,0x00000012,0x00000505,0x00000504,0x00000504,
    0x00000000,0x00000001,0x0006000c,0x00000012,0x00000506,0x00000001,0x00000008,0x00000505,
    0x0004006e,0x00000501,0x00000507,0x00000506,0x0004007c,0x0000007c,0x0000050a,0x00000507,
    0x00050041,0x000003cf,0x0000050b,0x00000475,0x0000041e,0x0004003d,0x00000018,0x0000050c,
    0x0000050b,0x00050080,0x00000018,0x0000050e,0x0000050c,0x0000050d,0x000500c7,0x00000018,
    0x00000510,0x0000050e,0x0000050f,0x00050051,0x00000018,0x000005ff,0x0000050a,0x00000001,
    0x000500c2,0x00000018,0x00000600,0x000005ff,0x00000321,0x000500c4,0x00000018,0x00000602,
    0x00000510,0x00000321,0x00050084,0x00000018,0x00000603,0x00000600,0x00000602,0x00050051,
    0x00000018,0x00000605,0x0000050a,0x00000000,0x000500c2,0x00000018,0x00000606,0x00000605,
    0x00000321,0x000500c4,0x00000018,0x00000607,0x00000606,0x00000329,0x00050080,0x00000018,
    0x00000608,0x00000603,0x00000607,0x000500c7,0x00000018,0x0000060b,0x00000605,0x0000032e,
    0x000500c4,0x00000018,0x0000060c,0x0000060b,0x00000321,0x000500c7,0x00000018,0x0000060f,
    0x000005ff,0x0000032e,0x000500c4,0x00000018,0x00000610,0x0000060f,0x00000334,0x00050080,
    0x00000018,0x00000611,0x0000060c,0x00000610,0x00050080,0x00000018,0x00000613,0x00000608,
    0x00000611,0x000500c7,0x00000018,0x00000616,0x000005ff,0x000000ee,0x000500c4,0x00000018,
    0x00000617,0x00000616,0x00000334,0x000500c7,0x00000018,0x0000061a,0x00000605,0x000000ee,
    0x00050080,0x00000018,0x0000061b,0x00000617,0x0000061a,0x00050080,0x00000018,0x0000061d,
    0x00000613,0x0000061b,0x0004007c,0x00000094,0x00000514,0x0000061d,0x0004003d,0x0000047f,
    0x00000517,0x00000516,0x0004003d,0x00000483,0x00000519,0x00000518,0x00050056,0x00000487,
    0x0000051a,0x00000517,0x00000519,0x0004003d,0x00000012,0x0000051d,0x0000051c,0x00050057,
    0x0000000c,0x0000051e,0x0000051a,0x0000051d,0x0004003d,0x00000006,0x00000522,0x00000521,
    0x0007000c,0x00000006,0x00000524,0x00000001,0x00000025,0x00000522,0x000000f7,0x000300f7,
    0x00000526,0x00000000,0x000400fa,0x000003d6,0x00000525,0x00000526,0x000200f8,0x00000525,
    0x0004003d,0x0000000c,0x0000052a,0x00000528,0x0007004f,0x00000012,0x00000629,0x0000052a,
    0x0000052a,0x00000000,0x00000001,0x0007004f,0x00000012,0x0000062b,0x0000052a,0x0000052a,
    0x00000002,0x00000003,0x0007000c,0x00000012,0x0000062c,0x00000001,0x00000025,0x00000629,
    0x0000062b,0x00050051,0x00000006,0x0000062e,0x0000062c,0x00000000,0x00050051,0x00000006,
    0x00000630,0x0000062c,0x00000001,0x0007000c,0x00000006,0x00000631,0x00000001,0x00000025,
    0x0000062e,0x00000630,0x0008000c,0x00000006,0x00000532,0x00000001,0x0000002b,0x00000631,
    0x000000f8,0x00000524,0x000200f9,0x00000526,0x000200f8,0x00000526,0x000700f5,0x00000006,
    0x000017e7,0x00000524,0x00000005,0x00000532,0x00000525,0x00060041,0x000003cf,0x00000539,
    0x00000537,0x0000027c,0x00000514,0x0004003d,0x00000018,0x0000053a,0x00000539,0x000500c2,
    0x00000018,0x0000053e,0x0000053a,0x0000053d,0x000500c7,0x00000018,0x00000547,0x0000053a,
    0x00000546,0x00040070,0x00000006,0x00000642,0x00000547,0x00050085,0x00000006,0x00000643,
    0x00000642,0x00000376,0x00050081,0x00000006,0x00000644,0x00000643,0x00000378,0x00060041,
    0x00000394,0x00000672,0x00000392,0x0000027c,0x0000053e,0x0004003d,0x0000007c,0x00000673,
    0x00000672,0x00050051,0x00000018,0x00000676,0x00000673,0x00000000,0x000500c7,0x00000018,
    0x00000677,0x00000676,0x0000039b,0x000500ab,0x00000106,0x00000678,0x00000677,0x000000c1,
    0x000300f7,0x0000068c,0x00000000,0x000400fa,0x00000678,0x00000679,0x0000068c,0x000200f8,
    0x00000679,0x0006000c,0x00000006,0x0000067b,0x00000001,0x00000004,0x00000644,0x000300f7,
    0x00000681,0x00000000,0x000400fa,0x000003a2,0x0000067c,0x00000681,0x000200f8,0x0000067c,
    0x000500c7,0x00000018,0x0000067f,0x00000676,0x000003a7,0x000500ab,0x00000106,0x00000680,
    0x0000067f,0x000000c1,0x000200f9,0x00000681,0x000200f8,0x00000681,0x000700f5,0x00000106,
    0x00000682,0x000003a2,0x00000679,0x00000680,0x0000067c,0x000300f7,0x0000068b,0x00000000,
    0x000400fa,0x00000682,0x00000683,0x0000068b,0x000200f8,0x00000683,0x00050085,0x00000006,
    0x00000685,0x0000067b,0x000001f9,0x0006000c,0x00000006,0x00000686,0x00000001,0x0000000a,
    0x00000685,0x00050085,0x00000006,0x00000687,0x00000686,0x000001f2,0x00050081,0x00000006,
    0x00000688,0x00000687,0x000003b1,0x0006000c,0x00000006,0x00000689,0x00000001,0x00000004,
    0x00000688,0x00050083,0x00000006,0x0000068a,0x000000f7,0x00000689,0x000200f9,0x0000068b,
    0x000200f8,0x0000068b,0x000700f5,0x00000006,0x0000153a,0x0000067b,0x00000681,0x0000068a,
    0x00000683,0x000200f9,0x0000068c,0x000200f8,0x0000068c,0x000700f5,0x00000006,0x00001539,
    0x00000644,0x00000526,0x0000153a,0x0000068b,0x0008000c,0x00000006,0x00000690,0x00000001,
    0x0000002b,0x00001539,0x000000f8,0x000000f7,0x000300f7,0x000006a0,0x00000000,0x000400fa,
    0x000003bb,0x00000691,0x000006a0,0x000200f8,0x00000691,0x000500c2,0x00000018,0x00000694,
    0x00000676,0x000003c1,0x000500ab,0x00000106,0x00000696,0x00000694,0x000000c1,0x000300f7,
    0x0000069f,0x00000000,0x000400fa,0x00000696,0x00000697,0x0000069f,0x000200f8,0x00000697,
    0x00060041,0x000003cf,0x0000069a,0x000003ca,0x0000027c,0x00000514,0x0004003d,0x00000018,
    0x0000069b,0x0000069a,0x000500c2,0x00000018,0x0000076c,0x0000069b,0x00000383,0x000500aa,
    0x00000106,0x0000076d,0x00000694,0x0000076c,0x000300f7,0x00000775,0x00000000,0x000400fa,
    0x0000076d,0x0000076e,0x00000774,0x000200f8,0x0000076e,0x0006000c,0x00000012,0x00000771,
    0x00000001,0x0000003e,0x0000069b,0x00050051,0x00000006,0x00000772,0x00000771,0x00000000,
    0x0007000c,0x00000006,0x00000773,0x00000001,0x00000025,0x00000690,0x00000772,0x000200f9,
    0x00000775,0x000200f8,0x00000774,0x000200f9,0x00000775,0x000200f8,0x00000775,0x000700f5,
    0x00000006,0x0000153b,0x00000773,0x0000076e,0x000000f8,0x00000774,0x000200f9,0x0000069f,
    0x000200f8,0x0000069f,0x000700f5,0x00000006,0x0000153e,0x00000690,0x00000691,0x0000153b,
    0x00000775,0x000200f9,0x000006a0,0x000200f8,0x000006a0,0x000700f5,0x00000006,0x0000153d,
    0x00000690,0x0000068c,0x0000153e,0x0000069f,0x000300f7,0x000006a6,0x00000000,0x000400fa,
    0x000003d6,0x000006a1,0x000006a6,0x000200f8,0x000006a1,0x000500c7,0x00000018,0x000006a4,
    0x00000676,0x000003db,0x000500ab,0x00000106,0x000006a5,0x000006a4,0x000000c1,0x000200f9,
    0x000006a6,0x000200f8,0x000006a6,0x000700f5,0x00000106,0x000006a7,0x000003d6,0x000006a0,
    0x000006a5,0x000006a1,0x000300f7,0x000006ce,0x00000000,0x000400fa,0x000006a7,0x000006a8,
    0x000006ce,0x000200f8,0x000006a8,0x00050084,0x00000018,0x000006aa,0x0000053e,0x000003e8,
    0x00050080,0x00000018,0x000006ab,0x000006aa,0x000000d7,0x00060041,0x000003ec,0x000006ac,
    0x000003e6,0x0000027c,0x000006ab,0x0004003d,0x0000000c,0x000006ad,0x000006ac,0x00050051,
    0x00000006,0x0000077c,0x000006ad,0x00000000,0x00050051,0x00000006,0x0000077d,0x000006ad,
    0x00000001,0x00050051,0x00000006,0x0000077e,0x000006ad,0x00000002,0x00050051,0x00000006,
    0x0000077f,0x000006ad,0x00000003,0x00050050,0x00000012,0x00000780,0x0000077c,0x0000077d,
    0x00050050,0x00000012,0x00000781,0x0000077e,0x0000077f,0x00050050,0x00000039,0x00000782,
    0x00000780,0x00000781,0x00050080,0x00000018,0x000006b1,0x000006aa,0x000000ee,0x00060041,
    0x000003ec,0x000006b2,0x000003e6,0x0000027c,0x000006b1,0x0004003d,0x0000000c,0x000006b3,
    0x000006b2,0x00050091,0x00000012,0x000006b7,0x00000782,0x00000505,0x0007004f,0x00000012,
    0x000006b9,0x000006b3,0x000006b3,0x00000000,0x00000001,0x00050081,0x00000012,0x000006ba,
    0x000006b7,0x000006b9,0x0006000c,0x00000012,0x000006bc,0x00000001,0x00000004,0x000006ba,
    0x0007004f,0x00000012,0x000006be,0x000006b3,0x000006b3,0x00000002,0x00000003,0x00050085,
    0x00000012,0x000006bf,0x000006bc,0x000006be,0x00050083,0x00000012,0x000006c2,0x000006bf,
    0x000006be,0x00050051,0x00000006,0x000006c5,0x000006c2,0x00000000,0x00050051,0x00000006,
    0x000006c7,0x000006c2,0x00000001,0x0007000c,0x00000006,0x000006c8,0x00000001,0x00000025,
    0x000006c5,0x000006c7,0x00050081,0x00000006,0x000006c9,0x000006c8,0x000001f9,0x0008000c,
    0x00000006,0x000006ca,0x00000001,0x0000002b,0x000006c9,0x000000f8,0x000000f7,0x0007000c,
    0x00000006,0x000006cd,0x00000001,0x00000025,0x0000153d,0x000006ca,0x000200f9,0x000006ce,
    0x000200f8,0x000006ce,0x000700f5,0x00000006,0x00001540,0x0000153d,0x000006a6,0x000006cd,
    0x000006a8,0x000500c7,0x00000018,0x000006d1,0x00000676,0x00000419,0x000500c2,0x00000018,
    0x000006d4,0x00000676,0x0000041e,0x000500c7,0x00000018,0x000006d5,0x000006d4,0x00000419,
    0x000500ab,0x00000106,0x000006d8,0x000006d5,0x000000c1,0x000500a7,0x00000106,0x000006d9,
    0x00000425,0x000006d8,0x000500b2,0x00000106,0x000006db,0x000006d1,0x000000c4,0x000300f7,
    0x0000073b,0x00000000,0x000400fa,0x000006db,0x000006dc,0x000006ec,0x000200f8,0x000006dc,
    0x00050051,0x00000018,0x000006de,0x00000673,0x00000001,0x0006000c,0x0000000c,0x000006df,
    0x00000001,0x00000040,0x000006de,0x000500aa,0x00000106,0x000006e1,0x000006d1,0x000000c1,
    0x000500a7,0x00000106,0x000006e2,0x000003bb,0x000006e1,0x000300f7,0x000006eb,0x00000000,
    0x000400fa,0x000006e2,0x000006e3,0x000006eb,0x000200f8,0x000006e3,0x00050050,0x00000012,
    0x00001e18,0x00001540,0x000000f8,0x0006000c,0x00000018,0x000006e8,0x00000001,0x0000003a,
    0x00001e18,0x000500c5,0x00000018,0x000006e9,0x000006de,0x000006e8,0x000200f9,0x000006eb,
    0x000200f8,0x000006eb,0x000700f5,0x00000018,0x000017c6,0x000000c1,0x000006dc,0x000006e9,
    0x000006e3,0x00070050,0x00001e5f,0x00001e60,0x000006e2,0x000006e2,0x000006e2,0x000006e2,
    0x000600a9,0x0000000c,0x00001e61,0x00001e60,0x00001e5a,0x000006df,0x000200f9,0x0000073b,
    0x000200f8,0x000006ec,0x00050084,0x00000018,0x000006ee,0x0000053e,0x000003e8,0x00060041,
    0x000003ec,0x000006ef,0x000003e6,0x0000027c,0x000006ee,0x0004003d,0x0000000c,0x000006f0,
    0x000006ef,0x00050051,0x00000006,0x000007a7,0x000006f0,0x00000000,0x00050051,0x00000006,
    0x000007a8,0x000006f0,0x00000001,0x00050051,0x00000006,0x000007a9,0x000006f0,0x00000002,
    0x00050051,0x00000006,0x000007aa,0x000006f0,0x00000003,0x00050050,0x00000012,0x000007ab,
    0x000007a7,0x000007a8,0x00050050,0x00000012,0x000007ac,0x000007a9,0x000007aa,0x00050050,
    0x00000039,0x000007ad,0x000007ab,0x000007ac,0x00050080,0x00000018,0x000006f4,0x000006ee,
    0x000000c4,0x00060041,0x000003ec,0x000006f5,0x000003e6,0x0000027c,0x000006f4,0x0004003d,
    0x0000000c,0x000006f6,0x000006f5,0x00050091,0x00000012,0x000006fa,0x000007ad,0x00000505,
    0x0007004f,0x00000012,0x000006fc,0x000006f6,0x000006f6,0x00000000,0x00000001,0x00050081,
    0x00000012,0x000006fd,0x000006fa,0x000006fc,0x000500aa,0x00000106,0x000006ff,0x000006d1,
    0x000000d7,0x000300f7,0x00000706,0x00000000,0x000400fa,0x000006ff,0x00000700,0x00000703,
    0x000200f8,0x00000700,0x00050051,0x00000006,0x00000702,0x000006fd,0x00000000,0x000200f9,
    0x00000706,0x000200f8,0x00000703,0x0006000c,0x00000006,0x00000705,0x00000001,0x00000042,
    0x000006fd,0x000200f9,0x00000706,0x000200f8,0x00000706,0x000700f5,0x00000006,0x0000153f,
    0x00000702,0x00000700,0x00000705,0x00000703,0x0008000c,0x00000006,0x00000709,0x00000001,
    0x0000002b,0x0000153f,0x000000f8,0x000000f7,0x00050051,0x00000006,0x0000070c,0x000006f6,
    0x00000002,0x00050085,0x00000006,0x0000070d,0x00000709,0x0000070c,0x00050051,0x00000006,
    0x0000070f,0x000006f6,0x00000003,0x00050081,0x00000006,0x00000710,0x0000070d,0x0000070f,
    0x00050051,0x00000018,0x00000712,0x00000673,0x00000001,0x0004007c,0x00000006,0x00000713,
    0x00000712,0x0006000c,0x00000006,0x00000715,0x00000001,0x00000008,0x00000713,0x00050041,
    0x00000477,0x00000716,0x00000475,0x00000476,0x0004003d,0x00000006,0x00000717,0x00000716,
    0x00050085,0x00000006,0x00000718,0x00000715,0x00000717,0x00050041,0x00000477,0x00000719,
    0x00000475,0x0000047b,0x0004003d,0x00000006,0x0000071a,0x00000719,0x00050081,0x00000006,
    0x0000071b,0x00000718,0x0000071a,0x0004003d,0x0000047f,0x0000071c,0x00000481,0x0004003d,
    0x00000483,0x0000071d,0x00000485,0x00050056,0x00000487,0x0000071e,0x0000071c,0x0000071d,
    0x00050050,0x00000012,0x00000721,0x00000710,0x0000071b,0x00070058,0x0000000c,0x00000722,
    0x0000071e,0x00000721,0x00000002,0x000000f8,0x000400a8,0x00000106,0x00000724,0x000006d9,
    0x000300f7,0x0000073a,0x00000000,0x000400fa,0x00000724,0x00000725,0x0000073a,0x000200f8,
    0x00000725,0x00050051,0x00000006,0x00000727,0x00000722,0x00000003,0x0008004f,0x0000002a,
    0x00000729,0x00000722,0x00000722,0x00000000,0x00000001,0x00000002,0x0005008e,0x0000002a,
    0x0000072a,0x00000729,0x00000727,0x00050051,0x00000006,0x0000072c,0x0000072a,0x00000000,
    0x00050051,0x00000006,0x0000072e,0x0000072a,0x00000001,0x00050051,0x00000006,0x00000730,
    0x0000072a,0x00000002,0x0006000c,0x00000006,0x00000732,0x00000001,0x0000000a,0x00000713,
    0x00050085,0x00000006,0x00000733,0x00000732,0x0000049f,0x00050085,0x00000006,0x00000738,
    0x00000727,0x00000733,0x00070050,0x0000000c,0x00001e17,0x0000072c,0x0000072e,0x00000730,
    0x00000738,0x000200f9,0x0000073a,0x000200f8,0x0000073a,0x000700f5,0x0000000c,0x00001557,
    0x00000722,0x00000706,0x00001e17,0x00000725,0x000200f9,0x0000073b,0x000200f8,0x0000073b,
    0x000700f5,0x00000018,0x000017c5,0x000017c6,0x000006eb,0x000000c1,0x0000073a,0x000700f5,
    0x0000000c,0x00001555,0x00001e61,0x000006eb,0x00001557,0x0000073a,0x000300f7,0x0000075f,
    0x00000000,0x000400fa,0x000006d9,0x0000073d,0x0000075f,0x000200f8,0x0000073d,0x00050051,
    0x00000006,0x0000073f,0x00001555,0x00000003,0x00050085,0x00000006,0x00000741,0x0000073f,
    0x00001540,0x000500b7,0x00000106,0x00000742,0x00000741,0x000000f8,0x000300f7,0x00000753,
    0x00000000,0x000400fa,0x00000742,0x00000743,0x00000753,0x000200f8,0x00000743,0x00060041,
    0x000003cf,0x00000745,0x000004b6,0x0000027c,0x00000514,0x0004003d,0x00000018,0x00000746,
    0x00000745,0x0006000c,0x0000000c,0x00000747,0x00000001,0x00000040,0x00000746,0x0008004f,
    0x0000002a,0x00000749,0x00001555,0x00001555,0x00000000,0x00000001,0x00000002,0x0003003e,
    0x000007b4,0x00000749,0x0008004f,0x0000002a,0x000008ee,0x00000747,0x00000747,0x00000000,
    0x00000001,0x00000002,0x00050051,0x00000006,0x000008f0,0x00000747,0x00000003,0x000500b7,
    0x00000106,0x000008f1,0x000008f0,0x000000f8,0x000300f7,0x000008f7,0x00000000,0x000400fa,
    0x000008f1,0x000008f2,0x000008f6,0x000200f8,0x000008f2,0x00050088,0x00000006,0x000008f5,
    0x000000f7,0x000008f0,0x000200f9,0x000008f7,0x000200f8,0x000008f6,0x000200f9,0x000008f7,
    0x000200f8,0x000008f7,0x000700f5,0x00000006,0x0000155c,0x000008f5,0x000008f2,0x000000f8,
    0x000008f6,0x0005008e,0x0000002a,0x000008f9,0x000008ee,0x0000155c,0x0003003e,0x000007c4,
    0x000008f9,0x000300f7,0x000008e8,0x00000000,0x002100fb,0x000006d5,0x000008e8,0x0000000b,
    0x000007ef,0x00000001,0x000007f3,0x00000002,0x000007fb,0x00000003,0x0000080c,0x00000004,
    0x00000810,0x00000005,0x00000814,0x00000006,0x00000837,0x00000007,0x00000864,0x00000008,
    0x00000875,0x00000009,0x000008b0,0x0000000a,0x000008b5,0x0000000c,0x000008be,0x0000000d,
    0x000008c9,0x0000000e,0x000008d4,0x0000000f,0x000008de,0x000200f8,0x000007ef,0x0004003d,
    0x0000002a,0x000007f0,0x000007b4,0x00050085,0x0000002a,0x000007f2,0x000007f0,0x000008f9,
    0x0003003e,0x000007c6,0x000007f2,0x000200f9,0x000008e8,0x000200f8,0x000007f3,0x0004003d,
    0x0000002a,0x000007f4,0x000007b4,0x00050081,0x0000002a,0x000007f6,0x000007f4,0x000008f9,
    0x00050085,0x0000002a,0x000007f9,0x000007f4,0x000008f9,0x00050083,0x0000002a,0x000007fa,
    0x000007f6,0x000007f9,0x0003003e,0x000007c6,0x000007fa,0x000200f9,0x000008e8,0x000200f8,
    0x000007fb,0x0004003d,0x0000002a,0x000007fc,0x000007b4,0x00050085,0x0000002a,0x000007fe,
    0x000007fc,0x000008f9,0x00050081,0x0000002a,0x00000802,0x000007fc,0x000008f9,0x00050083,
    0x0000002a,0x00000804,0x00000802,0x000007fe,0x00050083,0x0000002a,0x00000806,0x00000804,
    0x00001e14,0x000500ba,0x000001ff,0x00000809,0x000008f9,0x00001e14,0x000600a9,0x0000002a,
    0x0000080a,0x00000809,0x00000806,0x000007fe,0x0005008e,0x0000002a,0x0000080b,0x0000080a,
    0x000001f2,0x0003003e,0x000007c6,0x0000080b,0x000200f9,0x000008e8,0x000200f8,0x0000080c,
    0x0004003d,0x0000002a,0x0000080d,0x000007b4,0x0007000c,0x0000002a,0x0000080f,0x00000001,
    0x00000025,0x0000080d,0x000008f9,0x0003003e,0x000007c6,0x0000080f,0x000200f9,0x000008e8,
    0x000200f8,0x00000810,0x0004003d,0x0000002a,0x00000811,0x000007b4,0x0007000c,0x0000002a,
    0x00000813,0x00000001,0x00000028,0x00000811,0x000008f9,0x0003003e,0x000007c6,0x00000813,
    0x000200f9,0x000008e8,0x000200f8,0x00000814,0x0008004f,0x0000002a,0x00000819,0x00000747,
    0x00000747,0x00000003,0x00000003,0x00000003,0x0008000c,0x0000002a,0x0000081a,0x00000001,
    0x0000002b,0x000008ee,0x00001e5b,0x00000819,0x00050051,0x00000006,0x0000081c,0x0000081a,
    0x00000000,0x00060052,0x0000000c,0x000012c0,0x0000081c,0x00001e5e,0x00000000,0x00050051,
    0x00000006,0x0000081e,0x0000081a,0x00000001,0x00060052,0x0000000c,0x000012c2,0x0000081e,
    0x000012c0,0x00000001,0x00050051,0x00000006,0x00000820,0x0000081a,0x00000002,0x00060052,
    0x0000000c,0x000012c4,0x00000820,0x000012c2,0x00000002,0x0004003d,0x0000002a,0x00000821,
    0x000007b4,0x00050083,0x0000002a,0x00000823,0x00001e15,0x00000821,0x0008000c,0x0000002a,
    0x00000826,0x00000001,0x0000002b,0x00000823,0x00001e5b,0x00001e15,0x0005008e,0x0000002a,
    0x00000829,0x00000826,0x000008f0,0x0008004f,0x0000002a,0x0000082c,0x000012c4,0x000012c4,
    0x00000000,0x00000001,0x00000002,0x00050088,0x0000002a,0x0000082e,0x0000082c,0x00000829,
    0x0007000c,0x0000002a,0x0000082f,0x00000001,0x00000025,0x00001e15,0x0000082e,0x0006000c,
    0x0000002a,0x00000832,0x00000001,0x00000006,0x0000082c,0x000500b4,0x000001ff,0x00000835,
    0x00000829,0x00001e5b,0x000600a9,0x0000002a,0x00000836,0x00000835,0x00000832,0x0000082f,
    0x0003003e,0x000007c6,0x00000836,0x000200f9,0x000008e8,0x000200f8,0x00000837,0x0004003d,
    0x0000002a,0x00000838,0x000007b4,0x0008000c,0x0000002a,0x0000083b,0x00000001,0x0000002b,
    0x00000838,0x00001e5b,0x00001e15,0x0003003e,0x000007b4,0x0000083b,0x0008004f,0x0000002a,
    0x00000840,0x00000747,0x00000747,0x00000003,0x00000003,0x00000003,0x0008000c,0x0000002a,
    0x00000841,0x00000001,0x0000002b,0x000008ee,0x00001e5b,0x00000840,0x00050051,0x00000006,
    0x00000843,0x00000841,0x00000000,0x00060052,0x0000000c,0x000012f1,0x00000843,0x00000747,
    0x00000000,0x00050051,0x00000006,0x00000845,0x00000841,0x00000001,0x00060052,0x0000000c,
    0x000012f3,0x00000845,0x000012f1,0x00000001,0x00050051,0x00000006,0x00000847,0x00000841,
    0x00000002,0x00060052,0x0000000c,0x000012f5,0x00000847,0x000012f3,0x00000002,0x000500b4,
    0x00000106,0x0000084a,0x000008f0,0x000000f8,0x000300f7,0x0000084d,0x00000000,0x000400fa,
    0x0000084a,0x0000084b,0x0000084d,0x000200f8,0x0000084b,0x00070050,0x0000000c,0x00001e35,
    0x00000843,0x00000845,0x00000847,0x000000f7,0x000200f9,0x0000084d,0x000200f8,0x0000084d,
    0x000700f5,0x0000000c,0x00001722,0x000012f5,0x00000837,0x00001e35,0x0000084b,0x00050051,
    0x00000006,0x0000084f,0x00001722,0x00000003,0x0008004f,0x0000002a,0x00000851,0x00001722,
    0x00001722,0x00000000,0x00000001,0x00000002,0x00060050,0x0000002a,0x00000852,0x0000084f,
    0x0000084f,0x0000084f,0x00050083,0x0000002a,0x00000853,0x00000852,0x00000851,0x0004003d,
    0x0000002a,0x00000856,0x000007b4,0x0005008e,0x0000002a,0x00000859,0x00000856,0x0000084f,
    0x00050088,0x0000002a,0x0000085a,0x00000853,0x00000859,0x0007000c,0x0000002a,0x0000085b,
    0x00000001,0x00000025,0x00001e15,0x0000085a,0x0006000c,0x0000002a,0x0000085d,0x00000001,
    0x00000006,0x00000853,0x000500b4,0x000001ff,0x00000860,0x00000856,0x00001e5b,0x000600a9,
    0x0000002a,0x00000861,0x00000860,0x0000085d,0x0000085b,0x00050083,0x0000002a,0x00000863,
    0x00001e15,0x00000861,0x0003003e,0x000007c6,0x00000863,0x000200f9,0x000008e8,0x000200f8,
    0x00000864,0x0004003d,0x0000002a,0x00000865,0x000007b4,0x00050085,0x0000002a,0x00000867,
    0x00000865,0x000008f9,0x00050081,0x0000002a,0x0000086b,0x00000865,0x000008f9,0x00050083,
    0x0000002a,0x0000086d,0x0000086b,0x00000867,0x00050083,0x0000002a,0x0000086f,0x0000086d,
    0x00001e14,0x000500ba,0x000001ff,0x00000872,0x00000865,0x00001e14,0x000600a9,0x0000002a,
    0x00000873,0x00000872,0x0000086f,0x00000867,0x0005008e,0x0000002a,0x00000874,0x00000873,
    0x000001f2,0x0003003e,0x000007c6,0x00000874,0x000200f9,0x000008e8,0x000200f8,0x00000875,
    0x000200f9,0x00000876,0x000200f8,0x00000876,0x000700f5,0x00000094,0x000016e6,0x0000027c,
    0x00000875,0x000008a4,0x000008a2,0x000500b1,0x00000106,0x00000879,0x000016e6,0x00000283,
    0x000400f6,0x000008a5,0x000008a2,0x00000000,0x000400fa,0x00000879,0x0000087a,0x000008a5,
    0x000200f8,0x0000087a,0x00050041,0x00000007,0x0000087c,0x000007b4,0x000016e6,0x0004003d,
    0x00000006,0x0000087d,0x0000087c,0x000500bc,0x00000106,0x0000087e,0x0000087d,0x000001f9,
    0x000300f7,0x000008a1,0x00000000,0x000400fa,0x0000087e,0x0000087f,0x00000886,0x000200f8,
    0x0000087f,0x00050041,0x00000007,0x00000882,0x000007c4,0x000016e6,0x0004003d,0x00000006,
    0x00000883,0x00000882,0x00050083,0x00000006,0x00000884,0x000000f7,0x00000883,0x00050041,
    0x00000007,0x00000885,0x000007c6,0x000016e6,0x0003003e,0x00000885,0x00000884,0x000200f9,
    0x000008a1,0x000200f8,0x00000886,0x00050041,0x00000007,0x00000888,0x000007c4,0x000016e6,
    0x0004003d,0x00000006,0x00000889,0x00000888,0x000500bc,0x00000106,0x0000088a,0x00000889,
    0x00000295,0x000300f7,0x000008a0,0x00000000,0x000400fa,0x0000088a,0x0000088b,0x00000898,
    0x000200f8,0x0000088b,0x0004003d,0x00000006,0x0000088f,0x00000888,0x00050085,0x00000006,
    0x00000890,0x0000029a,0x0000088f,0x00050083,0x00000006,0x00000891,0x00000890,0x0000029f,
    0x0004003d,0x00000006,0x00000894,0x00000888,0x00050085,0x00000006,0x00000895,0x00000891,
    0x00000894,0x00050081,0x00000006,0x00000896,0x00000895,0x000002a5,0x00050041,0x00000007,
    0x00000897,0x000007c6,0x000016e6,0x0003003e,0x00000897,0x00000896,0x000200f9,0x000008a0,
    0x000200f8,0x00000898,0x0004003d,0x00000006,0x0000089c,0x00000888,0x0006000c,0x00000006,
    0x0000089d,0x00000001,0x00000020,0x0000089c,0x00050083,0x00000006,0x0000089e,0x0000089d,
    0x000000f7,0x00050041,0x00000007,0x0000089f,0x000007c6,0x000016e6,0x0003003e,0x0000089f,
    0x0000089e,0x000200f9,0x000008a0,0x000200f8,0x000008a0,0x000200f9,0x000008a1,0x000200f8,
    0x000008a1,0x000200f9,0x000008a2,0x000200f8,0x000008a2,0x00050080,0x00000094,0x000008a4,
    0x000016e6,0x000002b1,0x000200f9,0x00000876,0x000200f8,0x000008a5,0x0004003d,0x0000002a,
    0x000008a8,0x000007b4,0x0005008e,0x0000002a,0x000008a9,0x000008a8,0x000001f2,0x00050083,
    0x0000002a,0x000008ab,0x000008a9,0x00001e15,0x00050085,0x0000002a,0x000008ac,0x000008f9,
    0x000008ab,0x0004003d,0x0000002a,0x000008ad,0x000007c6,0x00050085,0x0000002a,0x000008ae,
    0x000008ac,0x000008ad,0x00050081,0x0000002a,0x000008af,0x000008f9,0x000008ae,0x0003003e,
    0x000007c6,0x000008af,0x000200f9,0x000008e8,0x000200f8,0x000008b0,0x0004003d,0x0000002a,
    0x000008b2,0x000007b4,0x00050083,0x0000002a,0x000008b3,0x000008f9,0x000008b2,0x0006000c,
    0x0000002a,0x000008b4,0x00000001,0x00000004,0x000008b3,0x0003003e,0x000007c6,0x000008b4,
    0x000200f9,0x000008e8,0x000200f8,0x000008b5,0x0004003d,0x0000002a,0x000008b6,0x000007b4,
    0x00050081,0x0000002a,0x000008b8,0x000008b6,0x000008f9,0x0005008e,0x0000002a,0x000008ba,
    0x000008b6,0x000001f2,0x00050085,0x0000002a,0x000008bc,0x000008ba,0x000008f9,0x00050083,
    0x0000002a,0x000008bd,0x000008b8,0x000008bc,0x0003003e,0x000007c6,0x000008bd,0x000200f9,
    0x000008e8,0x000200f8,0x000008be,0x000300f7,0x000008c8,0x00000000,0x000400fa,0x000002cc,
    0x000008bf,0x000008c8,0x000200f8,0x000008bf,0x0004003d,0x0000002a,0x000008c0,0x000007b4,
    0x0008000c,0x0000002a,0x000008c3,0x00000001,0x0000002b,0x000008c0,0x00001e5b,0x00001e15,
    0x0003003e,0x000007b4,0x000008c3,0x00050051,0x00000006,0x000009b2,0x000008f9,0x00000000,
    0x00050051,0x00000006,0x000009b4,0x000008f9,0x00000001,0x0007000c,0x00000006,0x000009b5,
    0x00000001,0x00000028,0x000009b2,0x000009b4,0x00050051,0x00000006,0x000009ad,0x000008f9,
    0x00000002,0x0007000c,0x00000006,0x000009ae,0x00000001,0x00000028,0x000009b5,0x000009ad,
    0x0007000c,0x00000006,0x000009c5,0x00000001,0x00000025,0x000009b2,0x000009b4,0x0007000c,
    0x00000006,0x000009be,0x00000001,0x00000025,0x000009c5,0x000009ad,0x00050083,0x00000006,
    0x00000995,0x000009ae,0x000009be,0x00050051,0x00000006,0x000009d2,0x000008c3,0x00000000,
    0x00050051,0x00000006,0x000009d4,0x000008c3,0x00000001,0x0007000c,0x00000006,0x000009d5,
    0x00000001,0x00000025,0x000009d2,0x000009d4,0x00050051,0x00000006,0x000009cd,0x000008c3,
    0x00000002,0x0007000c,0x00000006,0x000009ce,0x00000001,0x00000025,0x000009d5,0x000009cd,
    0x00060050,0x0000002a,0x00000999,0x000009ce,0x000009ce,0x000009ce,0x00050083,0x0000002a,
    0x0000099a,0x000008c3,0x00000999,0x00050051,0x00000006,0x000009e2,0x0000099a,0x00000000,
    0x00050051,0x00000006,0x000009e4,0x0000099a,0x00000001,0x0007000c,0x00000006,0x000009e5,
    0x00000001,0x00000028,0x000009e2,0x000009e4,0x00050051,0x00000006,0x000009dd,0x0000099a,
    0x00000002,0x0007000c,0x00000006,0x000009de,0x00000001,0x00000028,0x000009e5,0x000009dd,
    0x0007000c,0x00000006,0x0000099f,0x00000001,0x00000028,0x0000018c,0x000009de,0x00050088,
    0x00000006,0x000009a0,0x00000995,0x0000099f,0x0005008e,0x0000002a,0x000009a3,0x0000099a,
    0x000009a0,0x00050094,0x00000006,0x00000a1e,0x000008f9,0x00001e5c,0x00050094,0x00000006,
    0x00000a30,0x000009a3,0x00001e5c,0x00060050,0x0000002a,0x000009fb,0x00000a30,0x00000a30,
    0x00000a30,0x00050083,0x0000002a,0x000009fc,0x000009a3,0x000009fb,0x00050083,0x00000006,
    0x000009fe,0x000000f7,0x00000a1e,0x00050050,0x00000012,0x00001e2f,0x00000a1e,0x000009fe,
    0x00050051,0x00000006,0x00000a57,0x000009fc,0x00000000,0x00050051,0x00000006,0x00000a59,
    0x000009fc,0x00000001,0x0007000c,0x00000006,0x00000a5a,0x00000001,0x00000025,0x00000a57,
    0x00000a59,0x00050051,0x00000006,0x00000a52,0x000009fc,0x00000002,0x0007000c,0x00000006,
    0x00000a53,0x00000001,0x00000025,0x00000a5a,0x00000a52,0x0004007f,0x00000006,0x00000a04,
    0x00000a53,0x0007000c,0x00000006,0x00000a6a,0x00000001,0x00000028,0x00000a57,0x00000a59,
    0x0007000c,0x00000006,0x00000a63,0x00000001,0x00000028,0x00000a6a,0x00000a52,0x00050050,
    0x00000012,0x00001e31,0x00000a04,0x00000a63,0x0007000c,0x00000012,0x00000a08,0x00000001,
    0x00000028,0x00001e5d,0x00001e31,0x00050088,0x00000012,0x00000a09,0x00001e2f,0x00000a08,
    0x00050051,0x00000006,0x00000a0c,0x00000a09,0x00000000,0x00050051,0x00000006,0x00000a0e,
    0x00000a09,0x00000001,0x0007000c,0x00000006,0x00000a0f,0x00000001,0x00000025,0x00000a0c,
    0x00000a0e,0x0007000c,0x00000006,0x00000a10,0x00000001,0x00000025,0x000000f7,0x00000a0f,
    0x0005008e,0x0000002a,0x00000a13,0x000009fc,0x00000a10,0x00060050,0x0000002a,0x00000a15,
    0x00000a1e,0x00000a1e,0x00000a1e,0x00050081,0x0000002a,0x00000a16,0x00000a13,0x00000a15,
    0x0003003e,0x000007c6,0x00000a16,0x000200f9,0x000008c8,0x000200f8,0x000008c8,0x000200f9,
    0x000008e8,0x000200f8,0x000008c9,0x000300f7,0x000008d3,0x00000000,0x000400fa,0x000002cc,
    0x000008ca,0x000008d3,0x000200f8,0x000008ca,0x0004003d,0x0000002a,0x000008cb,0x000007b4,
    0x0008000c,0x0000002a,0x000008ce,0x00000001,0x0000002b,0x000008cb,0x00001e5b,0x00001e15,
    0x0003003e,0x000007b4,0x000008ce,0x00050051,0x00000006,0x00000ab6,0x000008ce,0x00000000,
    0x00050051,0x00000006,0x00000ab8,0x000008ce,0x00000001,0x0007000c,0x00000006,0x00000ab9,
    0x00000001,0x00000028,0x00000ab6,0x00000ab8,0x00050051,0x00000006,0x00000ab1,0x000008ce,
    0x00000002,0x0007000c,0x00000006,0x00000ab2,0x00000001,0x00000028,0x00000ab9,0x00000ab1,
    0x0007000c,0x00000006,0x00000ac9,0x00000001,0x00000025,0x00000ab6,0x00000ab8,0x0007000c,
    0x00000006,0x00000ac2,0x00000001,0x00000025,0x00000ac9,0x00000ab1,0x00050083,0x00000006,
    0x00000a99,0x00000ab2,0x00000ac2,0x00050051,0x00000006,0x00000ad6,0x000008f9,0x00000000,
    0x00050051,0x00000006,0x00000ad8,0x000008f9,0x00000001,0x0007000c,0x00000006,0x00000ad9,
    0x00000001,0x00000025,0x00000ad6,0x00000ad8,0x00050051,0x00000006,0x00000ad1,0x000008f9,
    0x00000002,0x0007000c,0x00000006,0x00000ad2,0x00000001,0x00000025,0x00000ad9,0x00000ad1,
    0x00060050,0x0000002a,0x00000a9d,0x00000ad2,0x00000ad2,0x00000ad2,0x00050083,0x0000002a,
    0x00000a9e,0x000008f9,0x00000a9d,0x00050051,0x00000006,0x00000ae6,0x00000a9e,0x00000000,
    0x00050051,0x00000006,0x00000ae8,0x00000a9e,0x00000001,0x0007000c,0x00000006,0x00000ae9,
    0x00000001,0x00000028,0x00000ae6,0x00000ae8,0x00050051,0x00000006,0x00000ae1,0x00000a9e,
    0x00000002,0x0007000c,0x00000006,0x00000ae2,0x00000001,0x00000028,0x00000ae9,0x00000ae1,
    0x0007000c,0x00000006,0x00000aa3,0x00000001,0x00000028,0x0000018c,0x00000ae2,0x00050088,
    0x00000006,0x00000aa4,0x00000a99,0x00000aa3,0x0005008e,0x0000002a,0x00000aa7,0x00000a9e,
    0x00000aa4,0x00050094,0x00000006,0x00000b22,0x000008f9,0x00001e5c,0x00050094,0x00000006,
    0x00000b34,0x00000aa7,0x00001e5c,0x00060050,0x0000002a,0x00000aff,0x00000b34,0x00000b34,
    0x00000b34,0x00050083,0x0000002a,0x00000b00,0x00000aa7,0x00000aff,0x00050083,0x00000006,
    0x00000b02,0x000000f7,0x00000b22,0x00050050,0x00000012,0x00001e29,0x00000b22,0x00000b02,
    0x00050051,0x00000006,0x00000b5b,0x00000b00,0x00000000,0x00050051,0x00000006,0x00000b5d,
    0x00000b00,0x00000001,0x0007000c,0x00000006,0x00000b5e,0x00000001,0x00000025,0x00000b5b,
    0x00000b5d,0x00050051,0x00000006,0x00000b56,0x00000b00,0x00000002,0x0007000c,0x00000006,
    0x00000b57,0x00000001,0x00000025,0x00000b5e,0x00000b56,0x0004007f,0x00000006,0x00000b08,
    0x00000b57,0x0007000c,0x00000006,0x00000b6e,0x00000001,0x00000028,0x00000b5b,0x00000b5d,
    0x0007000c,0x00000006,0x00000b67,0x00000001,0x00000028,0x00000b6e,0x00000b56,0x00050050,
    0x00000012,0x00001e2b,0x00000b08,0x00000b67,0x0007000c,0x00000012,0x00000b0c,0x00000001,
    0x00000028,0x00001e5d,0x00001e2b,0x00050088,0x00000012,0x00000b0d,0x00001e29,0x00000b0c,
    0x00050051,0x00000006,0x00000b10,0x00000b0d,0x00000000,0x00050051,0x00000006,0x00000b12,
    0x00000b0d,0x00000001,0x0007000c,0x00000006,0x00000b13,0x00000001,0x00000025,0x00000b10,
    0x00000b12,0x0007000c,0x00000006,0x00000b14,0x00000001,0x00000025,0x000000f7,0x00000b13,
    0x0005008e,0x0000002a,0x00000b17,0x00000b00,0x00000b14,0x00060050,0x0000002a,0x00000b19,
    0x00000b22,0x00000b22,0x00000b22,0x00050081,0x0000002a,0x00000b1a,0x00000b17,0x00000b19,
    0x0003003e,0x000007c6,0x00000b1a,0x000200f9,0x000008d3,0x000200f8,0x000008d3,0x000200f9,
    0x000008e8,0x000200f8,0x000008d4,0x000300f7,0x000008dd,0x00000000,0x000400fa,0x000002cc,
    0x000008d5,0x000008dd,0x000200f8,0x000008d5,0x0004003d,0x0000002a,0x000008d6,0x000007b4,
    0x0008000c,0x0000002a,0x000008d9,0x00000001,0x0000002b,0x000008d6,0x00001e5b,0x00001e15,
    0x0003003e,0x000007b4,0x000008d9,0x00050094,0x00000006,0x00000bc6,0x000008f9,0x00001e5c,
    0x00050094,0x00000006,0x00000bd8,0x000008d9,0x00001e5c,0x00060050,0x0000002a,0x00000ba3,
    0x00000bd8,0x00000bd8,0x00000bd8,0x00050083,0x0000002a,0x00000ba4,0x000008d9,0x00000ba3,
    0x00050083,0x00000006,0x00000ba6,0x000000f7,0x00000bc6,0x00050050,0x00000012,0x00001e23,
    0x00000bc6,0x00000ba6,0x00050051,0x00000006,0x00000bff,0x00000ba4,0x00000000,0x00050051,
    0x00000006,0x00000c01,0x00000ba4,0x00000001,0x0007000c,0x00000006,0x00000c02,0x00000001,
    0x00000025,0x00000bff,0x00000c01,0x00050051,0x00000006,0x00000bfa,0x00000ba4,0x00000002,
    0x0007000c,0x00000006,0x00000bfb,0x00000001,0x00000025,0x00000c02,0x00000bfa,0x0004007f,
    0x00000006,0x00000bac,0x00000bfb,0x0007000c,0x00000006,0x00000c12,0x00000001,0x00000028,
    0x00000bff,0x00000c01,0x0007000c,0x00000006,0x00000c0b,0x00000001,0x00000028,0x00000c12,
    0x00000bfa,0x00050050,0x00000012,0x00001e25,0x00000bac,0x00000c0b,0x0007000c,0x00000012,
    0x00000bb0,0x00000001,0x00000028,0x00001e5d,0x00001e25,0x00050088,0x00000012,0x00000bb1,
    0x00001e23,0x00000bb0,0x00050051,0x00000006,0x00000bb4,0x00000bb1,0x00000000,0x00050051,
    0x00000006,0x00000bb6,0x00000bb1,0x00000001,0x0007000c,0x00000006,0x00000bb7,0x00000001,
    0x00000025,0x00000bb4,0x00000bb6,0x0007000c,0x00000006,0x00000bb8,0x00000001,0x00000025,
    0x000000f7,0x00000bb7,0x0005008e,0x0000002a,0x00000bbb,0x00000ba4,0x00000bb8,0x00060050,
    0x0000002a,0x00000bbd,0x00000bc6,0x00000bc6,0x00000bc6,0x00050081,0x0000002a,0x00000bbe,
    0x00000bbb,0x00000bbd,0x0003003e,0x000007c6,0x00000bbe,0x000200f9,0x000008dd,0x000200f8,
    0x000008dd,0x000200f9,0x000008e8,0x000200f8,0x000008de,0x000300f7,0x000008e7,0x00000000,
    0x000400fa,0x000002cc,0x000008df,0x000008e7,0x000200f8,0x000008df,0x0004003d,0x0000002a,
    0x000008e0,0x000007b4,0x0008000c,0x0000002a,0x000008e3,0x00000001,0x0000002b,0x000008e0,
    0x00001e5b,0x00001e15,0x0003003e,0x000007b4,0x000008e3,0x00050094,0x00000006,0x00000c6a,
    0x000008e3,0x00001e5c,0x00050094,0x00000006,0x00000c7c,0x000008f9,0x00001e5c,0x00060050,
    0x0000002a,0x00000c47,0x00000c7c,0x00000c7c,0x00000c7c,0x00050083,0x0000002a,0x00000c48,
    0x000008f9,0x00000c47,0x00050083,0x00000006,0x00000c4a,0x000000f7,0x00000c6a,0x00050050,
    0x00000012,0x00001e1d,0x00000c6a,0x00000c4a,0x00050051,0x00000006,0x00000ca3,0x00000c48,
    0x00000000,0x00050051,0x00000006,0x00000ca5,0x00000c48,0x00000001,0x0007000c,0x00000006,
    0x00000ca6,0x00000001,0x00000025,0x00000ca3,0x00000ca5,0x00050051,0x00000006,0x00000c9e,
    0x00000c48,0x00000002,0x0007000c,0x00000006,0x00000c9f,0x00000001,0x00000025,0x00000ca6,
    0x00000c9e,0x0004007f,0x00000006,0x00000c50,0x00000c9f,0x0007000c,0x00000006,0x00000cb6,
    0x00000001,0x00000028,0x00000ca3,0x00000ca5,0x0007000c,0x00000006,0x00000caf,0x00000001,
    0x00000028,0x00000cb6,0x00000c9e,0x00050050,0x00000012,0x00001e1f,0x00000c50,0x00000caf,
    0x0007000c,0x00000012,0x00000c54,0x00000001,0x00000028,0x00001e5d,0x00001e1f,0x00050088,
    0x00000012,0x00000c55,0x00001e1d,0x00000c54,0x00050051,0x00000006,0x00000c58,0x00000c55,
    0x00000000,0x00050051,0x00000006,0x00000c5a,0x00000c55,0x00000001,0x0007000c,0x00000006,
    0x00000c5b,0x00000001,0x00000025,0x00000c58,0x00000c5a,0x0007000c,0x00000006,0x00000c5c,
    0x00000001,0x00000025,0x000000f7,0x00000c5b,0x0005008e,0x0000002a,0x00000c5f,0x00000c48,
    0x00000c5c,0x00060050,0x0000002a,0x00000c61,0x00000c6a,0x00000c6a,0x00000c6a,0x00050081,
    0x0000002a,0x00000c62,0x00000c5f,0x00000c61,0x0003003e,0x000007c6,0x00000c62,0x000200f9,
    0x000008e7,0x000200f8,0x000008e7,0x000200f9,0x000008e8,0x000200f8,0x000008e8,0x0004003d,
    0x0000002a,0x000008e9,0x000007c6,0x00060050,0x0000002a,0x00001e39,0x000008f0,0x000008f0,
    0x000008f0,0x0008000c,0x0000002a,0x000007c3,0x00000001,0x0000002e,0x00000749,0x000008e9,
    0x00001e39,0x00050051,0x00000006,0x0000074e,0x000007c3,0x00000000,0x00060052,0x0000000c,
    0x000013dd,0x0000074e,0x00001555,0x00000000,0x00050051,0x00000006,0x00000750,0x000007c3,
    0x00000001,0x00060052,0x0000000c,0x000013df,0x00000750,0x000013dd,0x00000001,0x00050051,
    0x00000006,0x00000752,0x000007c3,0x00000002,0x00060052,0x0000000c,0x000013e1,0x00000752,
    0x000013df,0x00000002,0x000200f9,0x00000753,0x000200f8,0x00000753,0x000700f5,0x0000000c,
    0x000017b6,0x00001555,0x0000073d,0x000013e1,0x000008e8,0x00050051,0x00000006,0x00000755,
    0x000017b6,0x00000003,0x0008004f,0x0000002a,0x00000757,0x000017b6,0x000017b6,0x00000000,
    0x00000001,0x00000002,0x0005008e,0x0000002a,0x00000758,0x00000757,0x00000755,0x00050051,
    0x00000006,0x0000075a,0x00000758,0x00000000,0x00060052,0x0000000c,0x000013e4,0x0000075a,
    0x000017b6,0x00000000,0x00050051,0x00000006,0x0000075c,0x00000758,0x00000001,0x00060052,
    0x0000000c,0x000013e6,0x0000075c,0x000013e4,0x00000001,0x00050051,0x00000006,0x0000075e,
    0x00000758,0x00000002,0x00060052,0x0000000c,0x000013e8,0x0000075e,0x000013e6,0x00000002,
    0x000200f9,0x0000075f,0x000200f8,0x0000075f,0x000700f5,0x0000000c,0x000017c3,0x00001555,
    0x0000073b,0x000013e8,0x00000753,0x0005008e,0x0000000c,0x00000762,0x000017c3,0x00001540,
    0x000300f7,0x00000559,0x00000000,0x000400fa,0x000003bb,0x00000558,0x00000559,0x000200f8,
    0x00000558,0x0004003d,0x00000018,0x0000055c,0x0000055b,0x000500ab,0x00000106,0x0000055d,
    0x0000055c,0x000000c1,0x000200f9,0x00000559,0x000200f8,0x00000559,0x000700f5,0x00000106,
    0x0000055e,0x000003bb,0x0000075f,0x0000055d,0x00000558,0x000300f7,0x00000560,0x00000000,
    0x000400fa,0x0000055e,0x0000055f,0x00000560,0x000200f8,0x0000055f,0x000500ab,0x00000106,
    0x00000563,0x000017c5,0x000000c1,0x000300f7,0x00000566,0x00000000,0x000400fa,0x00000563,
    0x00000565,0x00000568,0x000200f8,0x00000565,0x000200f9,0x00000566,0x000200f8,0x00000568,
    0x00060041,0x000003cf,0x0000056a,0x000003ca,0x0000027c,0x00000514,0x0004003d,0x00000018,
    0x0000056b,0x0000056a,0x000200f9,0x00000566,0x000200f8,0x00000566,0x000700f5,0x00000018,
    0x000017dd,0x000017c5,0x00000565,0x0000056b,0x00000568,0x0004003d,0x00000018,0x0000056e,
    0x0000055b,0x000500c2,0x00000018,0x00000ccf,0x000017dd,0x00000383,0x000500aa,0x00000106,
    0x00000cd0,0x0000056e,0x00000ccf,0x000300f7,0x00000cd8,0x00000000,0x000400fa,0x00000cd0,
    0x00000cd1,0x00000cd7,0x000200f8,0x00000cd1,0x0006000c,0x00000012,0x00000cd4,0x00000001,
    0x0000003e,0x000017dd,0x00050051,0x00000006,0x00000cd5,0x00000cd4,0x00000000,0x0007000c,
    0x00000006,0x00000cd6,0x00000001,0x00000025,0x000017e7,0x00000cd5,0x000200f9,0x00000cd8,
    0x000200f8,0x00000cd7,0x000200f9,0x00000cd8,0x000200f8,0x00000cd8,0x000700f5,0x00000006,
    0x000017f9,0x00000cd6,0x00000cd1,0x000000f8,0x00000cd7,0x000200f9,0x00000560,0x000200f8,
    0x00000560,0x000700f5,0x00000006,0x00001de0,0x000017e7,0x00000559,0x000017f9,0x00000cd8,
    0x00050041,0x00000520,0x00000576,0x00000575,0x000000ee,0x0004003d,0x00000006,0x00000577,
    0x00000576,0x000500b7,0x00000106,0x00000578,0x00000577,0x000000f8,0x000300f7,0x0000057a,
    0x00000000,0x000400fa,0x00000578,0x00000579,0x0000057a,0x000200f8,0x00000579,0x0004003d,
    0x0000000c,0x0000057d,0x00000575,0x00050051,0x00000006,0x00000ce2,0x0000057d,0x00000002,
    0x000500ba,0x00000106,0x00000ce3,0x00000ce2,0x000000f8,0x000300f7,0x00000ceb,0x00000000,
    0x000400fa,0x00000ce3,0x00000ce4,0x00000ce7,0x000200f8,0x00000ce4,0x00050051,0x00000006,
    0x00000ce6,0x0000057d,0x00000000,0x000200f9,0x00000ceb,0x000200f8,0x00000ce7,0x0007004f,
    0x00000012,0x00000ce9,0x0000057d,0x0000057d,0x00000000,0x00000001,0x0006000c,0x00000006,
    0x00000cea,0x00000001,0x00000042,0x00000ce9,0x000200f9,0x00000ceb,0x000200f8,0x00000ceb,
    0x000700f5,0x00000006,0x000017fa,0x00000ce6,0x00000ce4,0x00000cea,0x00000ce7,0x0008000c,
    0x00000006,0x00000cee,0x00000001,0x0000002b,0x000017fa,0x000000f8,0x000000f7,0x0006000c,
    0x00000006,0x00000cf1,0x00000001,0x00000004,0x00000ce2,0x000500ba,0x00000106,0x00000cf3,
    0x00000cf1,0x000000f7,0x000300f7,0x00000cfd,0x00000000,0x000400fa,0x00000cf3,0x00000cf4,
    0x00000cf8,0x000200f8,0x00000cf4,0x00050085,0x00000006,0x00000cf6,0x00000360,0x00000cee,
    0x00050081,0x00000006,0x00000cf7,0x00000cf6,0x00000363,0x000200f9,0x00000cfd,0x000200f8,
    0x00000cf8,0x00050085,0x00000006,0x00000cfa,0x00000366,0x00000cee,0x00050081,0x00000006,
    0x00000cfc,0x00000cfa,0x00000cf1,0x000200f9,0x00000cfd,0x000200f8,0x00000cfd,0x000700f5,
    0x00000006,0x000017fb,0x00000cf7,0x00000cf4,0x00000cfc,0x00000cf8,0x00050051,0x00000006,
    0x00000d00,0x0000057d,0x00000003,0x00050050,0x00000012,0x00000d03,0x000017fb,0x00000d00,
    0x0004003d,0x0000047f,0x00000580,0x00000481,0x0004003d,0x00000483,0x00000581,0x00000485,
    0x00050056,0x00000487,0x00000582,0x00000580,0x00000581,0x00070058,0x0000000c,0x00000584,
    0x00000582,0x00000d03,0x00000002,0x000000f8,0x00050051,0x00000006,0x00000586,0x00000584,
    0x00000003,0x0008004f,0x0000002a,0x00000588,0x00000584,0x00000584,0x00000000,0x00000001,
    0x00000002,0x0005008e,0x0000002a,0x00000589,0x00000588,0x00000586,0x00050051,0x00000006,
    0x0000058b,0x00000589,0x00000000,0x00060052,0x0000000c,0x000013ef,0x0000058b,0x00000584,
    0x00000000,0x00050051,0x00000006,0x0000058d,0x00000589,0x00000001,0x00060052,0x0000000c,
    0x000013f1,0x0000058d,0x000013ef,0x00000001,0x00050051,0x00000006,0x0000058f,0x00000589,
    0x00000002,0x00060052,0x0000000c,0x000013f3,0x0000058f,0x000013f1,0x00000002,0x00050085,
    0x0000000c,0x00000592,0x0000051e,0x000013f3,0x000200f9,0x0000057a,0x000200f8,0x0000057a,
    0x000700f5,0x0000000c,0x0000181b,0x0000051e,0x00000560,0x00000592,0x00000cfd,0x0004003d,
    0x0000000c,0x00000594,0x00000593,0x00050085,0x0000000c,0x00000596,0x0000181b,0x00000594,
    0x000300f7,0x00000598,0x00000000,0x000400fa,0x00000425,0x00000597,0x00000598,0x000200f8,
    0x00000597,0x0004003d,0x00000018,0x0000059a,0x00000599,0x000500ab,0x00000106,0x0000059b,
    0x0000059a,0x000000c1,0x000200f9,0x00000598,0x000200f8,0x00000598,0x000700f5,0x00000106,
    0x0000059c,0x00000425,0x0000057a,0x0000059b,0x00000597,0x000300f7,0x0000059e,0x00000000,
    0x000400fa,0x0000059c,0x0000059d,0x0000059e,0x000200f8,0x0000059d,0x00060041,0x000003cf,
    0x000005a1,0x000004b6,0x0000027c,0x00000514,0x0004003d,0x00000018,0x000005a2,0x000005a1,
    0x0006000c,0x0000000c,0x000005a3,0x00000001,0x00000040,0x000005a2,0x00050051,0x00000006,
    0x000005a5,0x00000762,0x00000003,0x00050083,0x00000006,0x000005a6,0x000000f7,0x000005a5,
    0x0005008e,0x0000000c,0x000005a7,0x000005a3,0x000005a6,0x00050081,0x0000000c,0x000005a9,
    0x000005a7,0x00000762,0x0008004f,0x0000002a,0x00000d08,0x00000596,0x00000596,0x00000000,
    0x00000001,0x00000002,0x00050051,0x00000006,0x00000d0a,0x00000596,0x00000003,0x000500b7,
    0x00000106,0x00000d0b,0x00000d0a,0x000000f8,0x000300f7,0x00000d11,0x00000000,0x000400fa,
    0x00000d0b,0x00000d0c,0x00000d10,0x000200f8,0x00000d0c,0x00050088,0x00000006,0x00000d0f,
    0x000000f7,0x00000d0a,0x000200f9,0x00000d11,0x000200f8,0x00000d10,0x000200f9,0x00000d11,
    0x000200f8,0x00000d11,0x000700f5,0x00000006,0x00001825,0x00000d0f,0x00000d0c,0x000000f8,
    0x00000d10,0x0005008e,0x0000002a,0x00000d13,0x00000d08,0x00001825,0x0004003d,0x00000018,
    0x000005b1,0x00000599,0x0003003e,0x00000d15,0x00000d13,0x0008004f,0x0000002a,0x00000e4f,
    0x000005a9,0x000005a9,0x00000000,0x00000001,0x00000002,0x00050051,0x00000006,0x00000e51,
    0x000005a9,0x00000003,0x000500b7,0x00000106,0x00000e52,0x00000e51,0x000000f8,0x000300f7,
    0x00000e58,0x00000000,0x000400fa,0x00000e52,0x00000e53,0x00000e57,0x000200f8,0x00000e53,
    0x00050088,0x00000006,0x00000e56,0x000000f7,0x00000e51,0x000200f9,0x00000e58,0x000200f8,
    0x00000e57,0x000200f9,0x00000e58,0x000200f8,0x00000e58,0x000700f5,0x00000006,0x00001826,
    0x00000e56,0x00000e53,0x000000f8,0x00000e57,0x0005008e,0x0000002a,0x00000e5a,0x00000e4f,
    0x00001826,0x0003003e,0x00000d25,0x00000e5a,0x000300f7,0x00000e49,0x00000000,0x002100fb,
    0x000005b1,0x00000e49,0x0000000b,0x00000d50,0x00000001,0x00000d54,0x00000002,0x00000d5c,
    0x00000003,0x00000d6d,0x00000004,0x00000d71,0x00000005,0x00000d75,0x00000006,0x00000d98,
    0x00000007,0x00000dc5,0x00000008,0x00000dd6,0x00000009,0x00000e11,0x0000000a,0x00000e16,
    0x0000000c,0x00000e1f,0x0000000d,0x00000e2a,0x0000000e,0x00000e35,0x0000000f,0x00000e3f,
    0x000200f8,0x00000d50,0x0004003d,0x0000002a,0x00000d51,0x00000d15,0x00050085,0x0000002a,
    0x00000d53,0x00000d51,0x00000e5a,0x0003003e,0x00000d27,0x00000d53,0x000200f9,0x00000e49,
    0x000200f8,0x00000d54,0x0004003d,0x0000002a,0x00000d55,0x00000d15,0x00050081,0x0000002a,
    0x00000d57,0x00000d55,0x00000e5a,0x00050085,0x0000002a,0x00000d5a,0x00000d55,0x00000e5a,
    0x00050083,0x0000002a,0x00000d5b,0x00000d57,0x00000d5a,0x0003003e,0x00000d27,0x00000d5b,
    0x000200f9,0x00000e49,0x000200f8,0x00000d5c,0x0004003d,0x0000002a,0x00000d5d,0x00000d15,
    0x00050085,0x0000002a,0x00000d5f,0x00000d5d,0x00000e5a,0x00050081,0x0000002a,0x00000d63,
    0x00000d5d,0x00000e5a,0x00050083,0x0000002a,0x00000d65,0x00000d63,0x00000d5f,0x00050083,
    0x0000002a,0x00000d67,0x00000d65,0x00001e14,0x000500ba,0x000001ff,0x00000d6a,0x00000e5a,
    0x00001e14,0x000600a9,0x0000002a,0x00000d6b,0x00000d6a,0x00000d67,0x00000d5f,0x0005008e,
    0x0000002a,0x00000d6c,0x00000d6b,0x000001f2,0x0003003e,0x00000d27,0x00000d6c,0x000200f9,
    0x00000e49,0x000200f8,0x00000d6d,0x0004003d,0x0000002a,0x00000d6e,0x00000d15,0x0007000c,
    0x0000002a,0x00000d70,0x00000001,0x00000025,0x00000d6e,0x00000e5a,0x0003003e,0x00000d27,
    0x00000d70,0x000200f9,0x00000e49,0x000200f8,0x00000d71,0x0004003d,0x0000002a,0x00000d72,
    0x00000d15,0x0007000c,0x0000002a,0x00000d74,0x00000001,0x00000028,0x00000d72,0x00000e5a,
    0x0003003e,0x00000d27,0x00000d74,0x000200f9,0x00000e49,0x000200f8,0x00000d75,0x0008004f,
    0x0000002a,0x00000d7a,0x000005a9,0x000005a9,0x00000003,0x00000003,0x00000003,0x0008000c,
    0x0000002a,0x00000d7b,0x00000001,0x0000002b,0x00000e4f,0x00001e5b,0x00000d7a,0x00050051,
    0x00000006,0x00000d7d,0x00000d7b,0x00000000,0x00060052,0x0000000c,0x00001406,0x00000d7d,
    0x00001e5e,0x00000000,0x00050051,0x00000006,0x00000d7f,0x00000d7b,0x00000001,0x00060052,
    0x0000000c,0x00001408,0x00000d7f,0x00001406,0x00000001,0x00050051,0x00000006,0x00000d81,
    0x00000d7b,0x00000002,0x00060052,0x0000000c,0x0000140a,0x00000d81,0x00001408,0x00000002,
    0x0004003d,0x0000002a,0x00000d82,0x00000d15,0x00050083,0x0000002a,0x00000d84,0x00001e15,
    0x00000d82,0x0008000c,0x0000002a,0x00000d87,0x00000001,0x0000002b,0x00000d84,0x00001e5b,
    0x00001e15,0x0005008e,0x0000002a,0x00000d8a,0x00000d87,0x00000e51,0x0008004f,0x0000002a,
    0x00000d8d,0x0000140a,0x0000140a,0x00000000,0x00000001,0x00000002,0x00050088,0x0000002a,
    0x00000d8f,0x00000d8d,0x00000d8a,0x0007000c,0x0000002a,0x00000d90,0x00000001,0x00000025,
    0x00001e15,0x00000d8f,0x0006000c,0x0000002a,0x00000d93,0x00000001,0x00000006,0x00000d8d,
    0x000500b4,0x000001ff,0x00000d96,0x00000d8a,0x00001e5b,0x000600a9,0x0000002a,0x00000d97,
    0x00000d96,0x00000d93,0x00000d90,0x0003003e,0x00000d27,0x00000d97,0x000200f9,0x00000e49,
    0x000200f8,0x00000d98,0x0004003d,0x0000002a,0x00000d99,0x00000d15,0x0008000c,0x0000002a,
    0x00000d9c,0x00000001,0x0000002b,0x00000d99,0x00001e5b,0x00001e15,0x0003003e,0x00000d15,
    0x00000d9c,0x0008004f,0x0000002a,0x00000da1,0x000005a9,0x000005a9,0x00000003,0x00000003,
    0x00000003,0x0008000c,0x0000002a,0x00000da2,0x00000001,0x0000002b,0x00000e4f,0x00001e5b,
    0x00000da1,0x00050051,0x00000006,0x00000da4,0x00000da2,0x00000000,0x00060052,0x0000000c,
    0x00001437,0x00000da4,0x000005a9,0x00000000,0x00050051,0x00000006,0x00000da6,0x00000da2,
    0x00000001,0x00060052,0x0000000c,0x00001439,0x00000da6,0x00001437,0x00000001,0x00050051,
    0x00000006,0x00000da8,0x00000da2,0x00000002,0x00060052,0x0000000c,0x0000143b,0x00000da8,
    0x00001439,0x00000002,0x000500b4,0x00000106,0x00000dab,0x00000e51,0x000000f8,0x000300f7,
    0x00000dae,0x00000000,0x000400fa,0x00000dab,0x00000dac,0x00000dae,0x000200f8,0x00000dac,
    0x00070050,0x0000000c,0x00001e55,0x00000da4,0x00000da6,0x00000da8,0x000000f7,0x000200f9,
    0x00000dae,0x000200f8,0x00000dae,0x000700f5,0x0000000c,0x00001c8b,0x0000143b,0x00000d98,
    0x00001e55,0x00000dac,0x00050051,0x00000006,0x00000db0,0x00001c8b,0x00000003,0x0008004f,
    0x0000002a,0x00000db2,0x00001c8b,0x00001c8b,0x00000000,0x00000001,0x00000002,0x00060050,
    0x0000002a,0x00000db3,0x00000db0,0x00000db0,0x00000db0,0x00050083,0x0000002a,0x00000db4,
    0x00000db3,0x00000db2,0x0004003d,0x0000002a,0x00000db7,0x00000d15,0x0005008e,0x0000002a,
    0x00000dba,0x00000db7,0x00000db0,0x00050088,0x0000002a,0x00000dbb,0x00000db4,0x00000dba,
    0x0007000c,0x0000002a,0x00000dbc,0x00000001,0x00000025,0x00001e15,0x00000dbb,0x0006000c,
    0x0000002a,0x00000dbe,0x00000001,0x00000006,0x00000db4,0x000500b4,0x000001ff,0x00000dc1,
    0x00000db7,0x00001e5b,0x000600a9,0x0000002a,0x00000dc2,0x00000dc1,0x00000dbe,0x00000dbc,
    0x00050083,0x0000002a,0x00000dc4,0x00001e15,0x00000dc2,0x0003003e,0x00000d27,0x00000dc4,
    0x000200f9,0x00000e49,0x000200f8,0x00000dc5,0x0004003d,0x0000002a,0x00000dc6,0x00000d15,
    0x00050085,0x0000002a,0x00000dc8,0x00000dc6,0x00000e5a,0x00050081,0x0000002a,0x00000dcc,
    0x00000dc6,0x00000e5a,0x00050083,0x0000002a,0x00000dce,0x00000dcc,0x00000dc8,0x00050083,
    0x0000002a,0x00000dd0,0x00000dce,0x00001e14,0x000500ba,0x000001ff,0x00000dd3,0x00000dc6,
    0x00001e14,0x000600a9,0x0000002a,0x00000dd4,0x00000dd3,0x00000dd0,0x00000dc8,0x0005008e,
    0x0000002a,0x00000dd5,0x00000dd4,0x000001f2,0x0003003e,0x00000d27,0x00000dd5,0x000200f9,
    0x00000e49,0x000200f8,0x00000dd6,0x000200f9,0x00000dd7,0x000200f8,0x00000dd7,0x000700f5,
    0x00000094,0x00001bfb,0x0000027c,0x00000dd6,0x00000e05,0x00000e03,0x000500b1,0x00000106,
    0x00000dda,0x00001bfb,0x00000283,0x000400f6,0x00000e06,0x00000e03,0x00000000,0x000400fa,
    0x00000dda,0x00000ddb,0x00000e06,0x000200f8,0x00000ddb,0x00050041,0x00000007,0x00000ddd,
    0x00000d15,0x00001bfb,0x0004003d,0x00000006,0x00000dde,0x00000ddd,0x000500bc,0x00000106,
    0x00000ddf,0x00000dde,0x000001f9,0x000300f7,0x00000e02,0x00000000,0x000400fa,0x00000ddf,
    0x00000de0,0x00000de7,0x000200f8,0x00000de0,0x00050041,0x00000007,0x00000de3,0x00000d25,
    0x00001bfb,0x0004003d,0x00000006,0x00000de4,0x00000de3,0x00050083,0x00000006,0x00000de5,
    0x000000f7,0x00000de4,0x00050041,0x00000007,0x00000de6,0x00000d27,0x00001bfb,0x0003003e,
    0x00000de6,0x00000de5,0x000200f9,0x00000e02,0x000200f8,0x00000de7,0x00050041,0x00000007,
    0x00000de9,0x00000d25,0x00001bfb,0x0004003d,0x00000006,0x00000dea,0x00000de9,0x000500bc,
    0x00000106,0x00000deb,0x00000dea,0x00000295,0x000300f7,0x00000e01,0x00000000,0x000400fa,
    0x00000deb,0x00000dec,0x00000df9,0x000200f8,0x00000dec,0x0004003d,0x00000006,0x00000df0,
    0x00000de9,0x00050085,0x00000006,0x00000df1,0x0000029a,0x00000df0,0x00050083,0x00000006,
    0x00000df2,0x00000df1,0x0000029f,0x0004003d,0x00000006,0x00000df5,0x00000de9,0x00050085,
    0x00000006,0x00000df6,0x00000df2,0x00000df5,0x00050081,0x00000006,0x00000df7,0x00000df6,
    0x000002a5,0x00050041,0x00000007,0x00000df8,0x00000d27,0x00001bfb,0x0003003e,0x00000df8,
    0x00000df7,0x000200f9,0x00000e01,0x000200f8,0x00000df9,0x0004003d,0x00000006,0x00000dfd,
    0x00000de9,0x0006000c,0x00000006,0x00000dfe,0x00000001,0x00000020,0x00000dfd,0x00050083,
    0x00000006,0x00000dff,0x00000dfe,0x000000f7,0x00050041,0x00000007,0x00000e00,0x00000d27,
    0x00001bfb,0x0003003e,0x00000e00,0x00000dff,0x000200f9,0x00000e01,0x000200f8,0x00000e01,
    0x000200f9,0x00000e02,0x000200f8,0x00000e02,0x000200f9,0x00000e03,0x000200f8,0x00000e03,
    0x00050080,0x00000094,0x00000e05,0x00001bfb,0x000002b1,0x000200f9,0x00000dd7,0x000200f8,
    0x00000e06,0x0004003d,0x0000002a,0x00000e09,0x00000d15,0x0005008e,0x0000002a,0x00000e0a,
    0x00000e09,0x000001f2,0x00050083,0x0000002a,0x00000e0c,0x00000e0a,0x00001e15,0x00050085,
    0x0000002a,0x00000e0d,0x00000e5a,0x00000e0c,0x0004003d,0x0000002a,0x00000e0e,0x00000d27,
    0x00050085,0x0000002a,0x00000e0f,0x00000e0d,0x00000e0e,0x00050081,0x0000002a,0x00000e10,
    0x00000e5a,0x00000e0f,0x0003003e,0x00000d27,0x00000e10,0x000200f9,0x00000e49,0x000200f8,
    0x00000e11,0x0004003d,0x0000002a,0x00000e13,0x00000d15,0x00050083,0x0000002a,0x00000e14,
    0x00000e5a,0x00000e13,0x0006000c,0x0000002a,0x00000e15,0x00000001,0x00000004,0x00000e14,
    0x0003003e,0x00000d27,0x00000e15,0x000200f9,0x00000e49,0x000200f8,0x00000e16,0x0004003d,
    0x0000002a,0x00000e17,0x00000d15,0x00050081,0x0000002a,0x00000e19,0x00000e17,0x00000e5a,
    0x0005008e,0x0000002a,0x00000e1b,0x00000e17,0x000001f2,0x00050085,0x0000002a,0x00000e1d,
    0x00000e1b,0x00000e5a,0x00050083,0x0000002a,0x00000e1e,0x00000e19,0x00000e1d,0x0003003e,
    0x00000d27,0x00000e1e,0x000200f9,0x00000e49,0x000200f8,0x00000e1f,0x000300f7,0x00000e29,
    0x00000000,0x000400fa,0x000002cc,0x00000e20,0x00000e29,0x000200f8,0x00000e20,0x0004003d,
    0x0000002a,0x00000e21,0x00000d15,0x0008000c,0x0000002a,0x00000e24,0x00000001,0x0000002b,
    0x00000e21,0x00001e5b,0x00001e15,0x0003003e,0x00000d15,0x00000e24,0x00050051,0x00000006,
    0x00000f13,0x00000e5a,0x00000000,0x00050051,0x00000006,0x00000f15,0x00000e5a,0x00000001,
    0x0007000c,0x00000006,0x00000f16,0x00000001,0x00000028,0x00000f13,0x00000f15,0x00050051,
    0x00000006,0x00000f0e,0x00000e5a,0x00000002,0x0007000c,0x00000006,0x00000f0f,0x00000001,
    0x00000028,0x00000f16,0x00000f0e,0x0007000c,0x00000006,0x00000f26,0x00000001,0x00000025,
    0x00000f13,0x00000f15,0x0007000c,0x00000006,0x00000f1f,0x00000001,0x00000025,0x00000f26,
    0x00000f0e,0x00050083,0x00000006,0x00000ef6,0x00000f0f,0x00000f1f,0x00050051,0x00000006,
    0x00000f33,0x00000e24,0x00000000,0x00050051,0x00000006,0x00000f35,0x00000e24,0x00000001,
    0x0007000c,0x00000006,0x00000f36,0x00000001,0x00000025,0x00000f33,0x00000f35,0x00050051,
    0x00000006,0x00000f2e,0x00000e24,0x00000002,0x0007000c,0x00000006,0x00000f2f,0x00000001,
    0x00000025,0x00000f36,0x00000f2e,0x00060050,0x0000002a,0x00000efa,0x00000f2f,0x00000f2f,
    0x00000f2f,0x00050083,0x0000002a,0x00000efb,0x00000e24,0x00000efa,0x00050051,0x00000006,
    0x00000f43,0x00000efb,0x00000000,0x00050051,0x00000006,0x00000f45,0x00000efb,0x00000001,
    0x0007000c,0x00000006,0x00000f46,0x00000001,0x00000028,0x00000f43,0x00000f45,0x00050051,
    0x00000006,0x00000f3e,0x00000efb,0x00000002,0x0007000c,0x00000006,0x00000f3f,0x00000001,
    0x00000028,0x00000f46,0x00000f3e,0x0007000c,0x00000006,0x00000f00,0x00000001,0x00000028,
    0x0000018c,0x00000f3f,0x00050088,0x00000006,0x00000f01,0x00000ef6,0x00000f00,0x0005008e,
    0x0000002a,0x00000f04,0x00000efb,0x00000f01,0x00050094,0x00000006,0x00000f7f,0x00000e5a,
    0x00001e5c,0x00050094,0x00000006,0x00000f91,0x00000f04,0x00001e5c,0x00060050,0x0000002a,
    0x00000f5c,0x00000f91,0x00000f91,0x00000f91,0x00050083,0x0000002a,0x00000f5d,0x00000f04,
    0x00000f5c,0x00050083,0x00000006,0x00000f5f,0x000000f7,0x00000f7f,0x00050050,0x00000012,
    0x00001e4f,0x00000f7f,0x00000f5f,0x00050051,0x00000006,0x00000fb8,0x00000f5d,0x00000000,
    0x00050051,0x00000006,0x00000fba,0x00000f5d,0x00000001,0x0007000c,0x00000006,0x00000fbb,
    0x00000001,0x00000025,0x00000fb8,0x00000fba,0x00050051,0x00000006,0x00000fb3,0x00000f5d,
    0x00000002,0x0007000c,0x00000006,0x00000fb4,0x00000001,0x00000025,0x00000fbb,0x00000fb3,
    0x0004007f,0x00000006,0x00000f65,0x00000fb4,0x0007000c,0x00000006,0x00000fcb,0x00000001,
    0x00000028,0x00000fb8,0x00000fba,0x0007000c,0x00000006,0x00000fc4,0x00000001,0x00000028,
    0x00000fcb,0x00000fb3,0x00050050,0x00000012,0x00001e51,0x00000f65,0x00000fc4,0x0007000c,
    0x00000012,0x00000f69,0x00000001,0x00000028,0x00001e5d,0x00001e51,0x00050088,0x00000012,
    0x00000f6a,0x00001e4f,0x00000f69,0x00050051,0x00000006,0x00000f6d,0x00000f6a,0x00000000,
    0x00050051,0x00000006,0x00000f6f,0x00000f6a,0x00000001,0x0007000c,0x00000006,0x00000f70,
    0x00000001,0x00000025,0x00000f6d,0x00000f6f,0x0007000c,0x00000006,0x00000f71,0x00000001,
    0x00000025,0x000000f7,0x00000f70,0x0005008e,0x0000002a,0x00000f74,0x00000f5d,0x00000f71,
    0x00060050,0x0000002a,0x00000f76,0x00000f7f,0x00000f7f,0x00000f7f,0x00050081,0x0000002a,
    0x00000f77,0x00000f74,0x00000f76,0x0003003e,0x00000d27,0x00000f77,0x000200f9,0x00000e29,
    0x000200f8,0x00000e29,0x000200f9,0x00000e49,0x000200f8,0x00000e2a,0x000300f7,0x00000e34,
    0x00000000,0x000400fa,0x000002cc,0x00000e2b,0x00000e34,0x000200f8,0x00000e2b,0x0004003d,
    0x0000002a,0x00000e2c,0x00000d15,0x0008000c,0x0000002a,0x00000e2f,0x00000001,0x0000002b,
    0x00000e2c,0x00001e5b,0x00001e15,0x0003003e,0x00000d15,0x00000e2f,0x00050051,0x00000006,
    0x00001017,0x00000e2f,0x00000000,0x00050051,0x00000006,0x00001019,0x00000e2f,0x00000001,
    0x0007000c,0x00000006,0x0000101a,0x00000001,0x00000028,0x00001017,0x00001019,0x00050051,
    0x00000006,0x00001012,0x00000e2f,0x00000002,0x0007000c,0x00000006,0x00001013,0x00000001,
    0x00000028,0x0000101a,0x00001012,0x0007000c,0x00000006,0x0000102a,0x00000001,0x00000025,
    0x00001017,0x00001019,0x0007000c,0x00000006,0x00001023,0x00000001,0x00000025,0x0000102a,
    0x00001012,0x00050083,0x00000006,0x00000ffa,0x00001013,0x00001023,0x00050051,0x00000006,
    0x00001037,0x00000e5a,0x00000000,0x00050051,0x00000006,0x00001039,0x00000e5a,0x00000001,
    0x0007000c,0x00000006,0x0000103a,0x00000001,0x00000025,0x00001037,0x00001039,0x00050051,
    0x00000006,0x00001032,0x00000e5a,0x00000002,0x0007000c,0x00000006,0x00001033,0x00000001,
    0x00000025,0x0000103a,0x00001032,0x00060050,0x0000002a,0x00000ffe,0x00001033,0x00001033,
    0x00001033,0x00050083,0x0000002a,0x00000fff,0x00000e5a,0x00000ffe,0x00050051,0x00000006,
    0x00001047,0x00000fff,0x00000000,0x00050051,0x00000006,0x00001049,0x00000fff,0x00000001,
    0x0007000c,0x00000006,0x0000104a,0x00000001,0x00000028,0x00001047,0x00001049,0x00050051,
    0x00000006,0x00001042,0x00000fff,0x00000002,0x0007000c,0x00000006,0x00001043,0x00000001,
    0x00000028,0x0000104a,0x00001042,0x0007000c,0x00000006,0x00001004,0x00000001,0x00000028,
    0x0000018c,0x00001043,0x00050088,0x00000006,0x00001005,0x00000ffa,0x00001004,0x0005008e,
    0x0000002a,0x00001008,0x00000fff,0x00001005,0x00050094,0x00000006,0x00001083,0x00000e5a,
    0x00001e5c,0x00050094,0x00000006,0x00001095,0x00001008,0x00001e5c,0x00060050,0x0000002a,
    0x00001060,0x00001095,0x00001095,0x00001095,0x00050083,0x0000002a,0x00001061,0x00001008,
    0x00001060,0x00050083,0x00000006,0x00001063,0x000000f7,0x00001083,0x00050050,0x00000012,
    0x00001e49,0x00001083,0x00001063,0x00050051,0x00000006,0x000010bc,0x00001061,0x00000000,
    0x00050051,0x00000006,0x000010be,0x00001061,0x00000001,0x0007000c,0x00000006,0x000010bf,
    0x00000001,0x00000025,0x000010bc,0x000010be,0x00050051,0x00000006,0x000010b7,0x00001061,
    0x00000002,0x0007000c,0x00000006,0x000010b8,0x00000001,0x00000025,0x000010bf,0x000010b7,
    0x0004007f,0x00000006,0x00001069,0x000010b8,0x0007000c,0x00000006,0x000010cf,0x00000001,
    0x00000028,0x000010bc,0x000010be,0x0007000c,0x00000006,0x000010c8,0x00000001,0x00000028,
    0x000010cf,0x000010b7,0x00050050,0x00000012,0x00001e4b,0x00001069,0x000010c8,0x0007000c,
    0x00000012,0x0000106d,0x00000001,0x00000028,0x00001e5d,0x00001e4b,0x00050088,0x00000012,
    0x0000106e,0x00001e49,0x0000106d,0x00050051,0x00000006,0x00001071,0x0000106e,0x00000000,
    0x00050051,0x00000006,0x00001073,0x0000106e,0x00000001,0x0007000c,0x00000006,0x00001074,
    0x00000001,0x00000025,0x00001071,0x00001073,0x0007000c,0x00000006,0x00001075,0x00000001,
    0x00000025,0x000000f7,0x00001074,0x0005008e,0x0000002a,0x00001078,0x00001061,0x00001075,
    0x00060050,0x0000002a,0x0000107a,0x00001083,0x00001083,0x00001083,0x00050081,0x0000002a,
    0x0000107b,0x00001078,0x0000107a,0x0003003e,0x00000d27,0x0000107b,0x000200f9,0x00000e34,
    0x000200f8,0x00000e34,0x000200f9,0x00000e49,0x000200f8,0x00000e35,0x000300f7,0x00000e3e,
    0x00000000,0x000400fa,0x000002cc,0x00000e36,0x00000e3e,0x000200f8,0x00000e36,0x0004003d,
    0x0000002a,0x00000e37,0x00000d15,0x0008000c,0x0000002a,0x00000e3a,0x00000001,0x0000002b,
    0x00000e37,0x00001e5b,0x00001e15,0x0003003e,0x00000d15,0x00000e3a,0x00050094,0x00000006,
    0x00001127,0x00000e5a,0x00001e5c,0x00050094,0x00000006,0x00001139,0x00000e3a,0x00001e5c,
    0x00060050,0x0000002a,0x00001104,0x00001139,0x00001139,0x00001139,0x00050083,0x0000002a,
    0x00001105,0x00000e3a,0x00001104,0x00050083,0x00000006,0x00001107,0x000000f7,0x00001127,
    0x00050050,0x00000012,0x00001e43,0x00001127,0x00001107,0x00050051,0x00000006,0x00001160,
    0x00001105,0x00000000,0x00050051,0x00000006,0x00001162,0x00001105,0x00000001,0x0007000c,
    0x00000006,0x00001163,0x00000001,0x00000025,0x00001160,0x00001162,0x00050051,0x00000006,
    0x0000115b,0x00001105,0x00000002,0x0007000c,0x00000006,0x0000115c,0x00000001,0x00000025,
    0x00001163,0x0000115b,0x0004007f,0x00000006,0x0000110d,0x0000115c,0x0007000c,0x00000006,
    0x00001173,0x00000001,0x00000028,0x00001160,0x00001162,0x0007000c,0x00000006,0x0000116c,
    0x00000001,0x00000028,0x00001173,0x0000115b,0x00050050,0x00000012,0x00001e45,0x0000110d,
    0x0000116c,0x0007000c,0x00000012,0x00001111,0x00000001,0x00000028,0x00001e5d,0x00001e45,
    0x00050088,0x00000012,0x00001112,0x00001e43,0x00001111,0x00050051,0x00000006,0x00001115,
    0x00001112,0x00000000,0x00050051,0x00000006,0x00001117,0x00001112,0x00000001,0x0007000c,
    0x00000006,0x00001118,0x00000001,0x00000025,0x00001115,0x00001117,0x0007000c,0x00000006,
    0x00001119,0x00000001,0x00000025,0x000000f7,0x00001118,0x0005008e,0x0000002a,0x0000111c,
    0x00001105,0x00001119,0x00060050,0x0000002a,0x0000111e,0x00001127,0x00001127,0x00001127,
    0x00050081,0x0000002a,0x0000111f,0x0000111c,0x0000111e,0x0003003e,0x00000d27,0x0000111f,
    0x000200f9,0x00000e3e,0x000200f8,0x00000e3e,0x000200f9,0x00000e49,0x000200f8,0x00000e3f,
    0x000300f7,0x00000e48,0x00000000,0x000400fa,0x000002cc,0x00000e40,0x00000e48,0x000200f8,
    0x00000e40,0x0004003d,0x0000002a,0x00000e41,0x00000d15,0x0008000c,0x0000002a,0x00000e44,
    0x00000001,0x0000002b,0x00000e41,0x00001e5b,0x00001e15,0x0003003e,0x00000d15,0x00000e44,
    0x00050094,0x00000006,0x000011cb,0x00000e44,0x00001e5c,0x00050094,0x00000006,0x000011dd,
    0x00000e5a,0x00001e5c,0x00060050,0x0000002a,0x000011a8,0x000011dd,0x000011dd,0x000011dd,
    0x00050083,0x0000002a,0x000011a9,0x00000e5a,0x000011a8,0x00050083,0x00000006,0x000011ab,
    0x000000f7,0x000011cb,0x00050050,0x00000012,0x00001e3d,0x000011cb,0x000011ab,0x00050051,
    0x00000006,0x00001204,0x000011a9,0x00000000,0x00050051,0x00000006,0x00001206,0x000011a9,
    0x00000001,0x0007000c,0x00000006,0x00001207,0x00000001,0x00000025,0x00001204,0x00001206,
    0x00050051,0x00000006,0x000011ff,0x000011a9,0x00000002,0x0007000c,0x00000006,0x00001200,
    0x00000001,0x00000025,0x00001207,0x000011ff,0x0004007f,0x00000006,0x000011b1,0x00001200,
    0x0007000c,0x00000006,0x00001217,0x00000001,0x00000028,0x00001204,0x00001206,0x0007000c,
    0x00000006,0x00001210,0x00000001,0x00000028,0x00001217,0x000011ff,0x00050050,0x00000012,
    0x00001e3f,0x000011b1,0x00001210,0x0007000c,0x00000012,0x000011b5,0x00000001,0x00000028,
    0x00001e5d,0x00001e3f,0x00050088,0x00000012,0x000011b6,0x00001e3d,0x000011b5,0x00050051,
    0x00000006,0x000011b9,0x000011b6,0x00000000,0x00050051,0x00000006,0x000011bb,0x000011b6,
    0x00000001,0x0007000c,0x00000006,0x000011bc,0x00000001,0x00000025,0x000011b9,0x000011bb,
    0x0007000c,0x00000006,0x000011bd,0x00000001,0x00000025,0x000000f7,0x000011bc,0x0005008e,
    0x0000002a,0x000011c0,0x000011a9,0x000011bd,0x00060050,0x0000002a,0x000011c2,0x000011cb,
    0x000011cb,0x000011cb,0x00050081,0x0000002a,0x000011c3,0x000011c0,0x000011c2,0x0003003e,
    0x00000d27,0x000011c3,0x000200f9,0x00000e48,0x000200f8,0x00000e48,0x000200f9,0x00000e49,
    0x000200f8,0x00000e49,0x0004003d,0x0000002a,0x00000e4a,0x00000d27,0x00060050,0x0000002a,
    0x00001e59,0x00000e51,0x00000e51,0x00000e51,0x0008000c,0x0000002a,0x00000d24,0x00000001,
    0x0000002e,0x00000d13,0x00000e4a,0x00001e59,0x0005008e,0x0000002a,0x000005b5,0x00000d24,
    0x00000d0a,0x00050051,0x00000006,0x000005b7,0x000005b5,0x00000000,0x00060052,0x0000000c,
    0x00001524,0x000005b7,0x00000596,0x00000000,0x00050051,0x00000006,0x000005b9,0x000005b5,
    0x00000001,0x00060052,0x0000000c,0x00001526,0x000005b9,0x00001524,0x00000001,0x00050051,
    0x00000006,0x000005bb,0x000005b5,0x00000002,0x00060052,0x0000000c,0x00001528,0x000005bb,
    0x00001526,0x00000002,0x000200f9,0x0000059e,0x000200f8,0x0000059e,0x000700f5,0x0000000c,
    0x00001dee,0x00000596,0x00000598,0x00001528,0x00000e49,0x0005008e,0x0000000c,0x000005be,
    0x00001dee,0x00001de0,0x00050051,0x00000006,0x000005c1,0x000005be,0x00000003,0x00050083,
    0x00000006,0x000005c2,0x000000f7,0x000005c1,0x0005008e,0x0000000c,0x000005c3,0x00000762,
    0x000005c2,0x00050081,0x0000000c,0x000005c5,0x000005c3,0x000005be,0x0008004f,0x0000002a,
    0x000005ca,0x000005c5,0x000005c5,0x00000000,0x00000001,0x00000002,0x00050051,0x00000006,
    0x000005cd,0x000005c5,0x00000003,0x00050041,0x00000477,0x000005d2,0x00000475,0x000005c6,
    0x0004003d,0x00000006,0x000005d3,0x000005d2,0x00050041,0x00000477,0x000005d5,0x00000475,
    0x000005c7,0x0004003d,0x00000006,0x000005d6,0x000005d5,0x000500b7,0x00000106,0x00001234,
    0x000005cd,0x000000f8,0x000500a7,0x00000106,0x00001235,0x00000159,0x00001234,0x000300f7,
    0x00001240,0x00000000,0x000400fa,0x00001235,0x00001236,0x0000123e,0x000200f8,0x00001236,
    0x00050051,0x00000006,0x00001247,0x00000504,0x00000000,0x00050085,0x00000006,0x00001248,
    0x00000143,0x00001247,0x00050051,0x00000006,0x0000124a,0x00000504,0x00000001,0x00050085,
    0x00000006,0x0000124b,0x00000147,0x0000124a,0x00050081,0x00000006,0x0000124c,0x00001248,
    0x0000124b,0x0006000c,0x00000006,0x0000124d,0x00000001,0x0000000a,0x0000124c,0x00050085,
    0x00000006,0x0000124f,0x0000014e,0x0000124d,0x0006000c,0x00000006,0x00001250,0x00000001,
    0x0000000a,0x0000124f,0x00050085,0x00000006,0x00001253,0x00001250,0x000005d3,0x00050081,
    0x00000006,0x00001255,0x00001253,0x000005d6,0x00060050,0x0000002a,0x0000123c,0x00001255,
    0x00001255,0x00001255,0x00050081,0x0000002a,0x0000123d,0x0000123c,0x000005ca,0x000200f9,
    0x00001240,0x000200f8,0x0000123e,0x000200f9,0x00001240,0x000200f8,0x00001240,0x000700f5,
    0x0000002a,0x00001dfb,0x0000123d,0x00001236,0x000005ca,0x0000123e,0x00050051,0x00000006,
    0x000005d9,0x00001dfb,0x00000000,0x00060052,0x0000000c,0x0000152e,0x000005d9,0x000005c5,
    0x00000000,0x00050051,0x00000006,0x000005db,0x00001dfb,0x00000001,0x00060052,0x0000000c,
    0x00001530,0x000005db,0x0000152e,0x00000001,0x00050051,0x00000006,0x000005dd,0x00001dfb,
    0x00000002,0x00060052,0x0000000c,0x00001532,0x000005dd,0x00001530,0x00000002,0x000300f7,
    0x0000127b,0x00000000,0x000300fb,0x000000c1,0x00001259,0x000200f8,0x00001259,0x00050081,
    0x00000006,0x0000125e,0x000005d9,0x000005db,0x00050081,0x00000006,0x00001261,0x0000125e,
    0x000005dd,0x00050081,0x00000006,0x00001264,0x00001261,0x000005cd,0x000500b4,0x00000106,
    0x00001265,0x00001264,0x000000f8,0x000300f7,0x00001267,0x00000000,0x000400fa,0x00001265,
    0x00001266,0x00001267,0x000200f8,0x00001266,0x000200f9,0x0000127b,0x000200f8,0x00001267,
    0x00050083,0x00000006,0x0000126a,0x000000f7,0x000005cd,0x000500b7,0x00000106,0x0000126c,
    0x0000126a,0x000000f8,0x000300f7,0x00001276,0x00000000,0x000400fa,0x0000126c,0x0000126d,
    0x00001276,0x000200f8,0x0000126d,0x00060041,0x000003cf,0x0000126f,0x000004b6,0x0000027c,
    0x00000514,0x0004003d,0x00000018,0x00001270,0x0000126f,0x0006000c,0x0000000c,0x00001271,
    0x00000001,0x00000040,0x00001270,0x0005008e,0x0000000c,0x00001273,0x00001271,0x0000126a,
    0x00050081,0x0000000c,0x00001275,0x00001532,0x00001273,0x000200f9,0x00001276,0x000200f8,
    0x00001276,0x000700f5,0x0000000c,0x00001dfd,0x00001532,0x00001267,0x00001275,0x0000126d,
    0x0006000c,0x00000018,0x00001279,0x00000001,0x00000037,0x00001dfd,0x00060041,0x000003cf,
    0x0000127a,0x000004b6,0x0000027c,0x00000514,0x0003003e,0x0000127a,0x00001279,0x000200f9,
    0x0000127b,0x000200f8,0x0000127b,0x000500ab,0x00000106,0x0000127e,0x000017c5,0x000000c1,
    0x000300f7,0x00001283,0x00000000,0x000400fa,0x0000127e,0x0000127f,0x00001283,0x000200f8,
    0x0000127f,0x00060041,0x000003cf,0x00001282,0x000003ca,0x0000027c,0x00000514,0x0003003e,
    0x00001282,0x000017c5,0x000200f9,0x00001283,0x000200f8,0x00001283,0x0003003e,0x00000539,
    0x000005e9,0x000100fd,0x00010038,
};
